strategy,step,price,action,reward,cumulative_reward,regime
AlwaysLong,0,100.0000,0,0.0000,0.0000,0
AlwaysLong,1,100.7999,0,0.1619,0.1619,0
AlwaysLong,2,100.9631,0,0.9522,1.1141,0
AlwaysLong,3,101.9244,0,1.8397,2.9538,0
AlwaysLong,4,103.7996,0,0.0659,3.0197,0
AlwaysLong,5,103.8679,0,0.0659,3.0856,0
AlwaysLong,6,103.9364,0,1.8970,4.9825,0
AlwaysLong,7,105.9080,0,1.0732,6.0557,0
AlwaysLong,8,107.0446,0,-0.1693,5.8864,0
AlwaysLong,9,106.8633,0,0.8461,6.7325,0
AlwaysLong,10,107.7675,0,-0.1633,6.5692,0
AlwaysLong,11,107.5916,0,-0.1656,6.4036,0
AlwaysLong,12,107.4134,0,0.5434,6.9470,0
AlwaysLong,13,107.9971,0,-1.6003,5.3467,0
AlwaysLong,14,106.2688,0,-1.4148,3.9319,0
AlwaysLong,15,104.7653,0,-0.2619,3.6699,0
AlwaysLong,16,104.4909,0,-0.7103,2.9596,0
AlwaysLong,17,103.7487,0,0.6161,3.5758,0
AlwaysLong,18,104.3879,0,-0.6062,2.9696,0
AlwaysLong,19,103.7551,0,-1.1061,1.8635,0
AlwaysLong,20,102.6074,0,1.7813,3.6448,0
AlwaysLong,21,104.4352,0,0.0743,3.7190,0
AlwaysLong,22,104.5128,0,0.3682,4.0873,0
AlwaysLong,23,104.8976,0,-1.1184,2.9688,0
AlwaysLong,24,103.7244,0,-0.2441,2.7247,0
AlwaysLong,25,103.4712,0,0.4118,3.1365,0
AlwaysLong,26,103.8972,0,-0.8474,2.2891,0
AlwaysLong,27,103.0168,0,0.6780,2.9671,0
AlwaysLong,28,103.7153,0,-0.3002,2.6669,0
AlwaysLong,29,103.4039,0,0.0083,2.6752,0
AlwaysLong,30,103.4125,0,-0.3013,2.3740,0
AlwaysLong,31,103.1010,0,2.1756,4.5496,0
AlwaysLong,32,105.3441,0,0.2869,4.8365,0
AlwaysLong,33,105.6463,0,-0.7548,4.0816,0
AlwaysLong,34,104.8488,0,1.1289,5.2105,0
AlwaysLong,35,106.0325,0,-0.9166,4.2939,0
AlwaysLong,36,105.0605,0,0.5102,4.8040,0
AlwaysLong,37,105.5965,0,-1.6460,3.1581,0
AlwaysLong,38,103.8584,0,-1.0229,2.1352,0
AlwaysLong,39,102.7960,0,0.4981,2.6333,0
AlwaysLong,40,103.3081,0,1.0439,3.6771,0
AlwaysLong,41,104.3865,0,0.4725,4.1496,0
AlwaysLong,42,104.8797,0,0.1845,4.3341,0
AlwaysLong,43,105.0732,0,-0.0011,4.3330,0
AlwaysLong,44,105.0720,0,-1.1716,3.1614,0
AlwaysLong,45,103.8410,0,-0.4190,2.7425,0
AlwaysLong,46,103.4060,0,-0.1605,2.5819,0
AlwaysLong,47,103.2400,0,1.3664,3.9483,0
AlwaysLong,48,104.6506,0,0.6457,4.5940,0
AlwaysLong,49,105.3264,0,-1.4524,3.1416,0
AlwaysLong,50,103.7966,0,0.6260,3.7677,0
AlwaysLong,51,104.4464,0,-0.0850,3.6826,0
AlwaysLong,52,104.3576,0,-0.3762,3.3064,0
AlwaysLong,53,103.9650,0,0.9158,4.2222,0
AlwaysLong,54,104.9171,0,1.3399,5.5621,0
AlwaysLong,55,106.3229,0,1.2389,6.8010,0
AlwaysLong,56,107.6401,0,-0.5378,6.2633,0
AlwaysLong,57,107.0613,0,-0.0092,6.2541,0
AlwaysLong,58,107.0514,0,0.6333,6.8873,0
AlwaysLong,59,107.7293,0,1.2837,8.1710,0
AlwaysLong,60,109.1123,0,-0.1790,7.9920,0
AlwaysLong,61,108.9169,0,0.1144,8.1064,0
AlwaysLong,62,109.0416,0,-0.8031,7.3033,0
AlwaysLong,63,108.1658,0,-0.8922,6.4111,0
AlwaysLong,64,107.2008,0,1.1187,7.5299,0
AlwaysLong,65,108.4001,0,1.6700,9.1999,0
AlwaysLong,66,110.2104,0,0.2282,9.4281,0
AlwaysLong,67,110.4620,0,1.3121,10.7402,0
AlwaysLong,68,111.9113,0,0.6638,11.4040,0
AlwaysLong,69,112.6542,0,-0.3445,11.0595,0
AlwaysLong,70,112.2661,0,0.6636,11.7231,0
AlwaysLong,71,113.0111,0,1.8550,13.5781,0
AlwaysLong,72,115.1074,0,0.2645,13.8427,0
AlwaysLong,73,115.4119,0,1.8821,15.7248,0
AlwaysLong,74,117.5841,0,-2.2930,13.4318,0
AlwaysLong,75,114.8879,0,1.1282,14.5600,0
AlwaysLong,76,116.1841,0,0.3878,14.9478,0
AlwaysLong,77,116.6346,0,0.0010,14.9488,0
AlwaysLong,78,116.6358,0,0.3925,15.3413,0
AlwaysLong,79,117.0936,0,-1.6734,13.6679,0
AlwaysLong,80,115.1342,0,0.0804,13.7482,0
AlwaysLong,81,115.2267,0,0.6593,14.4075,0
AlwaysLong,82,115.9863,0,1.7938,16.2013,0
AlwaysLong,83,118.0669,0,-0.2180,15.9833,0
AlwaysLong,84,117.8095,0,-0.5072,15.4761,0
AlwaysLong,85,117.2119,0,-0.2016,15.2745,0
AlwaysLong,86,116.9757,0,1.2228,16.4973,0
AlwaysLong,87,118.4061,0,0.6307,17.1281,0
AlwaysLong,88,119.1529,0,-0.2295,16.8986,0
AlwaysLong,89,118.8795,0,0.8166,17.7152,0
AlwaysLong,90,119.8502,0,0.3979,18.1130,0
AlwaysLong,91,120.3271,0,1.2767,19.3898,0
AlwaysLong,92,121.8633,0,-0.4012,18.9885,0
AlwaysLong,93,121.3743,0,-0.0277,18.9608,0
AlwaysLong,94,121.3408,0,-0.0921,18.8688,0
AlwaysLong,95,121.2291,0,-1.1568,17.7120,0
AlwaysLong,96,119.8267,0,0.5979,18.3099,0
AlwaysLong,97,120.5432,0,0.5626,18.8725,0
AlwaysLong,98,121.2214,0,0.3056,19.1781,0
AlwaysLong,99,121.5918,0,0.0654,19.2436,0
AlwaysLong,100,121.6714,0,-1.1092,18.1344,0
AlwaysLong,101,120.3218,0,-0.1206,18.0138,0
AlwaysLong,102,120.1767,0,-0.0427,17.9711,0
AlwaysLong,103,120.1254,0,-0.5010,17.4701,0
AlwaysLong,104,119.5236,0,0.1388,17.6089,0
AlwaysLong,105,119.6895,0,0.7065,18.3154,0
AlwaysLong,106,120.5351,0,2.2103,20.5257,0
AlwaysLong,107,123.1993,0,0.4757,21.0014,0
AlwaysLong,108,123.7853,0,0.5591,21.5605,0
AlwaysLong,109,124.4774,0,0.2258,21.7863,0
AlwaysLong,110,124.7585,0,-1.6057,20.1806,0
AlwaysLong,111,122.7552,0,0.2739,20.4544,0
AlwaysLong,112,123.0914,0,0.3609,20.8153,0
AlwaysLong,113,123.5356,0,2.8018,23.6171,0
AlwaysLong,114,126.9968,0,0.1077,23.7248,0
AlwaysLong,115,127.1336,0,0.6034,24.3281,0
AlwaysLong,116,127.9006,0,0.2656,24.5938,0
AlwaysLong,117,128.2404,0,-0.8649,23.7289,0
AlwaysLong,118,127.1312,0,1.4533,25.1822,0
AlwaysLong,119,128.9788,0,1.0575,26.2396,0
AlwaysLong,120,130.3427,0,1.0970,27.3366,0
AlwaysLong,121,131.7726,0,-0.6075,26.7291,0
AlwaysLong,122,130.9720,0,1.7174,28.4465,0
AlwaysLong,123,133.2213,0,-1.0958,27.3507,0
AlwaysLong,124,131.7615,0,0.8908,28.2415,0
AlwaysLong,125,132.9352,0,2.5217,30.7632,0
AlwaysLong,126,136.2875,0,-0.6882,30.0750,0
AlwaysLong,127,135.3496,0,-0.2659,29.8091,0
AlwaysLong,128,134.9896,0,0.4005,30.2096,0
AlwaysLong,129,135.5302,0,-0.2033,30.0063,0
AlwaysLong,130,135.2547,0,-1.2429,28.7634,0
AlwaysLong,131,133.5737,0,0.3692,29.1327,0
AlwaysLong,132,134.0669,0,-0.7594,28.3733,0
AlwaysLong,133,133.0488,0,0.7766,29.1498,0
AlwaysLong,134,134.0820,0,-0.6175,28.5323,0
AlwaysLong,135,133.2540,0,1.8672,30.3995,0
AlwaysLong,136,135.7421,0,-0.4821,29.9174,0
AlwaysLong,137,135.0877,0,-0.0221,29.8953,0
AlwaysLong,138,135.0579,0,1.1197,31.0151,0
AlwaysLong,139,136.5702,0,-0.9265,30.0885,0
AlwaysLong,140,135.3048,0,0.5289,30.6174,0
AlwaysLong,141,136.0204,0,1.6201,32.2375,0
AlwaysLong,142,138.2241,0,-1.2990,30.9385,0
AlwaysLong,143,136.4286,0,0.4858,31.4244,0
AlwaysLong,144,137.0914,0,0.5615,31.9858,0
AlwaysLong,145,137.8611,0,1.0877,33.0735,0
AlwaysLong,146,139.3606,0,-0.9326,32.1409,0
AlwaysLong,147,138.0609,0,-1.0153,31.1257,0
AlwaysLong,148,136.6593,0,0.8253,31.9510,0
AlwaysLong,149,137.7871,0,0.5988,32.5498,0
AlwaysLong,150,138.6122,0,0.5520,33.1018,0
AlwaysLong,151,139.3773,0,0.6485,33.7503,0
AlwaysLong,152,140.2812,0,-0.3793,33.3710,0
AlwaysLong,153,139.7492,0,0.5337,33.9047,0
AlwaysLong,154,140.4950,0,0.5948,34.4995,0
AlwaysLong,155,141.3307,0,-0.4135,34.0860,0
AlwaysLong,156,140.7463,0,2.1894,36.2754,0
AlwaysLong,157,143.8278,0,0.7768,37.0523,0
AlwaysLong,158,144.9451,0,-0.8873,36.1649,0
AlwaysLong,159,143.6589,0,0.9611,37.1261,0
AlwaysLong,160,145.0397,0,-0.6724,36.4536,0
AlwaysLong,161,144.0644,0,1.0930,37.5467,0
AlwaysLong,162,145.6391,0,1.4693,39.0159,0
AlwaysLong,163,147.7789,0,-0.5193,38.4966,0
AlwaysLong,164,147.0115,0,1.2714,39.7680,0
AlwaysLong,165,148.8805,0,0.7153,40.4833,0
AlwaysLong,166,149.9455,0,1.1284,41.6117,0
AlwaysLong,167,151.6375,0,2.2211,43.8328,0
AlwaysLong,168,155.0055,0,0.0546,43.8874,0
AlwaysLong,169,155.0902,0,-0.4527,43.4347,0
AlwaysLong,170,154.3881,0,-0.5878,42.8469,0
AlwaysLong,171,153.4806,0,-0.5145,42.3325,0
AlwaysLong,172,152.6910,0,0.2231,42.5556,0
AlwaysLong,173,153.0317,0,0.6432,43.1988,0
AlwaysLong,174,154.0160,0,0.5784,43.7772,0
AlwaysLong,175,154.9068,0,1.1336,44.9107,0
AlwaysLong,176,156.6627,0,0.3135,45.2242,0
AlwaysLong,177,157.1539,0,1.7690,46.9932,0
AlwaysLong,178,159.9339,0,0.0353,47.0286,0
AlwaysLong,179,159.9905,0,3.0662,50.0948,0
AlwaysLong,180,164.8961,0,0.9300,51.0248,0
AlwaysLong,181,166.4296,0,-0.5556,50.4692,0
AlwaysLong,182,165.5049,0,-0.7679,49.7012,0
AlwaysLong,183,164.2340,0,0.7855,50.4868,0
AlwaysLong,184,165.5241,0,0.0766,50.5634,0
AlwaysLong,185,165.6508,0,1.0192,51.5825,0
AlwaysLong,186,167.3391,0,0.7762,52.3587,0
AlwaysLong,187,168.6380,0,0.2274,52.5862,0
AlwaysLong,188,169.0216,0,-0.5453,52.0409,0
AlwaysLong,189,168.0999,0,-1.2075,50.8334,0
AlwaysLong,190,166.0701,0,-0.1464,50.6870,0
AlwaysLong,191,165.8269,0,1.1631,51.8501,0
AlwaysLong,192,167.7557,0,0.5154,52.3655,0
AlwaysLong,193,168.6203,0,-0.9413,51.4242,0
AlwaysLong,194,167.0331,0,0.4743,51.8985,0
AlwaysLong,195,167.8254,0,0.6877,52.5862,0
AlwaysLong,196,168.9795,0,-0.5822,52.0040,0
AlwaysLong,197,167.9957,0,0.4548,52.4588,0
AlwaysLong,198,168.7597,0,0.3589,52.8176,0
AlwaysLong,199,169.3653,0,-0.8394,51.9782,0
AlwaysLong,200,167.9436,0,0.1704,52.1486,0
AlwaysLong,201,168.2298,0,0.2582,52.4068,1
AlwaysLong,202,168.6642,0,0.4923,52.8992,1
AlwaysLong,203,169.4946,0,0.4516,53.3508,1
AlwaysLong,204,170.2601,0,-0.7154,52.6354,1
AlwaysLong,205,169.0421,0,-0.4763,52.1591,1
AlwaysLong,206,168.2369,0,0.2362,52.3953,1
AlwaysLong,207,168.6343,0,0.2233,52.6186,1
AlwaysLong,208,169.0108,0,0.2122,52.8308,1
AlwaysLong,209,169.3695,0,1.7777,54.6085,1
AlwaysLong,210,172.3803,0,0.1363,54.7448,1
AlwaysLong,211,172.6152,0,0.3910,55.1357,1
AlwaysLong,212,173.2901,0,0.2862,55.4219,1
AlwaysLong,213,173.7860,0,0.1318,55.5537,1
AlwaysLong,214,174.0150,0,-0.3194,55.2343,1
AlwaysLong,215,173.4592,0,0.1911,55.4253,1
AlwaysLong,216,173.7906,0,-0.5240,54.9013,1
AlwaysLong,217,172.8800,0,-0.2524,54.6490,1
AlwaysLong,218,172.4437,0,-0.3556,54.2933,1
AlwaysLong,219,171.8304,0,-0.0750,54.2184,1
AlwaysLong,220,171.7016,0,0.9690,55.1874,1
AlwaysLong,221,173.3654,0,-1.0180,54.1694,1
AlwaysLong,222,171.6005,0,0.2134,54.3827,1
AlwaysLong,223,171.9667,0,-0.8672,53.5155,1
AlwaysLong,224,170.4753,0,-0.2957,53.2198,1
AlwaysLong,225,169.9712,0,0.4529,53.6727,1
AlwaysLong,226,170.7410,0,-0.0518,53.6209,1
AlwaysLong,227,170.6525,0,-0.5846,53.0363,1
AlwaysLong,228,169.6549,0,-0.3877,52.6486,1
AlwaysLong,229,168.9971,0,0.2905,52.9391,1
AlwaysLong,230,169.4881,0,-0.3903,52.5488,1
AlwaysLong,231,168.8266,0,0.0764,52.6252,1
AlwaysLong,232,168.9556,0,-0.0084,52.6168,1
AlwaysLong,233,168.9414,0,-0.3381,52.2788,1
AlwaysLong,234,168.3703,0,1.0060,53.2848,1
AlwaysLong,235,170.0641,0,0.2359,53.5206,1
AlwaysLong,236,170.4652,0,-1.0244,52.4963,1
AlwaysLong,237,168.7190,0,0.0654,52.5617,1
AlwaysLong,238,168.8294,0,-0.3398,52.2219,1
AlwaysLong,239,168.2557,0,0.3960,52.6179,1
AlwaysLong,240,168.9220,0,-0.4043,52.2136,1
AlwaysLong,241,168.2391,0,-0.0633,52.1503,1
AlwaysLong,242,168.1325,0,0.2347,52.3849,1
AlwaysLong,243,168.5271,0,0.3937,52.7786,1
AlwaysLong,244,169.1905,0,-0.6044,52.1742,1
AlwaysLong,245,168.1679,0,-0.1658,52.0084,1
AlwaysLong,246,167.8891,0,-0.2247,51.7837,1
AlwaysLong,247,167.5119,0,-0.2991,51.4846,1
AlwaysLong,248,167.0108,0,0.8736,52.3582,1
AlwaysLong,249,168.4698,0,0.1767,52.5349,1
AlwaysLong,250,168.7675,0,-0.6221,51.9128,1
AlwaysLong,251,167.7176,0,0.4446,52.3573,1
AlwaysLong,252,168.4632,0,0.9924,53.3497,1
AlwaysLong,253,170.1349,0,0.4211,53.7707,1
AlwaysLong,254,170.8513,0,-0.7965,52.9742,1
AlwaysLong,255,169.4904,0,-0.2742,52.7000,1
AlwaysLong,256,169.0257,0,0.5676,53.2676,1
AlwaysLong,257,169.9851,0,-0.3931,52.8745,1
AlwaysLong,258,169.3169,0,0.1691,53.0437,1
AlwaysLong,259,169.6033,0,0.3165,53.3601,1
AlwaysLong,260,170.1400,0,-0.5004,52.8598,1
AlwaysLong,261,169.2887,0,-0.0679,52.7919,1
AlwaysLong,262,169.1738,0,-1.5691,51.2228,1
AlwaysLong,263,166.5193,0,-0.4494,50.7734,1
AlwaysLong,264,165.7710,0,-0.0564,50.7171,1
AlwaysLong,265,165.6776,0,-0.5341,50.1829,1
AlwaysLong,266,164.7926,0,0.8881,51.0710,1
AlwaysLong,267,166.2561,0,-0.6374,50.4336,1
AlwaysLong,268,165.1964,0,-0.1300,50.3036,1
AlwaysLong,269,164.9817,0,0.1532,50.4568,1
AlwaysLong,270,165.2344,0,0.7798,51.2366,1
AlwaysLong,271,166.5229,0,-0.6471,50.5894,1
AlwaysLong,272,165.4452,0,0.6379,51.2274,1
AlwaysLong,273,166.5007,0,0.0482,51.2756,1
AlwaysLong,274,166.5810,0,-0.4305,50.8452,1
AlwaysLong,275,165.8639,0,0.2856,51.1307,1
AlwaysLong,276,166.3376,0,0.1440,51.2748,1
AlwaysLong,277,166.5771,0,-0.2472,51.0275,1
AlwaysLong,278,166.1653,0,0.0871,51.1146,1
AlwaysLong,279,166.3100,0,-0.1362,50.9784,1
AlwaysLong,280,166.0835,0,0.1107,51.0891,1
AlwaysLong,281,166.2673,0,0.3690,51.4581,1
AlwaysLong,282,166.8808,0,0.7922,52.2502,1
AlwaysLong,283,168.2028,0,-0.5964,51.6538,1
AlwaysLong,284,167.1996,0,1.0428,52.6966,1
AlwaysLong,285,168.9432,0,-0.9540,51.7427,1
AlwaysLong,286,167.3315,0,-0.0543,51.6884,1
AlwaysLong,287,167.2407,0,0.3024,51.9908,1
AlwaysLong,288,167.7465,0,0.1399,52.1307,1
AlwaysLong,289,167.9812,0,-0.2977,51.8331,1
AlwaysLong,290,167.4811,0,-0.0856,51.7474,1
AlwaysLong,291,167.3377,0,-0.2176,51.5299,1
AlwaysLong,292,166.9736,0,-0.2533,51.2765,1
AlwaysLong,293,166.5506,0,0.4499,51.7264,1
AlwaysLong,294,167.3000,0,0.1900,51.9164,1
AlwaysLong,295,167.6178,0,-0.3210,51.5954,1
AlwaysLong,296,167.0797,0,0.4566,52.0520,1
AlwaysLong,297,167.8426,0,0.1495,52.2015,1
AlwaysLong,298,168.0935,0,0.3824,52.5839,1
AlwaysLong,299,168.7363,0,0.2750,52.8589,1
AlwaysLong,300,169.2004,0,-0.4291,52.4298,1
AlwaysLong,301,168.4743,0,-0.2818,52.1481,1
AlwaysLong,302,167.9996,0,0.3542,52.5022,1
AlwaysLong,303,168.5947,0,0.2703,52.7726,1
AlwaysLong,304,169.0504,0,-0.0426,52.7299,1
AlwaysLong,305,168.9784,0,0.0249,52.7549,1
AlwaysLong,306,169.0205,0,0.5729,53.3277,1
AlwaysLong,307,169.9888,0,-0.3386,52.9892,1
AlwaysLong,308,169.4133,0,0.2150,53.2042,1
AlwaysLong,309,169.7775,0,-0.1493,53.0549,1
AlwaysLong,310,169.5240,0,-0.1493,52.9055,1
AlwaysLong,311,169.2708,0,0.4801,53.3856,1
AlwaysLong,312,170.0835,0,0.3253,53.7110,1
AlwaysLong,313,170.6368,0,0.3025,54.0134,1
AlwaysLong,314,171.1530,0,0.5164,54.5299,1
AlwaysLong,315,172.0369,0,-0.1092,54.4207,1
AlwaysLong,316,171.8490,0,0.2038,54.6245,1
AlwaysLong,317,172.1993,0,-0.2677,54.3568,1
AlwaysLong,318,171.7383,0,0.0405,54.3973,1
AlwaysLong,319,171.8079,0,-0.1731,54.2243,1
AlwaysLong,320,171.5106,0,-0.0587,54.1655,1
AlwaysLong,321,171.4098,0,0.1767,54.3422,1
AlwaysLong,322,171.7127,0,-0.4910,53.8512,1
AlwaysLong,323,170.8696,0,0.8940,54.7453,1
AlwaysLong,324,172.3972,0,-0.5960,54.1493,1
AlwaysLong,325,171.3697,0,-0.6668,53.4825,1
AlwaysLong,326,170.2271,0,0.4772,53.9597,1
AlwaysLong,327,171.0394,0,0.2798,54.2395,1
AlwaysLong,328,171.5179,0,0.1869,54.4264,1
AlwaysLong,329,171.8385,0,0.1792,54.6056,1
AlwaysLong,330,172.1465,0,-0.1278,54.4778,1
AlwaysLong,331,171.9265,0,-0.5333,53.9445,1
AlwaysLong,332,171.0096,0,-0.0542,53.8903,1
AlwaysLong,333,170.9169,0,-0.4039,53.4864,1
AlwaysLong,334,170.2265,0,0.3912,53.8776,1
AlwaysLong,335,170.8925,0,-0.1551,53.7224,1
AlwaysLong,336,170.6274,0,-0.4657,53.2568,1
AlwaysLong,337,169.8328,0,-0.2070,53.0498,1
AlwaysLong,338,169.4812,0,0.1496,53.1993,1
AlwaysLong,339,169.7347,0,-0.3185,52.8808,1
AlwaysLong,340,169.1942,0,-0.4257,52.4551,1
AlwaysLong,341,168.4738,0,0.1000,52.5551,1
AlwaysLong,342,168.6423,0,0.0955,52.6506,1
AlwaysLong,343,168.8033,0,-0.2657,52.3849,1
AlwaysLong,344,168.3548,0,-0.2360,52.1488,1
AlwaysLong,345,167.9574,0,0.1101,52.2589,1
AlwaysLong,346,168.1423,0,-0.6949,51.5641,1
AlwaysLong,347,166.9739,0,-0.6453,50.9188,1
AlwaysLong,348,165.8965,0,-0.2848,50.6340,1
AlwaysLong,349,165.4241,0,-0.0271,50.6069,1
AlwaysLong,350,165.3793,0,0.2279,50.8349,1
AlwaysLong,351,165.7562,0,0.7780,51.6129,1
AlwaysLong,352,167.0459,0,0.4376,52.0505,1
AlwaysLong,353,167.7769,0,-0.0713,51.9792,1
AlwaysLong,354,167.6573,0,-0.0005,51.9787,1
AlwaysLong,355,167.6564,0,-0.4698,51.5089,1
AlwaysLong,356,166.8687,0,0.0233,51.5322,1
AlwaysLong,357,166.9076,0,-0.1073,51.4249,1
AlwaysLong,358,166.7285,0,0.1913,51.6162,1
AlwaysLong,359,167.0474,0,-0.3693,51.2468,1
AlwaysLong,360,166.4305,0,0.2951,51.5419,1
AlwaysLong,361,166.9216,0,0.7652,52.3071,1
AlwaysLong,362,168.1989,0,-0.0593,52.2478,1
AlwaysLong,363,168.0991,0,0.1866,52.4344,1
AlwaysLong,364,168.4127,0,0.3139,52.7483,1
AlwaysLong,365,168.9414,0,-0.2195,52.5288,1
AlwaysLong,366,168.5705,0,0.0878,52.6165,1
AlwaysLong,367,168.7184,0,-0.0170,52.5995,1
AlwaysLong,368,168.6898,0,0.0242,52.6237,1
AlwaysLong,369,168.7306,0,-0.3898,52.2339,1
AlwaysLong,370,168.0728,0,0.0078,52.2417,1
AlwaysLong,371,168.0860,0,0.2328,52.4745,1
AlwaysLong,372,168.4773,0,0.6732,53.1477,1
AlwaysLong,373,169.6115,0,0.4033,53.5510,1
AlwaysLong,374,170.2955,0,0.9424,54.4935,1
AlwaysLong,375,171.9005,0,-0.4722,54.0213,1
AlwaysLong,376,171.0888,0,0.3160,54.3372,1
AlwaysLong,377,171.6294,0,-0.0219,54.3153,1
AlwaysLong,378,171.5917,0,0.9146,55.2300,1
AlwaysLong,379,173.1612,0,-0.5241,54.7059,1
AlwaysLong,380,172.2537,0,-0.5151,54.1908,1
AlwaysLong,381,171.3664,0,-0.3797,53.8111,1
AlwaysLong,382,170.7157,0,-1.0765,52.7346,1
AlwaysLong,383,168.8780,0,-0.2767,52.4579,1
AlwaysLong,384,168.4107,0,-0.3745,52.0834,1
AlwaysLong,385,167.7800,0,0.0766,52.1600,1
AlwaysLong,386,167.9085,0,0.1639,52.3239,1
AlwaysLong,387,168.1837,0,0.8853,53.2092,1
AlwaysLong,388,169.6726,0,0.3972,53.6063,1
AlwaysLong,389,170.3465,0,-0.3415,53.2649,1
AlwaysLong,390,169.7648,0,-0.4770,52.7879,1
AlwaysLong,391,168.9550,0,0.2030,52.9909,1
AlwaysLong,392,169.2980,0,-0.6639,52.3270,1
AlwaysLong,393,168.1741,0,0.8644,53.1914,1
AlwaysLong,394,169.6277,0,0.5066,53.6980,1
AlwaysLong,395,170.4871,0,-0.2948,53.4032,1
AlwaysLong,396,169.9846,0,-0.8663,52.5369,1
AlwaysLong,397,168.5120,0,0.6259,53.1628,1
AlwaysLong,398,169.5667,0,-0.1019,53.0609,1
AlwaysLong,399,169.3939,0,0.5418,53.6027,1
AlwaysLong,400,170.3116,0,-0.8185,52.7842,1
AlwaysLong,401,168.9177,0,-0.3127,52.4715,1
AlwaysLong,402,168.3895,0,-0.0107,52.4608,1
AlwaysLong,403,168.3714,0,0.0096,52.4704,1
AlwaysLong,404,168.3876,0,-0.2270,52.2434,1
AlwaysLong,405,168.0053,0,0.2947,52.5381,1
AlwaysLong,406,168.5005,0,-0.5234,52.0147,1
AlwaysLong,407,167.6186,0,-0.0583,51.9565,1
AlwaysLong,408,167.5209,0,0.0701,52.0265,1
AlwaysLong,409,167.6383,0,0.2546,52.2811,1
AlwaysLong,410,168.0651,0,0.3351,52.6162,1
AlwaysLong,411,168.6283,0,-0.5539,52.0624,1
AlwaysLong,412,167.6944,0,-0.7244,51.3380,1
AlwaysLong,413,166.4796,0,0.6579,51.9959,1
AlwaysLong,414,167.5749,0,0.1696,52.1656,1
AlwaysLong,415,167.8592,0,-0.3542,51.8113,1
AlwaysLong,416,167.2646,0,0.7622,52.5735,1
AlwaysLong,417,168.5395,0,0.0372,52.6108,1
AlwaysLong,418,168.6022,0,0.5400,53.1508,1
AlwaysLong,419,169.5127,0,-0.0144,53.1364,1
AlwaysLong,420,169.4883,0,0.9271,54.0635,1
AlwaysLong,421,171.0597,0,0.7298,54.7933,1
AlwaysLong,422,172.3081,0,-0.2422,54.5511,1
AlwaysLong,423,171.8907,0,0.3374,54.8885,1
AlwaysLong,424,172.4706,0,0.1681,55.0566,1
AlwaysLong,425,172.7606,0,0.4944,55.5509,1
AlwaysLong,426,173.6146,0,-0.6080,54.9430,1
AlwaysLong,427,172.5592,0,0.1843,55.1273,1
AlwaysLong,428,172.8772,0,0.3471,55.4744,1
AlwaysLong,429,173.4773,0,-0.9705,54.5039,1
AlwaysLong,430,171.7936,0,-0.6631,53.8408,1
AlwaysLong,431,170.6545,0,-1.0354,52.8054,1
AlwaysLong,432,168.8876,0,-0.1556,52.6499,1
AlwaysLong,433,168.6248,0,0.3202,52.9701,1
AlwaysLong,434,169.1648,0,0.6744,53.6445,1
AlwaysLong,435,170.3056,0,-0.0345,53.6099,1
AlwaysLong,436,170.2468,0,0.6977,54.3076,1
AlwaysLong,437,171.4345,0,-0.7458,53.5617,1
AlwaysLong,438,170.1559,0,-0.8659,52.6959,1
AlwaysLong,439,168.6826,0,-0.0482,52.6476,1
AlwaysLong,440,168.6012,0,0.1627,52.8104,1
AlwaysLong,441,168.8756,0,-0.0431,52.7673,1
AlwaysLong,442,168.8028,0,-1.0053,51.7620,1
AlwaysLong,443,167.1059,0,-0.0176,51.7444,1
AlwaysLong,444,167.0765,0,-0.5987,51.1458,1
AlwaysLong,445,166.0763,0,0.3788,51.5246,1
AlwaysLong,446,166.7054,0,0.2131,51.7376,1
AlwaysLong,447,167.0606,0,-0.4237,51.3140,1
AlwaysLong,448,166.3528,0,-0.1993,51.1147,1
AlwaysLong,449,166.0213,0,-0.4525,50.6622,1
AlwaysLong,450,165.2700,0,0.0505,50.7127,1
AlwaysLong,451,165.3536,0,0.5404,51.2531,1
AlwaysLong,452,166.2472,0,-0.4233,50.8298,1
AlwaysLong,453,165.5434,0,0.3161,51.1459,1
AlwaysLong,454,166.0667,0,-0.1989,50.9470,1
AlwaysLong,455,165.7363,0,-0.3161,50.6308,1
AlwaysLong,456,165.2124,0,0.0308,50.6617,1
AlwaysLong,457,165.2633,0,-0.4200,50.2416,1
AlwaysLong,458,164.5691,0,-0.1666,50.0750,1
AlwaysLong,459,164.2949,0,-0.4722,49.6028,1
AlwaysLong,460,163.5191,0,1.0965,50.6993,1
AlwaysLong,461,165.3121,0,0.0967,50.7959,1
AlwaysLong,462,165.4719,0,-0.2636,50.5323,1
AlwaysLong,463,165.0357,0,0.1918,50.7242,1
AlwaysLong,464,165.3522,0,0.0240,50.7482,1
AlwaysLong,465,165.3919,0,-0.0297,50.7184,1
AlwaysLong,466,165.3428,0,0.3758,51.0942,1
AlwaysLong,467,165.9641,0,0.4248,51.5190,1
AlwaysLong,468,166.6691,0,-0.2164,51.3026,1
AlwaysLong,469,166.3084,0,-0.2278,51.0748,1
AlwaysLong,470,165.9295,0,-0.0719,51.0029,1
AlwaysLong,471,165.8102,0,-1.0463,49.9566,1
AlwaysLong,472,164.0753,0,-0.6209,49.3357,1
AlwaysLong,473,163.0566,0,0.8205,50.1562,1
AlwaysLong,474,164.3944,0,0.9084,51.0646,1
AlwaysLong,475,165.8879,0,-0.0581,51.0065,1
AlwaysLong,476,165.7914,0,0.3431,51.3496,1
AlwaysLong,477,166.3603,0,0.1973,51.5468,1
AlwaysLong,478,166.6885,0,1.5153,53.0622,1
AlwaysLong,479,169.2143,0,0.4918,53.5539,1
AlwaysLong,480,170.0464,0,-0.1220,53.4319,1
AlwaysLong,481,169.8390,0,-0.5059,52.9260,1
AlwaysLong,482,168.9798,0,-0.7912,52.1348,1
AlwaysLong,483,167.6428,0,0.1061,52.2409,1
AlwaysLong,484,167.8206,0,-0.3569,51.8840,1
AlwaysLong,485,167.2217,0,-0.6588,51.2252,1
AlwaysLong,486,166.1200,0,-0.2565,50.9687,1
AlwaysLong,487,165.6939,0,-0.4543,50.5144,1
AlwaysLong,488,164.9411,0,0.9093,51.4237,1
AlwaysLong,489,166.4410,0,0.4689,51.8926,1
AlwaysLong,490,167.2214,0,0.0178,51.9104,1
AlwaysLong,491,167.2512,0,0.7286,52.6390,1
AlwaysLong,492,168.4697,0,0.0211,52.6601,1
AlwaysLong,493,168.5053,0,-0.4256,52.2345,1
AlwaysLong,494,167.7882,0,0.7308,52.9654,1
AlwaysLong,495,169.0145,0,0.2234,53.1888,1
AlwaysLong,496,169.3921,0,-0.5326,52.6561,1
AlwaysLong,497,168.4898,0,-0.1066,52.5496,1
AlwaysLong,498,168.3103,0,-0.4271,52.1225,1
AlwaysLong,499,167.5914,0,-0.6496,51.4729,1
AlwaysLong,500,166.5028,0,0.4883,51.9612,1
AlwaysLong,501,167.3158,0,0.9317,52.8929,1
AlwaysLong,502,168.8747,0,-0.6901,52.2028,1
AlwaysLong,503,167.7093,0,0.2755,52.4783,1
AlwaysLong,504,168.1714,0,-0.3163,52.1620,1
AlwaysLong,505,167.6395,0,-0.2234,51.9386,1
AlwaysLong,506,167.2650,0,-0.2630,51.6756,1
AlwaysLong,507,166.8250,0,-0.3808,51.2948,1
AlwaysLong,508,166.1897,0,0.0761,51.3709,1
AlwaysLong,509,166.3163,0,-0.3508,51.0201,1
AlwaysLong,510,165.7329,0,0.1972,51.2174,1
AlwaysLong,511,166.0598,0,0.0325,51.2499,1
AlwaysLong,512,166.1138,0,-0.0600,51.1899,1
AlwaysLong,513,166.0141,0,-0.3792,50.8107,1
AlwaysLong,514,165.3845,0,-0.2016,50.6091,1
AlwaysLong,515,165.0511,0,0.4538,51.0628,1
AlwaysLong,516,165.8000,0,0.3063,51.3692,1
AlwaysLong,517,166.3079,0,-0.4211,50.9481,1
AlwaysLong,518,165.6077,0,0.1185,51.0666,1
AlwaysLong,519,165.8039,0,0.4271,51.4937,1
AlwaysLong,520,166.5120,0,-0.7591,50.7346,1
AlwaysLong,521,165.2481,0,0.3446,51.0792,1
AlwaysLong,522,165.8175,0,-0.2556,50.8236,1
AlwaysLong,523,165.3937,0,0.3531,51.1767,1
AlwaysLong,524,165.9777,0,-0.3087,50.8681,1
AlwaysLong,525,165.4654,0,-0.7977,50.0703,1
AlwaysLong,526,164.1454,0,-0.6775,49.3928,1
AlwaysLong,527,163.0333,0,0.1742,49.5670,1
AlwaysLong,528,163.3173,0,0.2689,49.8358,1
AlwaysLong,529,163.7564,0,-0.3139,49.5219,1
AlwaysLong,530,163.2423,0,0.4570,49.9789,1
AlwaysLong,531,163.9882,0,-0.6900,49.2889,1
AlwaysLong,532,162.8568,0,0.1237,49.4126,1
AlwaysLong,533,163.0582,0,-0.4443,48.9683,1
AlwaysLong,534,162.3337,0,-0.1484,48.8198,1
AlwaysLong,535,162.0927,0,0.2039,49.0237,1
AlwaysLong,536,162.4232,0,-0.2538,48.7698,1
AlwaysLong,537,162.0109,0,-0.0068,48.7630,1
AlwaysLong,538,161.9999,0,0.6804,49.4434,1
AlwaysLong,539,163.1021,0,-0.1345,49.3089,1
AlwaysLong,540,162.8827,0,0.5658,49.8747,1
AlwaysLong,541,163.8043,0,-0.4254,49.4493,1
AlwaysLong,542,163.1075,0,0.4081,49.8574,1
AlwaysLong,543,163.7731,0,0.8315,50.6889,1
AlwaysLong,544,165.1349,0,-1.1124,49.5766,1
AlwaysLong,545,163.2980,0,-0.2482,49.3284,1
AlwaysLong,546,162.8928,0,0.4384,49.7669,1
AlwaysLong,547,163.6070,0,0.0332,49.8001,1
AlwaysLong,548,163.6614,0,0.3122,50.1124,1
AlwaysLong,549,164.1724,0,-0.1795,49.9329,1
AlwaysLong,550,163.8778,0,0.1663,50.0992,1
AlwaysLong,551,164.1503,0,0.0397,50.1389,1
AlwaysLong,552,164.2155,0,0.6824,50.8213,1
AlwaysLong,553,165.3361,0,0.2020,51.0233,1
AlwaysLong,554,165.6700,0,0.2316,51.2549,1
AlwaysLong,555,166.0538,0,-0.1415,51.1134,1
AlwaysLong,556,165.8188,0,-0.1712,50.9422,1
AlwaysLong,557,165.5349,0,-0.1363,50.8059,1
AlwaysLong,558,165.3093,0,0.2706,51.0765,1
AlwaysLong,559,165.7566,0,-0.1372,50.9393,1
AlwaysLong,560,165.5291,0,0.2130,51.1523,1
AlwaysLong,561,165.8817,0,1.0631,52.2153,1
AlwaysLong,562,167.6451,0,0.4246,52.6399,1
AlwaysLong,563,168.3569,0,-0.1672,52.4727,1
AlwaysLong,564,168.0754,0,0.5678,53.0405,1
AlwaysLong,565,169.0298,0,-0.2253,52.8153,1
AlwaysLong,566,168.6490,0,-0.9877,51.8276,1
AlwaysLong,567,166.9833,0,-0.4542,51.3734,1
AlwaysLong,568,166.2248,0,-0.8487,50.5247,1
AlwaysLong,569,164.8141,0,-0.0757,50.4490,1
AlwaysLong,570,164.6894,0,0.1077,50.5567,1
AlwaysLong,571,164.8668,0,0.9068,51.4635,1
AlwaysLong,572,166.3618,0,0.2048,51.6683,1
AlwaysLong,573,166.7025,0,-0.0679,51.6004,1
AlwaysLong,574,166.5892,0,0.4389,52.0393,1
AlwaysLong,575,167.3205,0,-1.0386,51.0007,1
AlwaysLong,576,165.5827,0,0.1851,51.1859,1
AlwaysLong,577,165.8893,0,0.4337,51.6195,1
AlwaysLong,578,166.6087,0,-0.6699,50.9496,1
AlwaysLong,579,165.4925,0,0.6270,51.5766,1
AlwaysLong,580,166.5301,0,0.2051,51.7816,1
AlwaysLong,581,166.8716,0,-0.1670,51.6147,1
AlwaysLong,582,166.5929,0,0.3444,51.9591,1
AlwaysLong,583,167.1667,0,1.1099,53.0690,1
AlwaysLong,584,169.0221,0,0.0542,53.1232,1
AlwaysLong,585,169.1137,0,0.0828,53.2060,1
AlwaysLong,586,169.2537,0,-0.2558,52.9502,1
AlwaysLong,587,168.8208,0,-0.4287,52.5215,1
AlwaysLong,588,168.0970,0,0.3906,52.9121,1
AlwaysLong,589,168.7536,0,-0.4298,52.4822,1
AlwaysLong,590,168.0283,0,0.0316,52.5138,1
AlwaysLong,591,168.0813,0,-0.2314,52.2823,1
AlwaysLong,592,167.6923,0,0.2360,52.5183,1
AlwaysLong,593,168.0880,0,0.1545,52.6728,1
AlwaysLong,594,168.3477,0,0.4810,53.1539,1
AlwaysLong,595,169.1575,0,-0.2771,52.8768,1
AlwaysLong,596,168.6888,0,-0.1501,52.7267,1
AlwaysLong,597,168.4357,0,-0.4795,52.2472,1
AlwaysLong,598,167.6281,0,-0.2026,52.0446,1
AlwaysLong,599,167.2884,0,0.2000,52.2446,1
AlwaysLong,600,167.6230,0,0.3708,52.6155,1
AlwaysLong,601,168.2446,0,-0.4474,52.1680,1
AlwaysLong,602,167.4918,0,0.4288,52.5969,1
AlwaysLong,603,168.2101,0,0.6368,53.2337,1
AlwaysLong,604,169.2813,0,0.1559,53.3896,1
AlwaysLong,605,169.5452,0,0.8383,54.2279,1
AlwaysLong,606,170.9665,0,-0.4505,53.7774,1
AlwaysLong,607,170.1963,0,-0.6512,53.1262,1
AlwaysLong,608,169.0880,0,-0.8754,52.2508,1
AlwaysLong,609,167.6078,0,0.7241,52.9749,1
AlwaysLong,610,168.8214,0,0.2841,53.2590,1
AlwaysLong,611,169.3010,0,-0.0664,53.1926,1
AlwaysLong,612,169.1887,0,0.0956,53.2882,1
AlwaysLong,613,169.3504,0,-0.5732,52.7150,1
AlwaysLong,614,168.3797,0,1.1491,53.8641,1
AlwaysLong,615,170.3145,0,-0.0089,53.8552,1
AlwaysLong,616,170.2993,0,-0.0178,53.8374,1
AlwaysLong,617,170.2690,0,0.2727,54.1101,1
AlwaysLong,618,170.7334,0,0.1437,54.2538,1
AlwaysLong,619,170.9787,0,0.0160,54.2698,1
AlwaysLong,620,171.0060,0,-0.4593,53.8104,1
AlwaysLong,621,170.2205,0,0.1547,53.9651,1
AlwaysLong,622,170.4839,0,0.8086,54.7738,1
AlwaysLong,623,171.8625,0,0.5123,55.2860,1
AlwaysLong,624,172.7429,0,0.5989,55.8850,1
AlwaysLong,625,173.7775,0,-0.4032,55.4818,1
AlwaysLong,626,173.0768,0,-0.6057,54.8761,1
AlwaysLong,627,172.0285,0,-0.1772,54.6988,1
AlwaysLong,628,171.7236,0,-0.0841,54.6147,1
AlwaysLong,629,171.5792,0,0.4042,55.0190,1
AlwaysLong,630,172.2727,0,-0.9116,54.1074,1
AlwaysLong,631,170.7023,0,0.6360,54.7434,1
AlwaysLong,632,171.7880,0,-0.1855,54.5579,1
AlwaysLong,633,171.4694,0,-0.3020,54.2559,1
AlwaysLong,634,170.9516,0,-0.5616,53.6943,1
AlwaysLong,635,169.9915,0,-0.8390,52.8553,1
AlwaysLong,636,168.5652,0,0.3722,53.2275,1
AlwaysLong,637,169.1927,0,-0.0022,53.2253,1
AlwaysLong,638,169.1889,0,-0.6468,52.5785,1
AlwaysLong,639,168.0947,0,-0.6208,51.9577,1
AlwaysLong,640,167.0510,0,-0.1341,51.8236,1
AlwaysLong,641,166.8270,0,0.8338,52.6574,1
AlwaysLong,642,168.2181,0,-0.1316,52.5258,1
AlwaysLong,643,167.9967,0,-0.7174,51.8084,1
AlwaysLong,644,166.7915,0,-0.0833,51.7251,1
AlwaysLong,645,166.6525,0,-0.0922,51.6329,1
AlwaysLong,646,166.4989,0,-1.2524,50.3805,1
AlwaysLong,647,164.4136,0,0.0809,50.4614,1
AlwaysLong,648,164.5467,0,-0.0091,50.4524,1
AlwaysLong,649,164.5318,0,0.4422,50.8946,1
AlwaysLong,650,165.2593,0,0.9763,51.8708,1
AlwaysLong,651,166.8727,0,0.5722,52.4430,1
AlwaysLong,652,167.8275,0,-0.1247,52.3183,1
AlwaysLong,653,167.6182,0,-0.5184,51.7999,1
AlwaysLong,654,166.7493,0,1.2704,53.0703,1
AlwaysLong,655,168.8677,0,0.0007,53.0710,1
AlwaysLong,656,168.8688,0,-0.0208,53.0502,1
AlwaysLong,657,168.8337,0,-0.0378,53.0124,1
AlwaysLong,658,168.7699,0,0.0694,53.0818,1
AlwaysLong,659,168.8871,0,-0.0963,52.9855,1
AlwaysLong,660,168.7244,0,-0.2951,52.6904,1
AlwaysLong,661,168.2264,0,-0.2685,52.4219,1
AlwaysLong,662,167.7748,0,-0.0106,52.4113,1
AlwaysLong,663,167.7570,0,-0.2536,52.1577,1
AlwaysLong,664,167.3316,0,-0.3225,51.8352,1
AlwaysLong,665,166.7920,0,0.0856,51.9208,1
AlwaysLong,666,166.9347,0,-0.0920,51.8288,1
AlwaysLong,667,166.7811,0,0.7563,52.5851,1
AlwaysLong,668,168.0425,0,-1.2650,51.3201,1
AlwaysLong,669,165.9167,0,0.5874,51.9075,1
AlwaysLong,670,166.8913,0,0.6288,52.5363,1
AlwaysLong,671,167.9408,0,-0.9876,51.5487,1
AlwaysLong,672,166.2822,0,-0.1149,51.4338,1
AlwaysLong,673,166.0911,0,-0.1231,51.3107,1
AlwaysLong,674,165.8866,0,-0.6168,50.6939,1
AlwaysLong,675,164.8634,0,-0.2840,50.4099,1
AlwaysLong,676,164.3952,0,-0.4325,49.9773,1
AlwaysLong,677,163.6842,0,0.9865,50.9639,1
AlwaysLong,678,165.2989,0,0.5328,51.4967,1
AlwaysLong,679,166.1797,0,0.6652,52.1619,1
AlwaysLong,680,167.2852,0,0.3648,52.5267,1
AlwaysLong,681,167.8954,0,-0.5365,51.9902,1
AlwaysLong,682,166.9946,0,-0.2229,51.7673,1
AlwaysLong,683,166.6224,0,0.2746,52.0419,1
AlwaysLong,684,167.0800,0,-0.5593,51.4826,1
AlwaysLong,685,166.1455,0,0.3974,51.8800,1
AlwaysLong,686,166.8058,0,-0.0812,51.7989,1
AlwaysLong,687,166.6704,0,-0.1417,51.6571,1
AlwaysLong,688,166.4342,0,0.3871,52.0442,1
AlwaysLong,689,167.0784,0,0.2386,52.2828,1
AlwaysLong,690,167.4771,0,-0.1585,52.1243,1
AlwaysLong,691,167.2117,0,0.5766,52.7009,1
AlwaysLong,692,168.1757,0,-0.5212,52.1797,1
AlwaysLong,693,167.2993,0,0.3138,52.4935,1
AlwaysLong,694,167.8242,0,0.2863,52.7798,1
AlwaysLong,695,168.3047,0,-0.1579,52.6219,1
AlwaysLong,696,168.0390,0,0.1524,52.7744,1
AlwaysLong,697,168.2951,0,-0.6052,52.1692,1
AlwaysLong,698,167.2767,0,0.4619,52.6311,1
AlwaysLong,699,168.0492,0,-0.0912,52.5399,1
AlwaysLong,700,167.8960,0,-1.1328,51.4071,1
AlwaysLong,701,165.9941,0,1.6948,53.1019,2
AlwaysLong,702,168.8074,0,-1.4494,51.6525,2
AlwaysLong,703,166.3607,0,-2.7405,48.9120,2
AlwaysLong,704,161.8015,0,-3.0924,45.8195,2
AlwaysLong,705,156.7979,0,0.9466,46.7662,2
AlwaysLong,706,158.2822,0,-2.6377,44.1285,2
AlwaysLong,707,154.1072,0,3.1995,47.3280,2
AlwaysLong,708,159.0378,0,-4.1371,43.1909,2
AlwaysLong,709,152.4583,0,3.1193,46.3102,2
AlwaysLong,710,157.2140,0,0.1904,46.5006,2
AlwaysLong,711,157.5133,0,-0.3961,46.1045,2
AlwaysLong,712,156.8894,0,-1.2547,44.8498,2
AlwaysLong,713,154.9209,0,0.5575,45.4073,2
AlwaysLong,714,155.7846,0,-0.2867,45.1206,2
AlwaysLong,715,155.3380,0,1.9159,47.0365,2
AlwaysLong,716,158.3141,0,0.0057,47.0422,2
AlwaysLong,717,158.3231,0,0.0740,47.1162,2
AlwaysLong,718,158.4403,0,-0.8991,46.2171,2
AlwaysLong,719,157.0157,0,-0.3213,45.8957,2
AlwaysLong,720,156.5111,0,0.3768,46.2725,2
AlwaysLong,721,157.1008,0,-3.4782,42.7943,2
AlwaysLong,722,151.6365,0,-2.8874,39.9069,2
AlwaysLong,723,147.2583,0,1.2876,41.1945,2
AlwaysLong,724,149.1543,0,0.1199,41.3144,2
AlwaysLong,725,149.3332,0,-0.5931,40.7213,2
AlwaysLong,726,148.4475,0,-0.1876,40.5338,2
AlwaysLong,727,148.1691,0,0.4785,41.0123,2
AlwaysLong,728,148.8781,0,-1.3118,39.7005,2
AlwaysLong,729,146.9251,0,-1.8163,37.8841,2
AlwaysLong,730,144.2564,0,0.1759,38.0601,2
AlwaysLong,731,144.5102,0,-2.2620,35.7981,2
AlwaysLong,732,141.2414,0,0.6309,36.4289,2
AlwaysLong,733,142.1324,0,-3.8285,32.6005,2
AlwaysLong,734,136.6909,0,2.0146,34.6150,2
AlwaysLong,735,139.4447,0,0.7774,35.3924,2
AlwaysLong,736,140.5287,0,0.3091,35.7015,2
AlwaysLong,737,140.9631,0,1.8546,37.5562,2
AlwaysLong,738,143.5774,0,3.2475,40.8037,2
AlwaysLong,739,148.2401,0,1.8277,42.6314,2
AlwaysLong,740,150.9495,0,-3.8797,38.7517,2
AlwaysLong,741,145.0931,0,-2.8757,35.8760,2
AlwaysLong,742,140.9207,0,-1.5670,34.3090,2
AlwaysLong,743,138.7125,0,-0.1842,34.1248,2
AlwaysLong,744,138.4570,0,0.8806,35.0054,2
AlwaysLong,745,139.6763,0,-1.7977,33.2077,2
AlwaysLong,746,137.1653,0,0.1652,33.3729,2
AlwaysLong,747,137.3919,0,-1.8923,31.4806,2
AlwaysLong,748,134.7920,0,-1.6086,29.8720,2
AlwaysLong,749,132.6237,0,-3.4336,26.4384,2
AlwaysLong,750,128.0700,0,-2.4232,24.0152,2
AlwaysLong,751,124.9665,0,-3.5120,20.5032,2
AlwaysLong,752,120.5778,0,-2.7048,17.7984,2
AlwaysLong,753,117.3164,0,2.4099,20.2083,2
AlwaysLong,754,120.1436,0,-2.6484,17.5599,2
AlwaysLong,755,116.9617,0,6.4666,24.0265,2
AlwaysLong,756,124.5251,0,0.9205,24.9469,2
AlwaysLong,757,125.6713,0,0.1757,25.1226,2
AlwaysLong,758,125.8921,0,-2.3106,22.8121,2
AlwaysLong,759,122.9833,0,1.4369,24.2490,2
AlwaysLong,760,124.7505,0,-1.6518,22.5972,2
AlwaysLong,761,122.6898,0,0.0263,22.6235,2
AlwaysLong,762,122.7221,0,5.9863,28.6098,2
AlwaysLong,763,130.0686,0,-0.4781,28.1317,2
AlwaysLong,764,129.4467,0,2.4057,30.5374,2
AlwaysLong,765,132.5608,0,-1.8431,28.6942,2
AlwaysLong,766,130.1175,0,-0.3372,28.3571,2
AlwaysLong,767,129.6789,0,3.8392,32.1963,2
AlwaysLong,768,134.6575,0,-1.6446,30.5517,2
AlwaysLong,769,132.4429,0,3.8534,34.4051,2
AlwaysLong,770,137.5465,0,1.3010,35.7061,2
AlwaysLong,771,139.3360,0,-1.4505,34.2556,2
AlwaysLong,772,137.3149,0,1.1386,35.3942,2
AlwaysLong,773,138.8784,0,1.8606,37.2548,2
AlwaysLong,774,141.4623,0,1.0828,38.3375,2
AlwaysLong,775,142.9940,0,-3.5277,34.8098,2
AlwaysLong,776,137.9496,0,-1.8232,32.9866,2
AlwaysLong,777,135.4345,0,-0.7947,32.1919,2
AlwaysLong,778,134.3582,0,-0.4146,31.7773,2
AlwaysLong,779,133.8011,0,1.1422,32.9195,2
AlwaysLong,780,135.3294,0,0.1473,33.0668,2
AlwaysLong,781,135.5288,0,-3.2021,29.8647,2
AlwaysLong,782,131.1890,0,0.6150,30.4798,2
AlwaysLong,783,131.9959,0,1.1349,31.6147,2
AlwaysLong,784,133.4939,0,1.0080,32.6227,2
AlwaysLong,785,134.8395,0,2.1571,34.7798,2
AlwaysLong,786,137.7482,0,1.5739,36.3537,2
AlwaysLong,787,139.9162,0,0.7460,37.0997,2
AlwaysLong,788,140.9600,0,-0.3861,36.7136,2
AlwaysLong,789,140.4158,0,-3.7863,32.9273,2
AlwaysLong,790,135.0992,0,0.7070,33.6343,2
AlwaysLong,791,136.0543,0,0.2127,33.8469,2
AlwaysLong,792,136.3436,0,0.3528,34.1997,2
AlwaysLong,793,136.8246,0,-3.0433,31.1564,2
AlwaysLong,794,132.6606,0,-2.6963,28.4601,2
AlwaysLong,795,129.0837,0,2.1891,30.6492,2
AlwaysLong,796,131.9095,0,-0.3430,30.3063,2
AlwaysLong,797,131.4571,0,1.3014,31.6076,2
AlwaysLong,798,133.1678,0,-0.1868,31.4208,2
AlwaysLong,799,132.9190,0,-0.1839,31.2369,2
AlwaysLong,800,132.6746,0,1.8701,33.1070,2
AlwaysLong,801,135.1557,0,-1.3924,31.7146,2
AlwaysLong,802,133.2738,0,-0.0340,31.6806,2
AlwaysLong,803,133.2285,0,-1.2914,30.3891,2
AlwaysLong,804,131.5079,0,-1.2450,29.1442,2
AlwaysLong,805,129.8707,0,-0.9712,28.1730,2
AlwaysLong,806,128.6094,0,0.2587,28.4317,2
AlwaysLong,807,128.9421,0,-1.3727,27.0590,2
AlwaysLong,808,127.1721,0,2.6999,29.7589,2
AlwaysLong,809,130.6057,0,-2.3104,27.4485,2
AlwaysLong,810,127.5881,0,-0.7010,26.7475,2
AlwaysLong,811,126.6938,0,-1.3047,25.4428,2
AlwaysLong,812,125.0408,0,3.2047,28.6476,2
AlwaysLong,813,129.0480,0,0.1983,28.8459,2
AlwaysLong,814,129.3040,0,2.1359,30.9818,2
AlwaysLong,815,132.0658,0,-3.6273,27.3545,2
AlwaysLong,816,127.2754,0,0.3672,27.7217,2
AlwaysLong,817,127.7428,0,1.8280,29.5498,2
AlwaysLong,818,130.0779,0,-0.0668,29.4830,2
AlwaysLong,819,129.9910,0,2.2022,31.6852,2
AlwaysLong,820,132.8538,0,-1.4193,30.2659,2
AlwaysLong,821,130.9682,0,2.9735,33.2394,2
AlwaysLong,822,134.8625,0,4.8664,38.1058,2
AlwaysLong,823,141.4254,0,-1.0057,37.1001,2
AlwaysLong,824,140.0032,0,-1.1930,35.9071,2
AlwaysLong,825,138.3329,0,2.9107,38.8178,2
AlwaysLong,826,142.3594,0,3.0943,41.9121,2
AlwaysLong,827,146.7643,0,-1.2962,40.6159,2
AlwaysLong,828,144.8620,0,-1.1006,39.5153,2
AlwaysLong,829,143.2677,0,-0.8230,38.6923,2
AlwaysLong,830,142.0887,0,-3.0735,35.6189,2
AlwaysLong,831,137.7216,0,-2.2434,33.3754,2
AlwaysLong,832,134.6319,0,-2.4854,30.8900,2
AlwaysLong,833,131.2857,0,-2.0087,28.8813,2
AlwaysLong,834,128.6486,0,-0.3403,28.5410,2
AlwaysLong,835,128.2108,0,0.2877,28.8288,2
AlwaysLong,836,128.5797,0,3.3580,32.1868,2
AlwaysLong,837,132.8975,0,-2.5048,29.6820,2
AlwaysLong,838,129.5687,0,2.0215,31.7035,2
AlwaysLong,839,132.1879,0,-0.7381,30.9654,2
AlwaysLong,840,131.2122,0,-0.3674,30.5980,2
AlwaysLong,841,130.7301,0,1.2933,31.8913,2
AlwaysLong,842,132.4208,0,-2.7956,29.0957,2
AlwaysLong,843,128.7189,0,0.6320,29.7277,2
AlwaysLong,844,129.5324,0,0.1279,29.8556,2
AlwaysLong,845,129.6981,0,0.8818,30.7373,2
AlwaysLong,846,130.8417,0,0.4080,31.1453,2
AlwaysLong,847,131.3754,0,5.3527,36.4980,2
AlwaysLong,848,138.4076,0,-1.6234,34.8746,2
AlwaysLong,849,136.1607,0,-1.4150,33.4595,2
AlwaysLong,850,134.2339,0,-1.6413,31.8183,2
AlwaysLong,851,132.0308,0,-1.5149,30.3033,2
AlwaysLong,852,130.0306,0,-1.7272,28.5761,2
AlwaysLong,853,127.7847,0,2.5303,31.1064,2
AlwaysLong,854,131.0180,0,2.9979,34.1043,2
AlwaysLong,855,134.9458,0,-1.5161,32.5882,2
AlwaysLong,856,132.8999,0,-2.1300,30.4581,2
AlwaysLong,857,130.0691,0,0.8307,31.2889,2
AlwaysLong,858,131.1496,0,-1.5177,29.7712,2
AlwaysLong,859,129.1592,0,1.2117,30.9829,2
AlwaysLong,860,130.7242,0,0.2104,31.1933,2
AlwaysLong,861,130.9993,0,-3.7259,27.4674,2
AlwaysLong,862,126.1183,0,3.4165,30.8838,2
AlwaysLong,863,130.4271,0,3.8749,34.7587,2
AlwaysLong,864,135.4810,0,-1.6032,33.1555,2
AlwaysLong,865,133.3089,0,-1.1228,32.0326,2
AlwaysLong,866,131.8120,0,0.3974,32.4301,2
AlwaysLong,867,132.3359,0,0.5060,32.9361,2
AlwaysLong,868,133.0055,0,1.2345,34.1706,2
AlwaysLong,869,134.6474,0,4.2310,38.4015,2
AlwaysLong,870,140.3443,0,-0.6160,37.7855,2
AlwaysLong,871,139.4798,0,-1.9563,35.8292,2
AlwaysLong,872,136.7511,0,-3.2699,32.5592,2
AlwaysLong,873,132.2794,0,-1.9100,30.6493,2
AlwaysLong,874,129.7529,0,-0.3338,30.3155,2
AlwaysLong,875,129.3198,0,3.9050,34.2205,2
AlwaysLong,876,134.3697,0,-1.4040,32.8164,2
AlwaysLong,877,132.4832,0,0.2548,33.0713,2
AlwaysLong,878,132.8208,0,-0.2884,32.7829,2
AlwaysLong,879,132.4378,0,2.4400,35.2229,2
AlwaysLong,880,135.6693,0,5.3417,40.5646,2
AlwaysLong,881,142.9163,0,-1.3479,39.2167,2
AlwaysLong,882,140.9900,0,-1.2781,37.9386,2
AlwaysLong,883,139.1879,0,2.0108,39.9494,2
AlwaysLong,884,141.9867,0,1.2057,41.1551,2
AlwaysLong,885,143.6986,0,3.6231,44.7782,2
AlwaysLong,886,148.9050,0,0.9523,45.7305,2
AlwaysLong,887,150.3231,0,-0.9391,44.7915,2
AlwaysLong,888,148.9115,0,0.9658,45.7573,2
AlwaysLong,889,150.3497,0,1.9903,47.7476,2
AlwaysLong,890,153.3421,0,1.3876,49.1351,2
AlwaysLong,891,155.4698,0,0.7642,49.8993,2
AlwaysLong,892,156.6579,0,1.8297,51.7290,2
AlwaysLong,893,159.5242,0,1.9898,53.7188,2
AlwaysLong,894,162.6983,0,2.3434,56.0622,2
AlwaysLong,895,166.5111,0,0.9683,57.0305,2
AlwaysLong,896,168.1235,0,-0.4967,56.5338,2
AlwaysLong,897,167.2884,0,0.0636,56.5974,2
AlwaysLong,898,167.3948,0,1.9629,58.5603,2
AlwaysLong,899,170.6806,0,-1.6314,56.9289,2
AlwaysShort,0,100.0000,2,0.0000,0.0000,0
AlwaysShort,1,100.7999,2,-0.1619,-0.1619,0
AlwaysShort,2,100.9631,2,-0.9522,-1.1141,0
AlwaysShort,3,101.9244,2,-1.8397,-2.9538,0
AlwaysShort,4,103.7996,2,-0.0659,-3.0197,0
AlwaysShort,5,103.8679,2,-0.0659,-3.0856,0
AlwaysShort,6,103.9364,2,-1.8970,-4.9825,0
AlwaysShort,7,105.9080,2,-1.0732,-6.0557,0
AlwaysShort,8,107.0446,2,0.1693,-5.8864,0
AlwaysShort,9,106.8633,2,-0.8461,-6.7325,0
AlwaysShort,10,107.7675,2,0.1633,-6.5692,0
AlwaysShort,11,107.5916,2,0.1656,-6.4036,0
AlwaysShort,12,107.4134,2,-0.5434,-6.9470,0
AlwaysShort,13,107.9971,2,1.6003,-5.3467,0
AlwaysShort,14,106.2688,2,1.4148,-3.9319,0
AlwaysShort,15,104.7653,2,0.2619,-3.6699,0
AlwaysShort,16,104.4909,2,0.7103,-2.9596,0
AlwaysShort,17,103.7487,2,-0.6161,-3.5758,0
AlwaysShort,18,104.3879,2,0.6062,-2.9696,0
AlwaysShort,19,103.7551,2,1.1061,-1.8635,0
AlwaysShort,20,102.6074,2,-1.7813,-3.6448,0
AlwaysShort,21,104.4352,2,-0.0743,-3.7190,0
AlwaysShort,22,104.5128,2,-0.3682,-4.0873,0
AlwaysShort,23,104.8976,2,1.1184,-2.9688,0
AlwaysShort,24,103.7244,2,0.2441,-2.7247,0
AlwaysShort,25,103.4712,2,-0.4118,-3.1365,0
AlwaysShort,26,103.8972,2,0.8474,-2.2891,0
AlwaysShort,27,103.0168,2,-0.6780,-2.9671,0
AlwaysShort,28,103.7153,2,0.3002,-2.6669,0
AlwaysShort,29,103.4039,2,-0.0083,-2.6752,0
AlwaysShort,30,103.4125,2,0.3013,-2.3740,0
AlwaysShort,31,103.1010,2,-2.1756,-4.5496,0
AlwaysShort,32,105.3441,2,-0.2869,-4.8365,0
AlwaysShort,33,105.6463,2,0.7548,-4.0816,0
AlwaysShort,34,104.8488,2,-1.1289,-5.2105,0
AlwaysShort,35,106.0325,2,0.9166,-4.2939,0
AlwaysShort,36,105.0605,2,-0.5102,-4.8040,0
AlwaysShort,37,105.5965,2,1.6460,-3.1581,0
AlwaysShort,38,103.8584,2,1.0229,-2.1352,0
AlwaysShort,39,102.7960,2,-0.4981,-2.6333,0
AlwaysShort,40,103.3081,2,-1.0439,-3.6771,0
AlwaysShort,41,104.3865,2,-0.4725,-4.1496,0
AlwaysShort,42,104.8797,2,-0.1845,-4.3341,0
AlwaysShort,43,105.0732,2,0.0011,-4.3330,0
AlwaysShort,44,105.0720,2,1.1716,-3.1614,0
AlwaysShort,45,103.8410,2,0.4190,-2.7425,0
AlwaysShort,46,103.4060,2,0.1605,-2.5819,0
AlwaysShort,47,103.2400,2,-1.3664,-3.9483,0
AlwaysShort,48,104.6506,2,-0.6457,-4.5940,0
AlwaysShort,49,105.3264,2,1.4524,-3.1416,0
AlwaysShort,50,103.7966,2,-0.6260,-3.7677,0
AlwaysShort,51,104.4464,2,0.0850,-3.6826,0
AlwaysShort,52,104.3576,2,0.3762,-3.3064,0
AlwaysShort,53,103.9650,2,-0.9158,-4.2222,0
AlwaysShort,54,104.9171,2,-1.3399,-5.5621,0
AlwaysShort,55,106.3229,2,-1.2389,-6.8010,0
AlwaysShort,56,107.6401,2,0.5378,-6.2633,0
AlwaysShort,57,107.0613,2,0.0092,-6.2541,0
AlwaysShort,58,107.0514,2,-0.6333,-6.8873,0
AlwaysShort,59,107.7293,2,-1.2837,-8.1710,0
AlwaysShort,60,109.1123,2,0.1790,-7.9920,0
AlwaysShort,61,108.9169,2,-0.1144,-8.1064,0
AlwaysShort,62,109.0416,2,0.8031,-7.3033,0
AlwaysShort,63,108.1658,2,0.8922,-6.4111,0
AlwaysShort,64,107.2008,2,-1.1187,-7.5299,0
AlwaysShort,65,108.4001,2,-1.6700,-9.1999,0
AlwaysShort,66,110.2104,2,-0.2282,-9.4281,0
AlwaysShort,67,110.4620,2,-1.3121,-10.7402,0
AlwaysShort,68,111.9113,2,-0.6638,-11.4040,0
AlwaysShort,69,112.6542,2,0.3445,-11.0595,0
AlwaysShort,70,112.2661,2,-0.6636,-11.7231,0
AlwaysShort,71,113.0111,2,-1.8550,-13.5781,0
AlwaysShort,72,115.1074,2,-0.2645,-13.8427,0
AlwaysShort,73,115.4119,2,-1.8821,-15.7248,0
AlwaysShort,74,117.5841,2,2.2930,-13.4318,0
AlwaysShort,75,114.8879,2,-1.1282,-14.5600,0
AlwaysShort,76,116.1841,2,-0.3878,-14.9478,0
AlwaysShort,77,116.6346,2,-0.0010,-14.9488,0
AlwaysShort,78,116.6358,2,-0.3925,-15.3413,0
AlwaysShort,79,117.0936,2,1.6734,-13.6679,0
AlwaysShort,80,115.1342,2,-0.0804,-13.7482,0
AlwaysShort,81,115.2267,2,-0.6593,-14.4075,0
AlwaysShort,82,115.9863,2,-1.7938,-16.2013,0
AlwaysShort,83,118.0669,2,0.2180,-15.9833,0
AlwaysShort,84,117.8095,2,0.5072,-15.4761,0
AlwaysShort,85,117.2119,2,0.2016,-15.2745,0
AlwaysShort,86,116.9757,2,-1.2228,-16.4973,0
AlwaysShort,87,118.4061,2,-0.6307,-17.1281,0
AlwaysShort,88,119.1529,2,0.2295,-16.8986,0
AlwaysShort,89,118.8795,2,-0.8166,-17.7152,0
AlwaysShort,90,119.8502,2,-0.3979,-18.1130,0
AlwaysShort,91,120.3271,2,-1.2767,-19.3898,0
AlwaysShort,92,121.8633,2,0.4012,-18.9885,0
AlwaysShort,93,121.3743,2,0.0277,-18.9608,0
AlwaysShort,94,121.3408,2,0.0921,-18.8688,0
AlwaysShort,95,121.2291,2,1.1568,-17.7120,0
AlwaysShort,96,119.8267,2,-0.5979,-18.3099,0
AlwaysShort,97,120.5432,2,-0.5626,-18.8725,0
AlwaysShort,98,121.2214,2,-0.3056,-19.1781,0
AlwaysShort,99,121.5918,2,-0.0654,-19.2436,0
AlwaysShort,100,121.6714,2,1.1092,-18.1344,0
AlwaysShort,101,120.3218,2,0.1206,-18.0138,0
AlwaysShort,102,120.1767,2,0.0427,-17.9711,0
AlwaysShort,103,120.1254,2,0.5010,-17.4701,0
AlwaysShort,104,119.5236,2,-0.1388,-17.6089,0
AlwaysShort,105,119.6895,2,-0.7065,-18.3154,0
AlwaysShort,106,120.5351,2,-2.2103,-20.5257,0
AlwaysShort,107,123.1993,2,-0.4757,-21.0014,0
AlwaysShort,108,123.7853,2,-0.5591,-21.5605,0
AlwaysShort,109,124.4774,2,-0.2258,-21.7863,0
AlwaysShort,110,124.7585,2,1.6057,-20.1806,0
AlwaysShort,111,122.7552,2,-0.2739,-20.4544,0
AlwaysShort,112,123.0914,2,-0.3609,-20.8153,0
AlwaysShort,113,123.5356,2,-2.8018,-23.6171,0
AlwaysShort,114,126.9968,2,-0.1077,-23.7248,0
AlwaysShort,115,127.1336,2,-0.6034,-24.3281,0
AlwaysShort,116,127.9006,2,-0.2656,-24.5938,0
AlwaysShort,117,128.2404,2,0.8649,-23.7289,0
AlwaysShort,118,127.1312,2,-1.4533,-25.1822,0
AlwaysShort,119,128.9788,2,-1.0575,-26.2396,0
AlwaysShort,120,130.3427,2,-1.0970,-27.3366,0
AlwaysShort,121,131.7726,2,0.6075,-26.7291,0
AlwaysShort,122,130.9720,2,-1.7174,-28.4465,0
AlwaysShort,123,133.2213,2,1.0958,-27.3507,0
AlwaysShort,124,131.7615,2,-0.8908,-28.2415,0
AlwaysShort,125,132.9352,2,-2.5217,-30.7632,0
AlwaysShort,126,136.2875,2,0.6882,-30.0750,0
AlwaysShort,127,135.3496,2,0.2659,-29.8091,0
AlwaysShort,128,134.9896,2,-0.4005,-30.2096,0
AlwaysShort,129,135.5302,2,0.2033,-30.0063,0
AlwaysShort,130,135.2547,2,1.2429,-28.7634,0
AlwaysShort,131,133.5737,2,-0.3692,-29.1327,0
AlwaysShort,132,134.0669,2,0.7594,-28.3733,0
AlwaysShort,133,133.0488,2,-0.7766,-29.1498,0
AlwaysShort,134,134.0820,2,0.6175,-28.5323,0
AlwaysShort,135,133.2540,2,-1.8672,-30.3995,0
AlwaysShort,136,135.7421,2,0.4821,-29.9174,0
AlwaysShort,137,135.0877,2,0.0221,-29.8953,0
AlwaysShort,138,135.0579,2,-1.1197,-31.0151,0
AlwaysShort,139,136.5702,2,0.9265,-30.0885,0
AlwaysShort,140,135.3048,2,-0.5289,-30.6174,0
AlwaysShort,141,136.0204,2,-1.6201,-32.2375,0
AlwaysShort,142,138.2241,2,1.2990,-30.9385,0
AlwaysShort,143,136.4286,2,-0.4858,-31.4244,0
AlwaysShort,144,137.0914,2,-0.5615,-31.9858,0
AlwaysShort,145,137.8611,2,-1.0877,-33.0735,0
AlwaysShort,146,139.3606,2,0.9326,-32.1409,0
AlwaysShort,147,138.0609,2,1.0153,-31.1257,0
AlwaysShort,148,136.6593,2,-0.8253,-31.9510,0
AlwaysShort,149,137.7871,2,-0.5988,-32.5498,0
AlwaysShort,150,138.6122,2,-0.5520,-33.1018,0
AlwaysShort,151,139.3773,2,-0.6485,-33.7503,0
AlwaysShort,152,140.2812,2,0.3793,-33.3710,0
AlwaysShort,153,139.7492,2,-0.5337,-33.9047,0
AlwaysShort,154,140.4950,2,-0.5948,-34.4995,0
AlwaysShort,155,141.3307,2,0.4135,-34.0860,0
AlwaysShort,156,140.7463,2,-2.1894,-36.2754,0
AlwaysShort,157,143.8278,2,-0.7768,-37.0523,0
AlwaysShort,158,144.9451,2,0.8873,-36.1649,0
AlwaysShort,159,143.6589,2,-0.9611,-37.1261,0
AlwaysShort,160,145.0397,2,0.6724,-36.4536,0
AlwaysShort,161,144.0644,2,-1.0930,-37.5467,0
AlwaysShort,162,145.6391,2,-1.4693,-39.0159,0
AlwaysShort,163,147.7789,2,0.5193,-38.4966,0
AlwaysShort,164,147.0115,2,-1.2714,-39.7680,0
AlwaysShort,165,148.8805,2,-0.7153,-40.4833,0
AlwaysShort,166,149.9455,2,-1.1284,-41.6117,0
AlwaysShort,167,151.6375,2,-2.2211,-43.8328,0
AlwaysShort,168,155.0055,2,-0.0546,-43.8874,0
AlwaysShort,169,155.0902,2,0.4527,-43.4347,0
AlwaysShort,170,154.3881,2,0.5878,-42.8469,0
AlwaysShort,171,153.4806,2,0.5145,-42.3325,0
AlwaysShort,172,152.6910,2,-0.2231,-42.5556,0
AlwaysShort,173,153.0317,2,-0.6432,-43.1988,0
AlwaysShort,174,154.0160,2,-0.5784,-43.7772,0
AlwaysShort,175,154.9068,2,-1.1336,-44.9107,0
AlwaysShort,176,156.6627,2,-0.3135,-45.2242,0
AlwaysShort,177,157.1539,2,-1.7690,-46.9932,0
AlwaysShort,178,159.9339,2,-0.0353,-47.0286,0
AlwaysShort,179,159.9905,2,-3.0662,-50.0948,0
AlwaysShort,180,164.8961,2,-0.9300,-51.0248,0
AlwaysShort,181,166.4296,2,0.5556,-50.4692,0
AlwaysShort,182,165.5049,2,0.7679,-49.7012,0
AlwaysShort,183,164.2340,2,-0.7855,-50.4868,0
AlwaysShort,184,165.5241,2,-0.0766,-50.5634,0
AlwaysShort,185,165.6508,2,-1.0192,-51.5825,0
AlwaysShort,186,167.3391,2,-0.7762,-52.3587,0
AlwaysShort,187,168.6380,2,-0.2274,-52.5862,0
AlwaysShort,188,169.0216,2,0.5453,-52.0409,0
AlwaysShort,189,168.0999,2,1.2075,-50.8334,0
AlwaysShort,190,166.0701,2,0.1464,-50.6870,0
AlwaysShort,191,165.8269,2,-1.1631,-51.8501,0
AlwaysShort,192,167.7557,2,-0.5154,-52.3655,0
AlwaysShort,193,168.6203,2,0.9413,-51.4242,0
AlwaysShort,194,167.0331,2,-0.4743,-51.8985,0
AlwaysShort,195,167.8254,2,-0.6877,-52.5862,0
AlwaysShort,196,168.9795,2,0.5822,-52.0040,0
AlwaysShort,197,167.9957,2,-0.4548,-52.4588,0
AlwaysShort,198,168.7597,2,-0.3589,-52.8176,0
AlwaysShort,199,169.3653,2,0.8394,-51.9782,0
AlwaysShort,200,167.9436,2,-0.1704,-52.1486,0
AlwaysShort,201,168.2298,2,-0.2582,-52.4068,1
AlwaysShort,202,168.6642,2,-0.4923,-52.8992,1
AlwaysShort,203,169.4946,2,-0.4516,-53.3508,1
AlwaysShort,204,170.2601,2,0.7154,-52.6354,1
AlwaysShort,205,169.0421,2,0.4763,-52.1591,1
AlwaysShort,206,168.2369,2,-0.2362,-52.3953,1
AlwaysShort,207,168.6343,2,-0.2233,-52.6186,1
AlwaysShort,208,169.0108,2,-0.2122,-52.8308,1
AlwaysShort,209,169.3695,2,-1.7777,-54.6085,1
AlwaysShort,210,172.3803,2,-0.1363,-54.7448,1
AlwaysShort,211,172.6152,2,-0.3910,-55.1357,1
AlwaysShort,212,173.2901,2,-0.2862,-55.4219,1
AlwaysShort,213,173.7860,2,-0.1318,-55.5537,1
AlwaysShort,214,174.0150,2,0.3194,-55.2343,1
AlwaysShort,215,173.4592,2,-0.1911,-55.4253,1
AlwaysShort,216,173.7906,2,0.5240,-54.9013,1
AlwaysShort,217,172.8800,2,0.2524,-54.6490,1
AlwaysShort,218,172.4437,2,0.3556,-54.2933,1
AlwaysShort,219,171.8304,2,0.0750,-54.2184,1
AlwaysShort,220,171.7016,2,-0.9690,-55.1874,1
AlwaysShort,221,173.3654,2,1.0180,-54.1694,1
AlwaysShort,222,171.6005,2,-0.2134,-54.3827,1
AlwaysShort,223,171.9667,2,0.8672,-53.5155,1
AlwaysShort,224,170.4753,2,0.2957,-53.2198,1
AlwaysShort,225,169.9712,2,-0.4529,-53.6727,1
AlwaysShort,226,170.7410,2,0.0518,-53.6209,1
AlwaysShort,227,170.6525,2,0.5846,-53.0363,1
AlwaysShort,228,169.6549,2,0.3877,-52.6486,1
AlwaysShort,229,168.9971,2,-0.2905,-52.9391,1
AlwaysShort,230,169.4881,2,0.3903,-52.5488,1
AlwaysShort,231,168.8266,2,-0.0764,-52.6252,1
AlwaysShort,232,168.9556,2,0.0084,-52.6168,1
AlwaysShort,233,168.9414,2,0.3381,-52.2788,1
AlwaysShort,234,168.3703,2,-1.0060,-53.2848,1
AlwaysShort,235,170.0641,2,-0.2359,-53.5206,1
AlwaysShort,236,170.4652,2,1.0244,-52.4963,1
AlwaysShort,237,168.7190,2,-0.0654,-52.5617,1
AlwaysShort,238,168.8294,2,0.3398,-52.2219,1
AlwaysShort,239,168.2557,2,-0.3960,-52.6179,1
AlwaysShort,240,168.9220,2,0.4043,-52.2136,1
AlwaysShort,241,168.2391,2,0.0633,-52.1503,1
AlwaysShort,242,168.1325,2,-0.2347,-52.3849,1
AlwaysShort,243,168.5271,2,-0.3937,-52.7786,1
AlwaysShort,244,169.1905,2,0.6044,-52.1742,1
AlwaysShort,245,168.1679,2,0.1658,-52.0084,1
AlwaysShort,246,167.8891,2,0.2247,-51.7837,1
AlwaysShort,247,167.5119,2,0.2991,-51.4846,1
AlwaysShort,248,167.0108,2,-0.8736,-52.3582,1
AlwaysShort,249,168.4698,2,-0.1767,-52.5349,1
AlwaysShort,250,168.7675,2,0.6221,-51.9128,1
AlwaysShort,251,167.7176,2,-0.4446,-52.3573,1
AlwaysShort,252,168.4632,2,-0.9924,-53.3497,1
AlwaysShort,253,170.1349,2,-0.4211,-53.7707,1
AlwaysShort,254,170.8513,2,0.7965,-52.9742,1
AlwaysShort,255,169.4904,2,0.2742,-52.7000,1
AlwaysShort,256,169.0257,2,-0.5676,-53.2676,1
AlwaysShort,257,169.9851,2,0.3931,-52.8745,1
AlwaysShort,258,169.3169,2,-0.1691,-53.0437,1
AlwaysShort,259,169.6033,2,-0.3165,-53.3601,1
AlwaysShort,260,170.1400,2,0.5004,-52.8598,1
AlwaysShort,261,169.2887,2,0.0679,-52.7919,1
AlwaysShort,262,169.1738,2,1.5691,-51.2228,1
AlwaysShort,263,166.5193,2,0.4494,-50.7734,1
AlwaysShort,264,165.7710,2,0.0564,-50.7171,1
AlwaysShort,265,165.6776,2,0.5341,-50.1829,1
AlwaysShort,266,164.7926,2,-0.8881,-51.0710,1
AlwaysShort,267,166.2561,2,0.6374,-50.4336,1
AlwaysShort,268,165.1964,2,0.1300,-50.3036,1
AlwaysShort,269,164.9817,2,-0.1532,-50.4568,1
AlwaysShort,270,165.2344,2,-0.7798,-51.2366,1
AlwaysShort,271,166.5229,2,0.6471,-50.5894,1
AlwaysShort,272,165.4452,2,-0.6379,-51.2274,1
AlwaysShort,273,166.5007,2,-0.0482,-51.2756,1
AlwaysShort,274,166.5810,2,0.4305,-50.8452,1
AlwaysShort,275,165.8639,2,-0.2856,-51.1307,1
AlwaysShort,276,166.3376,2,-0.1440,-51.2748,1
AlwaysShort,277,166.5771,2,0.2472,-51.0275,1
AlwaysShort,278,166.1653,2,-0.0871,-51.1146,1
AlwaysShort,279,166.3100,2,0.1362,-50.9784,1
AlwaysShort,280,166.0835,2,-0.1107,-51.0891,1
AlwaysShort,281,166.2673,2,-0.3690,-51.4581,1
AlwaysShort,282,166.8808,2,-0.7922,-52.2502,1
AlwaysShort,283,168.2028,2,0.5964,-51.6538,1
AlwaysShort,284,167.1996,2,-1.0428,-52.6966,1
AlwaysShort,285,168.9432,2,0.9540,-51.7427,1
AlwaysShort,286,167.3315,2,0.0543,-51.6884,1
AlwaysShort,287,167.2407,2,-0.3024,-51.9908,1
AlwaysShort,288,167.7465,2,-0.1399,-52.1307,1
AlwaysShort,289,167.9812,2,0.2977,-51.8331,1
AlwaysShort,290,167.4811,2,0.0856,-51.7474,1
AlwaysShort,291,167.3377,2,0.2176,-51.5299,1
AlwaysShort,292,166.9736,2,0.2533,-51.2765,1
AlwaysShort,293,166.5506,2,-0.4499,-51.7264,1
AlwaysShort,294,167.3000,2,-0.1900,-51.9164,1
AlwaysShort,295,167.6178,2,0.3210,-51.5954,1
AlwaysShort,296,167.0797,2,-0.4566,-52.0520,1
AlwaysShort,297,167.8426,2,-0.1495,-52.2015,1
AlwaysShort,298,168.0935,2,-0.3824,-52.5839,1
AlwaysShort,299,168.7363,2,-0.2750,-52.8589,1
AlwaysShort,300,169.2004,2,0.4291,-52.4298,1
AlwaysShort,301,168.4743,2,0.2818,-52.1481,1
AlwaysShort,302,167.9996,2,-0.3542,-52.5022,1
AlwaysShort,303,168.5947,2,-0.2703,-52.7726,1
AlwaysShort,304,169.0504,2,0.0426,-52.7299,1
AlwaysShort,305,168.9784,2,-0.0249,-52.7549,1
AlwaysShort,306,169.0205,2,-0.5729,-53.3277,1
AlwaysShort,307,169.9888,2,0.3386,-52.9892,1
AlwaysShort,308,169.4133,2,-0.2150,-53.2042,1
AlwaysShort,309,169.7775,2,0.1493,-53.0549,1
AlwaysShort,310,169.5240,2,0.1493,-52.9055,1
AlwaysShort,311,169.2708,2,-0.4801,-53.3856,1
AlwaysShort,312,170.0835,2,-0.3253,-53.7110,1
AlwaysShort,313,170.6368,2,-0.3025,-54.0134,1
AlwaysShort,314,171.1530,2,-0.5164,-54.5299,1
AlwaysShort,315,172.0369,2,0.1092,-54.4207,1
AlwaysShort,316,171.8490,2,-0.2038,-54.6245,1
AlwaysShort,317,172.1993,2,0.2677,-54.3568,1
AlwaysShort,318,171.7383,2,-0.0405,-54.3973,1
AlwaysShort,319,171.8079,2,0.1731,-54.2243,1
AlwaysShort,320,171.5106,2,0.0587,-54.1655,1
AlwaysShort,321,171.4098,2,-0.1767,-54.3422,1
AlwaysShort,322,171.7127,2,0.4910,-53.8512,1
AlwaysShort,323,170.8696,2,-0.8940,-54.7453,1
AlwaysShort,324,172.3972,2,0.5960,-54.1493,1
AlwaysShort,325,171.3697,2,0.6668,-53.4825,1
AlwaysShort,326,170.2271,2,-0.4772,-53.9597,1
AlwaysShort,327,171.0394,2,-0.2798,-54.2395,1
AlwaysShort,328,171.5179,2,-0.1869,-54.4264,1
AlwaysShort,329,171.8385,2,-0.1792,-54.6056,1
AlwaysShort,330,172.1465,2,0.1278,-54.4778,1
AlwaysShort,331,171.9265,2,0.5333,-53.9445,1
AlwaysShort,332,171.0096,2,0.0542,-53.8903,1
AlwaysShort,333,170.9169,2,0.4039,-53.4864,1
AlwaysShort,334,170.2265,2,-0.3912,-53.8776,1
AlwaysShort,335,170.8925,2,0.1551,-53.7224,1
AlwaysShort,336,170.6274,2,0.4657,-53.2568,1
AlwaysShort,337,169.8328,2,0.2070,-53.0498,1
AlwaysShort,338,169.4812,2,-0.1496,-53.1993,1
AlwaysShort,339,169.7347,2,0.3185,-52.8808,1
AlwaysShort,340,169.1942,2,0.4257,-52.4551,1
AlwaysShort,341,168.4738,2,-0.1000,-52.5551,1
AlwaysShort,342,168.6423,2,-0.0955,-52.6506,1
AlwaysShort,343,168.8033,2,0.2657,-52.3849,1
AlwaysShort,344,168.3548,2,0.2360,-52.1488,1
AlwaysShort,345,167.9574,2,-0.1101,-52.2589,1
AlwaysShort,346,168.1423,2,0.6949,-51.5641,1
AlwaysShort,347,166.9739,2,0.6453,-50.9188,1
AlwaysShort,348,165.8965,2,0.2848,-50.6340,1
AlwaysShort,349,165.4241,2,0.0271,-50.6069,1
AlwaysShort,350,165.3793,2,-0.2279,-50.8349,1
AlwaysShort,351,165.7562,2,-0.7780,-51.6129,1
AlwaysShort,352,167.0459,2,-0.4376,-52.0505,1
AlwaysShort,353,167.7769,2,0.0713,-51.9792,1
AlwaysShort,354,167.6573,2,0.0005,-51.9787,1
AlwaysShort,355,167.6564,2,0.4698,-51.5089,1
AlwaysShort,356,166.8687,2,-0.0233,-51.5322,1
AlwaysShort,357,166.9076,2,0.1073,-51.4249,1
AlwaysShort,358,166.7285,2,-0.1913,-51.6162,1
AlwaysShort,359,167.0474,2,0.3693,-51.2468,1
AlwaysShort,360,166.4305,2,-0.2951,-51.5419,1
AlwaysShort,361,166.9216,2,-0.7652,-52.3071,1
AlwaysShort,362,168.1989,2,0.0593,-52.2478,1
AlwaysShort,363,168.0991,2,-0.1866,-52.4344,1
AlwaysShort,364,168.4127,2,-0.3139,-52.7483,1
AlwaysShort,365,168.9414,2,0.2195,-52.5288,1
AlwaysShort,366,168.5705,2,-0.0878,-52.6165,1
AlwaysShort,367,168.7184,2,0.0170,-52.5995,1
AlwaysShort,368,168.6898,2,-0.0242,-52.6237,1
AlwaysShort,369,168.7306,2,0.3898,-52.2339,1
AlwaysShort,370,168.0728,2,-0.0078,-52.2417,1
AlwaysShort,371,168.0860,2,-0.2328,-52.4745,1
AlwaysShort,372,168.4773,2,-0.6732,-53.1477,1
AlwaysShort,373,169.6115,2,-0.4033,-53.5510,1
AlwaysShort,374,170.2955,2,-0.9424,-54.4935,1
AlwaysShort,375,171.9005,2,0.4722,-54.0213,1
AlwaysShort,376,171.0888,2,-0.3160,-54.3372,1
AlwaysShort,377,171.6294,2,0.0219,-54.3153,1
AlwaysShort,378,171.5917,2,-0.9146,-55.2300,1
AlwaysShort,379,173.1612,2,0.5241,-54.7059,1
AlwaysShort,380,172.2537,2,0.5151,-54.1908,1
AlwaysShort,381,171.3664,2,0.3797,-53.8111,1
AlwaysShort,382,170.7157,2,1.0765,-52.7346,1
AlwaysShort,383,168.8780,2,0.2767,-52.4579,1
AlwaysShort,384,168.4107,2,0.3745,-52.0834,1
AlwaysShort,385,167.7800,2,-0.0766,-52.1600,1
AlwaysShort,386,167.9085,2,-0.1639,-52.3239,1
AlwaysShort,387,168.1837,2,-0.8853,-53.2092,1
AlwaysShort,388,169.6726,2,-0.3972,-53.6063,1
AlwaysShort,389,170.3465,2,0.3415,-53.2649,1
AlwaysShort,390,169.7648,2,0.4770,-52.7879,1
AlwaysShort,391,168.9550,2,-0.2030,-52.9909,1
AlwaysShort,392,169.2980,2,0.6639,-52.3270,1
AlwaysShort,393,168.1741,2,-0.8644,-53.1914,1
AlwaysShort,394,169.6277,2,-0.5066,-53.6980,1
AlwaysShort,395,170.4871,2,0.2948,-53.4032,1
AlwaysShort,396,169.9846,2,0.8663,-52.5369,1
AlwaysShort,397,168.5120,2,-0.6259,-53.1628,1
AlwaysShort,398,169.5667,2,0.1019,-53.0609,1
AlwaysShort,399,169.3939,2,-0.5418,-53.6027,1
AlwaysShort,400,170.3116,2,0.8185,-52.7842,1
AlwaysShort,401,168.9177,2,0.3127,-52.4715,1
AlwaysShort,402,168.3895,2,0.0107,-52.4608,1
AlwaysShort,403,168.3714,2,-0.0096,-52.4704,1
AlwaysShort,404,168.3876,2,0.2270,-52.2434,1
AlwaysShort,405,168.0053,2,-0.2947,-52.5381,1
AlwaysShort,406,168.5005,2,0.5234,-52.0147,1
AlwaysShort,407,167.6186,2,0.0583,-51.9565,1
AlwaysShort,408,167.5209,2,-0.0701,-52.0265,1
AlwaysShort,409,167.6383,2,-0.2546,-52.2811,1
AlwaysShort,410,168.0651,2,-0.3351,-52.6162,1
AlwaysShort,411,168.6283,2,0.5539,-52.0624,1
AlwaysShort,412,167.6944,2,0.7244,-51.3380,1
AlwaysShort,413,166.4796,2,-0.6579,-51.9959,1
AlwaysShort,414,167.5749,2,-0.1696,-52.1656,1
AlwaysShort,415,167.8592,2,0.3542,-51.8113,1
AlwaysShort,416,167.2646,2,-0.7622,-52.5735,1
AlwaysShort,417,168.5395,2,-0.0372,-52.6108,1
AlwaysShort,418,168.6022,2,-0.5400,-53.1508,1
AlwaysShort,419,169.5127,2,0.0144,-53.1364,1
AlwaysShort,420,169.4883,2,-0.9271,-54.0635,1
AlwaysShort,421,171.0597,2,-0.7298,-54.7933,1
AlwaysShort,422,172.3081,2,0.2422,-54.5511,1
AlwaysShort,423,171.8907,2,-0.3374,-54.8885,1
AlwaysShort,424,172.4706,2,-0.1681,-55.0566,1
AlwaysShort,425,172.7606,2,-0.4944,-55.5509,1
AlwaysShort,426,173.6146,2,0.6080,-54.9430,1
AlwaysShort,427,172.5592,2,-0.1843,-55.1273,1
AlwaysShort,428,172.8772,2,-0.3471,-55.4744,1
AlwaysShort,429,173.4773,2,0.9705,-54.5039,1
AlwaysShort,430,171.7936,2,0.6631,-53.8408,1
AlwaysShort,431,170.6545,2,1.0354,-52.8054,1
AlwaysShort,432,168.8876,2,0.1556,-52.6499,1
AlwaysShort,433,168.6248,2,-0.3202,-52.9701,1
AlwaysShort,434,169.1648,2,-0.6744,-53.6445,1
AlwaysShort,435,170.3056,2,0.0345,-53.6099,1
AlwaysShort,436,170.2468,2,-0.6977,-54.3076,1
AlwaysShort,437,171.4345,2,0.7458,-53.5617,1
AlwaysShort,438,170.1559,2,0.8659,-52.6959,1
AlwaysShort,439,168.6826,2,0.0482,-52.6476,1
AlwaysShort,440,168.6012,2,-0.1627,-52.8104,1
AlwaysShort,441,168.8756,2,0.0431,-52.7673,1
AlwaysShort,442,168.8028,2,1.0053,-51.7620,1
AlwaysShort,443,167.1059,2,0.0176,-51.7444,1
AlwaysShort,444,167.0765,2,0.5987,-51.1458,1
AlwaysShort,445,166.0763,2,-0.3788,-51.5246,1
AlwaysShort,446,166.7054,2,-0.2131,-51.7376,1
AlwaysShort,447,167.0606,2,0.4237,-51.3140,1
AlwaysShort,448,166.3528,2,0.1993,-51.1147,1
AlwaysShort,449,166.0213,2,0.4525,-50.6622,1
AlwaysShort,450,165.2700,2,-0.0505,-50.7127,1
AlwaysShort,451,165.3536,2,-0.5404,-51.2531,1
AlwaysShort,452,166.2472,2,0.4233,-50.8298,1
AlwaysShort,453,165.5434,2,-0.3161,-51.1459,1
AlwaysShort,454,166.0667,2,0.1989,-50.9470,1
AlwaysShort,455,165.7363,2,0.3161,-50.6308,1
AlwaysShort,456,165.2124,2,-0.0308,-50.6617,1
AlwaysShort,457,165.2633,2,0.4200,-50.2416,1
AlwaysShort,458,164.5691,2,0.1666,-50.0750,1
AlwaysShort,459,164.2949,2,0.4722,-49.6028,1
AlwaysShort,460,163.5191,2,-1.0965,-50.6993,1
AlwaysShort,461,165.3121,2,-0.0967,-50.7959,1
AlwaysShort,462,165.4719,2,0.2636,-50.5323,1
AlwaysShort,463,165.0357,2,-0.1918,-50.7242,1
AlwaysShort,464,165.3522,2,-0.0240,-50.7482,1
AlwaysShort,465,165.3919,2,0.0297,-50.7184,1
AlwaysShort,466,165.3428,2,-0.3758,-51.0942,1
AlwaysShort,467,165.9641,2,-0.4248,-51.5190,1
AlwaysShort,468,166.6691,2,0.2164,-51.3026,1
AlwaysShort,469,166.3084,2,0.2278,-51.0748,1
AlwaysShort,470,165.9295,2,0.0719,-51.0029,1
AlwaysShort,471,165.8102,2,1.0463,-49.9566,1
AlwaysShort,472,164.0753,2,0.6209,-49.3357,1
AlwaysShort,473,163.0566,2,-0.8205,-50.1562,1
AlwaysShort,474,164.3944,2,-0.9084,-51.0646,1
AlwaysShort,475,165.8879,2,0.0581,-51.0065,1
AlwaysShort,476,165.7914,2,-0.3431,-51.3496,1
AlwaysShort,477,166.3603,2,-0.1973,-51.5468,1
AlwaysShort,478,166.6885,2,-1.5153,-53.0622,1
AlwaysShort,479,169.2143,2,-0.4918,-53.5539,1
AlwaysShort,480,170.0464,2,0.1220,-53.4319,1
AlwaysShort,481,169.8390,2,0.5059,-52.9260,1
AlwaysShort,482,168.9798,2,0.7912,-52.1348,1
AlwaysShort,483,167.6428,2,-0.1061,-52.2409,1
AlwaysShort,484,167.8206,2,0.3569,-51.8840,1
AlwaysShort,485,167.2217,2,0.6588,-51.2252,1
AlwaysShort,486,166.1200,2,0.2565,-50.9687,1
AlwaysShort,487,165.6939,2,0.4543,-50.5144,1
AlwaysShort,488,164.9411,2,-0.9093,-51.4237,1
AlwaysShort,489,166.4410,2,-0.4689,-51.8926,1
AlwaysShort,490,167.2214,2,-0.0178,-51.9104,1
AlwaysShort,491,167.2512,2,-0.7286,-52.6390,1
AlwaysShort,492,168.4697,2,-0.0211,-52.6601,1
AlwaysShort,493,168.5053,2,0.4256,-52.2345,1
AlwaysShort,494,167.7882,2,-0.7308,-52.9654,1
AlwaysShort,495,169.0145,2,-0.2234,-53.1888,1
AlwaysShort,496,169.3921,2,0.5326,-52.6561,1
AlwaysShort,497,168.4898,2,0.1066,-52.5496,1
AlwaysShort,498,168.3103,2,0.4271,-52.1225,1
AlwaysShort,499,167.5914,2,0.6496,-51.4729,1
AlwaysShort,500,166.5028,2,-0.4883,-51.9612,1
AlwaysShort,501,167.3158,2,-0.9317,-52.8929,1
AlwaysShort,502,168.8747,2,0.6901,-52.2028,1
AlwaysShort,503,167.7093,2,-0.2755,-52.4783,1
AlwaysShort,504,168.1714,2,0.3163,-52.1620,1
AlwaysShort,505,167.6395,2,0.2234,-51.9386,1
AlwaysShort,506,167.2650,2,0.2630,-51.6756,1
AlwaysShort,507,166.8250,2,0.3808,-51.2948,1
AlwaysShort,508,166.1897,2,-0.0761,-51.3709,1
AlwaysShort,509,166.3163,2,0.3508,-51.0201,1
AlwaysShort,510,165.7329,2,-0.1972,-51.2174,1
AlwaysShort,511,166.0598,2,-0.0325,-51.2499,1
AlwaysShort,512,166.1138,2,0.0600,-51.1899,1
AlwaysShort,513,166.0141,2,0.3792,-50.8107,1
AlwaysShort,514,165.3845,2,0.2016,-50.6091,1
AlwaysShort,515,165.0511,2,-0.4538,-51.0628,1
AlwaysShort,516,165.8000,2,-0.3063,-51.3692,1
AlwaysShort,517,166.3079,2,0.4211,-50.9481,1
AlwaysShort,518,165.6077,2,-0.1185,-51.0666,1
AlwaysShort,519,165.8039,2,-0.4271,-51.4937,1
AlwaysShort,520,166.5120,2,0.7591,-50.7346,1
AlwaysShort,521,165.2481,2,-0.3446,-51.0792,1
AlwaysShort,522,165.8175,2,0.2556,-50.8236,1
AlwaysShort,523,165.3937,2,-0.3531,-51.1767,1
AlwaysShort,524,165.9777,2,0.3087,-50.8681,1
AlwaysShort,525,165.4654,2,0.7977,-50.0703,1
AlwaysShort,526,164.1454,2,0.6775,-49.3928,1
AlwaysShort,527,163.0333,2,-0.1742,-49.5670,1
AlwaysShort,528,163.3173,2,-0.2689,-49.8358,1
AlwaysShort,529,163.7564,2,0.3139,-49.5219,1
AlwaysShort,530,163.2423,2,-0.4570,-49.9789,1
AlwaysShort,531,163.9882,2,0.6900,-49.2889,1
AlwaysShort,532,162.8568,2,-0.1237,-49.4126,1
AlwaysShort,533,163.0582,2,0.4443,-48.9683,1
AlwaysShort,534,162.3337,2,0.1484,-48.8198,1
AlwaysShort,535,162.0927,2,-0.2039,-49.0237,1
AlwaysShort,536,162.4232,2,0.2538,-48.7698,1
AlwaysShort,537,162.0109,2,0.0068,-48.7630,1
AlwaysShort,538,161.9999,2,-0.6804,-49.4434,1
AlwaysShort,539,163.1021,2,0.1345,-49.3089,1
AlwaysShort,540,162.8827,2,-0.5658,-49.8747,1
AlwaysShort,541,163.8043,2,0.4254,-49.4493,1
AlwaysShort,542,163.1075,2,-0.4081,-49.8574,1
AlwaysShort,543,163.7731,2,-0.8315,-50.6889,1
AlwaysShort,544,165.1349,2,1.1124,-49.5766,1
AlwaysShort,545,163.2980,2,0.2482,-49.3284,1
AlwaysShort,546,162.8928,2,-0.4384,-49.7669,1
AlwaysShort,547,163.6070,2,-0.0332,-49.8001,1
AlwaysShort,548,163.6614,2,-0.3122,-50.1124,1
AlwaysShort,549,164.1724,2,0.1795,-49.9329,1
AlwaysShort,550,163.8778,2,-0.1663,-50.0992,1
AlwaysShort,551,164.1503,2,-0.0397,-50.1389,1
AlwaysShort,552,164.2155,2,-0.6824,-50.8213,1
AlwaysShort,553,165.3361,2,-0.2020,-51.0233,1
AlwaysShort,554,165.6700,2,-0.2316,-51.2549,1
AlwaysShort,555,166.0538,2,0.1415,-51.1134,1
AlwaysShort,556,165.8188,2,0.1712,-50.9422,1
AlwaysShort,557,165.5349,2,0.1363,-50.8059,1
AlwaysShort,558,165.3093,2,-0.2706,-51.0765,1
AlwaysShort,559,165.7566,2,0.1372,-50.9393,1
AlwaysShort,560,165.5291,2,-0.2130,-51.1523,1
AlwaysShort,561,165.8817,2,-1.0631,-52.2153,1
AlwaysShort,562,167.6451,2,-0.4246,-52.6399,1
AlwaysShort,563,168.3569,2,0.1672,-52.4727,1
AlwaysShort,564,168.0754,2,-0.5678,-53.0405,1
AlwaysShort,565,169.0298,2,0.2253,-52.8153,1
AlwaysShort,566,168.6490,2,0.9877,-51.8276,1
AlwaysShort,567,166.9833,2,0.4542,-51.3734,1
AlwaysShort,568,166.2248,2,0.8487,-50.5247,1
AlwaysShort,569,164.8141,2,0.0757,-50.4490,1
AlwaysShort,570,164.6894,2,-0.1077,-50.5567,1
AlwaysShort,571,164.8668,2,-0.9068,-51.4635,1
AlwaysShort,572,166.3618,2,-0.2048,-51.6683,1
AlwaysShort,573,166.7025,2,0.0679,-51.6004,1
AlwaysShort,574,166.5892,2,-0.4389,-52.0393,1
AlwaysShort,575,167.3205,2,1.0386,-51.0007,1
AlwaysShort,576,165.5827,2,-0.1851,-51.1859,1
AlwaysShort,577,165.8893,2,-0.4337,-51.6195,1
AlwaysShort,578,166.6087,2,0.6699,-50.9496,1
AlwaysShort,579,165.4925,2,-0.6270,-51.5766,1
AlwaysShort,580,166.5301,2,-0.2051,-51.7816,1
AlwaysShort,581,166.8716,2,0.1670,-51.6147,1
AlwaysShort,582,166.5929,2,-0.3444,-51.9591,1
AlwaysShort,583,167.1667,2,-1.1099,-53.0690,1
AlwaysShort,584,169.0221,2,-0.0542,-53.1232,1
AlwaysShort,585,169.1137,2,-0.0828,-53.2060,1
AlwaysShort,586,169.2537,2,0.2558,-52.9502,1
AlwaysShort,587,168.8208,2,0.4287,-52.5215,1
AlwaysShort,588,168.0970,2,-0.3906,-52.9121,1
AlwaysShort,589,168.7536,2,0.4298,-52.4822,1
AlwaysShort,590,168.0283,2,-0.0316,-52.5138,1
AlwaysShort,591,168.0813,2,0.2314,-52.2823,1
AlwaysShort,592,167.6923,2,-0.2360,-52.5183,1
AlwaysShort,593,168.0880,2,-0.1545,-52.6728,1
AlwaysShort,594,168.3477,2,-0.4810,-53.1539,1
AlwaysShort,595,169.1575,2,0.2771,-52.8768,1
AlwaysShort,596,168.6888,2,0.1501,-52.7267,1
AlwaysShort,597,168.4357,2,0.4795,-52.2472,1
AlwaysShort,598,167.6281,2,0.2026,-52.0446,1
AlwaysShort,599,167.2884,2,-0.2000,-52.2446,1
AlwaysShort,600,167.6230,2,-0.3708,-52.6155,1
AlwaysShort,601,168.2446,2,0.4474,-52.1680,1
AlwaysShort,602,167.4918,2,-0.4288,-52.5969,1
AlwaysShort,603,168.2101,2,-0.6368,-53.2337,1
AlwaysShort,604,169.2813,2,-0.1559,-53.3896,1
AlwaysShort,605,169.5452,2,-0.8383,-54.2279,1
AlwaysShort,606,170.9665,2,0.4505,-53.7774,1
AlwaysShort,607,170.1963,2,0.6512,-53.1262,1
AlwaysShort,608,169.0880,2,0.8754,-52.2508,1
AlwaysShort,609,167.6078,2,-0.7241,-52.9749,1
AlwaysShort,610,168.8214,2,-0.2841,-53.2590,1
AlwaysShort,611,169.3010,2,0.0664,-53.1926,1
AlwaysShort,612,169.1887,2,-0.0956,-53.2882,1
AlwaysShort,613,169.3504,2,0.5732,-52.7150,1
AlwaysShort,614,168.3797,2,-1.1491,-53.8641,1
AlwaysShort,615,170.3145,2,0.0089,-53.8552,1
AlwaysShort,616,170.2993,2,0.0178,-53.8374,1
AlwaysShort,617,170.2690,2,-0.2727,-54.1101,1
AlwaysShort,618,170.7334,2,-0.1437,-54.2538,1
AlwaysShort,619,170.9787,2,-0.0160,-54.2698,1
AlwaysShort,620,171.0060,2,0.4593,-53.8104,1
AlwaysShort,621,170.2205,2,-0.1547,-53.9651,1
AlwaysShort,622,170.4839,2,-0.8086,-54.7738,1
AlwaysShort,623,171.8625,2,-0.5123,-55.2860,1
AlwaysShort,624,172.7429,2,-0.5989,-55.8850,1
AlwaysShort,625,173.7775,2,0.4032,-55.4818,1
AlwaysShort,626,173.0768,2,0.6057,-54.8761,1
AlwaysShort,627,172.0285,2,0.1772,-54.6988,1
AlwaysShort,628,171.7236,2,0.0841,-54.6147,1
AlwaysShort,629,171.5792,2,-0.4042,-55.0190,1
AlwaysShort,630,172.2727,2,0.9116,-54.1074,1
AlwaysShort,631,170.7023,2,-0.6360,-54.7434,1
AlwaysShort,632,171.7880,2,0.1855,-54.5579,1
AlwaysShort,633,171.4694,2,0.3020,-54.2559,1
AlwaysShort,634,170.9516,2,0.5616,-53.6943,1
AlwaysShort,635,169.9915,2,0.8390,-52.8553,1
AlwaysShort,636,168.5652,2,-0.3722,-53.2275,1
AlwaysShort,637,169.1927,2,0.0022,-53.2253,1
AlwaysShort,638,169.1889,2,0.6468,-52.5785,1
AlwaysShort,639,168.0947,2,0.6208,-51.9577,1
AlwaysShort,640,167.0510,2,0.1341,-51.8236,1
AlwaysShort,641,166.8270,2,-0.8338,-52.6574,1
AlwaysShort,642,168.2181,2,0.1316,-52.5258,1
AlwaysShort,643,167.9967,2,0.7174,-51.8084,1
AlwaysShort,644,166.7915,2,0.0833,-51.7251,1
AlwaysShort,645,166.6525,2,0.0922,-51.6329,1
AlwaysShort,646,166.4989,2,1.2524,-50.3805,1
AlwaysShort,647,164.4136,2,-0.0809,-50.4614,1
AlwaysShort,648,164.5467,2,0.0091,-50.4524,1
AlwaysShort,649,164.5318,2,-0.4422,-50.8946,1
AlwaysShort,650,165.2593,2,-0.9763,-51.8708,1
AlwaysShort,651,166.8727,2,-0.5722,-52.4430,1
AlwaysShort,652,167.8275,2,0.1247,-52.3183,1
AlwaysShort,653,167.6182,2,0.5184,-51.7999,1
AlwaysShort,654,166.7493,2,-1.2704,-53.0703,1
AlwaysShort,655,168.8677,2,-0.0007,-53.0710,1
AlwaysShort,656,168.8688,2,0.0208,-53.0502,1
AlwaysShort,657,168.8337,2,0.0378,-53.0124,1
AlwaysShort,658,168.7699,2,-0.0694,-53.0818,1
AlwaysShort,659,168.8871,2,0.0963,-52.9855,1
AlwaysShort,660,168.7244,2,0.2951,-52.6904,1
AlwaysShort,661,168.2264,2,0.2685,-52.4219,1
AlwaysShort,662,167.7748,2,0.0106,-52.4113,1
AlwaysShort,663,167.7570,2,0.2536,-52.1577,1
AlwaysShort,664,167.3316,2,0.3225,-51.8352,1
AlwaysShort,665,166.7920,2,-0.0856,-51.9208,1
AlwaysShort,666,166.9347,2,0.0920,-51.8288,1
AlwaysShort,667,166.7811,2,-0.7563,-52.5851,1
AlwaysShort,668,168.0425,2,1.2650,-51.3201,1
AlwaysShort,669,165.9167,2,-0.5874,-51.9075,1
AlwaysShort,670,166.8913,2,-0.6288,-52.5363,1
AlwaysShort,671,167.9408,2,0.9876,-51.5487,1
AlwaysShort,672,166.2822,2,0.1149,-51.4338,1
AlwaysShort,673,166.0911,2,0.1231,-51.3107,1
AlwaysShort,674,165.8866,2,0.6168,-50.6939,1
AlwaysShort,675,164.8634,2,0.2840,-50.4099,1
AlwaysShort,676,164.3952,2,0.4325,-49.9773,1
AlwaysShort,677,163.6842,2,-0.9865,-50.9639,1
AlwaysShort,678,165.2989,2,-0.5328,-51.4967,1
AlwaysShort,679,166.1797,2,-0.6652,-52.1619,1
AlwaysShort,680,167.2852,2,-0.3648,-52.5267,1
AlwaysShort,681,167.8954,2,0.5365,-51.9902,1
AlwaysShort,682,166.9946,2,0.2229,-51.7673,1
AlwaysShort,683,166.6224,2,-0.2746,-52.0419,1
AlwaysShort,684,167.0800,2,0.5593,-51.4826,1
AlwaysShort,685,166.1455,2,-0.3974,-51.8800,1
AlwaysShort,686,166.8058,2,0.0812,-51.7989,1
AlwaysShort,687,166.6704,2,0.1417,-51.6571,1
AlwaysShort,688,166.4342,2,-0.3871,-52.0442,1
AlwaysShort,689,167.0784,2,-0.2386,-52.2828,1
AlwaysShort,690,167.4771,2,0.1585,-52.1243,1
AlwaysShort,691,167.2117,2,-0.5766,-52.7009,1
AlwaysShort,692,168.1757,2,0.5212,-52.1797,1
AlwaysShort,693,167.2993,2,-0.3138,-52.4935,1
AlwaysShort,694,167.8242,2,-0.2863,-52.7798,1
AlwaysShort,695,168.3047,2,0.1579,-52.6219,1
AlwaysShort,696,168.0390,2,-0.1524,-52.7744,1
AlwaysShort,697,168.2951,2,0.6052,-52.1692,1
AlwaysShort,698,167.2767,2,-0.4619,-52.6311,1
AlwaysShort,699,168.0492,2,0.0912,-52.5399,1
AlwaysShort,700,167.8960,2,1.1328,-51.4071,1
AlwaysShort,701,165.9941,2,-1.6948,-53.1019,2
AlwaysShort,702,168.8074,2,1.4494,-51.6525,2
AlwaysShort,703,166.3607,2,2.7405,-48.9120,2
AlwaysShort,704,161.8015,2,3.0924,-45.8195,2
AlwaysShort,705,156.7979,2,-0.9466,-46.7662,2
AlwaysShort,706,158.2822,2,2.6377,-44.1285,2
AlwaysShort,707,154.1072,2,-3.1995,-47.3280,2
AlwaysShort,708,159.0378,2,4.1371,-43.1909,2
AlwaysShort,709,152.4583,2,-3.1193,-46.3102,2
AlwaysShort,710,157.2140,2,-0.1904,-46.5006,2
AlwaysShort,711,157.5133,2,0.3961,-46.1045,2
AlwaysShort,712,156.8894,2,1.2547,-44.8498,2
AlwaysShort,713,154.9209,2,-0.5575,-45.4073,2
AlwaysShort,714,155.7846,2,0.2867,-45.1206,2
AlwaysShort,715,155.3380,2,-1.9159,-47.0365,2
AlwaysShort,716,158.3141,2,-0.0057,-47.0422,2
AlwaysShort,717,158.3231,2,-0.0740,-47.1162,2
AlwaysShort,718,158.4403,2,0.8991,-46.2171,2
AlwaysShort,719,157.0157,2,0.3213,-45.8957,2
AlwaysShort,720,156.5111,2,-0.3768,-46.2725,2
AlwaysShort,721,157.1008,2,3.4782,-42.7943,2
AlwaysShort,722,151.6365,2,2.8874,-39.9069,2
AlwaysShort,723,147.2583,2,-1.2876,-41.1945,2
AlwaysShort,724,149.1543,2,-0.1199,-41.3144,2
AlwaysShort,725,149.3332,2,0.5931,-40.7213,2
AlwaysShort,726,148.4475,2,0.1876,-40.5338,2
AlwaysShort,727,148.1691,2,-0.4785,-41.0123,2
AlwaysShort,728,148.8781,2,1.3118,-39.7005,2
AlwaysShort,729,146.9251,2,1.8163,-37.8841,2
AlwaysShort,730,144.2564,2,-0.1759,-38.0601,2
AlwaysShort,731,144.5102,2,2.2620,-35.7981,2
AlwaysShort,732,141.2414,2,-0.6309,-36.4289,2
AlwaysShort,733,142.1324,2,3.8285,-32.6005,2
AlwaysShort,734,136.6909,2,-2.0146,-34.6150,2
AlwaysShort,735,139.4447,2,-0.7774,-35.3924,2
AlwaysShort,736,140.5287,2,-0.3091,-35.7015,2
AlwaysShort,737,140.9631,2,-1.8546,-37.5562,2
AlwaysShort,738,143.5774,2,-3.2475,-40.8037,2
AlwaysShort,739,148.2401,2,-1.8277,-42.6314,2
AlwaysShort,740,150.9495,2,3.8797,-38.7517,2
AlwaysShort,741,145.0931,2,2.8757,-35.8760,2
AlwaysShort,742,140.9207,2,1.5670,-34.3090,2
AlwaysShort,743,138.7125,2,0.1842,-34.1248,2
AlwaysShort,744,138.4570,2,-0.8806,-35.0054,2
AlwaysShort,745,139.6763,2,1.7977,-33.2077,2
AlwaysShort,746,137.1653,2,-0.1652,-33.3729,2
AlwaysShort,747,137.3919,2,1.8923,-31.4806,2
AlwaysShort,748,134.7920,2,1.6086,-29.8720,2
AlwaysShort,749,132.6237,2,3.4336,-26.4384,2
AlwaysShort,750,128.0700,2,2.4232,-24.0152,2
AlwaysShort,751,124.9665,2,3.5120,-20.5032,2
AlwaysShort,752,120.5778,2,2.7048,-17.7984,2
AlwaysShort,753,117.3164,2,-2.4099,-20.2083,2
AlwaysShort,754,120.1436,2,2.6484,-17.5599,2
AlwaysShort,755,116.9617,2,-6.4666,-24.0265,2
AlwaysShort,756,124.5251,2,-0.9205,-24.9469,2
AlwaysShort,757,125.6713,2,-0.1757,-25.1226,2
AlwaysShort,758,125.8921,2,2.3106,-22.8121,2
AlwaysShort,759,122.9833,2,-1.4369,-24.2490,2
AlwaysShort,760,124.7505,2,1.6518,-22.5972,2
AlwaysShort,761,122.6898,2,-0.0263,-22.6235,2
AlwaysShort,762,122.7221,2,-5.9863,-28.6098,2
AlwaysShort,763,130.0686,2,0.4781,-28.1317,2
AlwaysShort,764,129.4467,2,-2.4057,-30.5374,2
AlwaysShort,765,132.5608,2,1.8431,-28.6942,2
AlwaysShort,766,130.1175,2,0.3372,-28.3571,2
AlwaysShort,767,129.6789,2,-3.8392,-32.1963,2
AlwaysShort,768,134.6575,2,1.6446,-30.5517,2
AlwaysShort,769,132.4429,2,-3.8534,-34.4051,2
AlwaysShort,770,137.5465,2,-1.3010,-35.7061,2
AlwaysShort,771,139.3360,2,1.4505,-34.2556,2
AlwaysShort,772,137.3149,2,-1.1386,-35.3942,2
AlwaysShort,773,138.8784,2,-1.8606,-37.2548,2
AlwaysShort,774,141.4623,2,-1.0828,-38.3375,2
AlwaysShort,775,142.9940,2,3.5277,-34.8098,2
AlwaysShort,776,137.9496,2,1.8232,-32.9866,2
AlwaysShort,777,135.4345,2,0.7947,-32.1919,2
AlwaysShort,778,134.3582,2,0.4146,-31.7773,2
AlwaysShort,779,133.8011,2,-1.1422,-32.9195,2
AlwaysShort,780,135.3294,2,-0.1473,-33.0668,2
AlwaysShort,781,135.5288,2,3.2021,-29.8647,2
AlwaysShort,782,131.1890,2,-0.6150,-30.4798,2
AlwaysShort,783,131.9959,2,-1.1349,-31.6147,2
AlwaysShort,784,133.4939,2,-1.0080,-32.6227,2
AlwaysShort,785,134.8395,2,-2.1571,-34.7798,2
AlwaysShort,786,137.7482,2,-1.5739,-36.3537,2
AlwaysShort,787,139.9162,2,-0.7460,-37.0997,2
AlwaysShort,788,140.9600,2,0.3861,-36.7136,2
AlwaysShort,789,140.4158,2,3.7863,-32.9273,2
AlwaysShort,790,135.0992,2,-0.7070,-33.6343,2
AlwaysShort,791,136.0543,2,-0.2127,-33.8469,2
AlwaysShort,792,136.3436,2,-0.3528,-34.1997,2
AlwaysShort,793,136.8246,2,3.0433,-31.1564,2
AlwaysShort,794,132.6606,2,2.6963,-28.4601,2
AlwaysShort,795,129.0837,2,-2.1891,-30.6492,2
AlwaysShort,796,131.9095,2,0.3430,-30.3063,2
AlwaysShort,797,131.4571,2,-1.3014,-31.6076,2
AlwaysShort,798,133.1678,2,0.1868,-31.4208,2
AlwaysShort,799,132.9190,2,0.1839,-31.2369,2
AlwaysShort,800,132.6746,2,-1.8701,-33.1070,2
AlwaysShort,801,135.1557,2,1.3924,-31.7146,2
AlwaysShort,802,133.2738,2,0.0340,-31.6806,2
AlwaysShort,803,133.2285,2,1.2914,-30.3891,2
AlwaysShort,804,131.5079,2,1.2450,-29.1442,2
AlwaysShort,805,129.8707,2,0.9712,-28.1730,2
AlwaysShort,806,128.6094,2,-0.2587,-28.4317,2
AlwaysShort,807,128.9421,2,1.3727,-27.0590,2
AlwaysShort,808,127.1721,2,-2.6999,-29.7589,2
AlwaysShort,809,130.6057,2,2.3104,-27.4485,2
AlwaysShort,810,127.5881,2,0.7010,-26.7475,2
AlwaysShort,811,126.6938,2,1.3047,-25.4428,2
AlwaysShort,812,125.0408,2,-3.2047,-28.6476,2
AlwaysShort,813,129.0480,2,-0.1983,-28.8459,2
AlwaysShort,814,129.3040,2,-2.1359,-30.9818,2
AlwaysShort,815,132.0658,2,3.6273,-27.3545,2
AlwaysShort,816,127.2754,2,-0.3672,-27.7217,2
AlwaysShort,817,127.7428,2,-1.8280,-29.5498,2
AlwaysShort,818,130.0779,2,0.0668,-29.4830,2
AlwaysShort,819,129.9910,2,-2.2022,-31.6852,2
AlwaysShort,820,132.8538,2,1.4193,-30.2659,2
AlwaysShort,821,130.9682,2,-2.9735,-33.2394,2
AlwaysShort,822,134.8625,2,-4.8664,-38.1058,2
AlwaysShort,823,141.4254,2,1.0057,-37.1001,2
AlwaysShort,824,140.0032,2,1.1930,-35.9071,2
AlwaysShort,825,138.3329,2,-2.9107,-38.8178,2
AlwaysShort,826,142.3594,2,-3.0943,-41.9121,2
AlwaysShort,827,146.7643,2,1.2962,-40.6159,2
AlwaysShort,828,144.8620,2,1.1006,-39.5153,2
AlwaysShort,829,143.2677,2,0.8230,-38.6923,2
AlwaysShort,830,142.0887,2,3.0735,-35.6189,2
AlwaysShort,831,137.7216,2,2.2434,-33.3754,2
AlwaysShort,832,134.6319,2,2.4854,-30.8900,2
AlwaysShort,833,131.2857,2,2.0087,-28.8813,2
AlwaysShort,834,128.6486,2,0.3403,-28.5410,2
AlwaysShort,835,128.2108,2,-0.2877,-28.8288,2
AlwaysShort,836,128.5797,2,-3.3580,-32.1868,2
AlwaysShort,837,132.8975,2,2.5048,-29.6820,2
AlwaysShort,838,129.5687,2,-2.0215,-31.7035,2
AlwaysShort,839,132.1879,2,0.7381,-30.9654,2
AlwaysShort,840,131.2122,2,0.3674,-30.5980,2
AlwaysShort,841,130.7301,2,-1.2933,-31.8913,2
AlwaysShort,842,132.4208,2,2.7956,-29.0957,2
AlwaysShort,843,128.7189,2,-0.6320,-29.7277,2
AlwaysShort,844,129.5324,2,-0.1279,-29.8556,2
AlwaysShort,845,129.6981,2,-0.8818,-30.7373,2
AlwaysShort,846,130.8417,2,-0.4080,-31.1453,2
AlwaysShort,847,131.3754,2,-5.3527,-36.4980,2
AlwaysShort,848,138.4076,2,1.6234,-34.8746,2
AlwaysShort,849,136.1607,2,1.4150,-33.4595,2
AlwaysShort,850,134.2339,2,1.6413,-31.8183,2
AlwaysShort,851,132.0308,2,1.5149,-30.3033,2
AlwaysShort,852,130.0306,2,1.7272,-28.5761,2
AlwaysShort,853,127.7847,2,-2.5303,-31.1064,2
AlwaysShort,854,131.0180,2,-2.9979,-34.1043,2
AlwaysShort,855,134.9458,2,1.5161,-32.5882,2
AlwaysShort,856,132.8999,2,2.1300,-30.4581,2
AlwaysShort,857,130.0691,2,-0.8307,-31.2889,2
AlwaysShort,858,131.1496,2,1.5177,-29.7712,2
AlwaysShort,859,129.1592,2,-1.2117,-30.9829,2
AlwaysShort,860,130.7242,2,-0.2104,-31.1933,2
AlwaysShort,861,130.9993,2,3.7259,-27.4674,2
AlwaysShort,862,126.1183,2,-3.4165,-30.8838,2
AlwaysShort,863,130.4271,2,-3.8749,-34.7587,2
AlwaysShort,864,135.4810,2,1.6032,-33.1555,2
AlwaysShort,865,133.3089,2,1.1228,-32.0326,2
AlwaysShort,866,131.8120,2,-0.3974,-32.4301,2
AlwaysShort,867,132.3359,2,-0.5060,-32.9361,2
AlwaysShort,868,133.0055,2,-1.2345,-34.1706,2
AlwaysShort,869,134.6474,2,-4.2310,-38.4015,2
AlwaysShort,870,140.3443,2,0.6160,-37.7855,2
AlwaysShort,871,139.4798,2,1.9563,-35.8292,2
AlwaysShort,872,136.7511,2,3.2699,-32.5592,2
AlwaysShort,873,132.2794,2,1.9100,-30.6493,2
AlwaysShort,874,129.7529,2,0.3338,-30.3155,2
AlwaysShort,875,129.3198,2,-3.9050,-34.2205,2
AlwaysShort,876,134.3697,2,1.4040,-32.8164,2
AlwaysShort,877,132.4832,2,-0.2548,-33.0713,2
AlwaysShort,878,132.8208,2,0.2884,-32.7829,2
AlwaysShort,879,132.4378,2,-2.4400,-35.2229,2
AlwaysShort,880,135.6693,2,-5.3417,-40.5646,2
AlwaysShort,881,142.9163,2,1.3479,-39.2167,2
AlwaysShort,882,140.9900,2,1.2781,-37.9386,2
AlwaysShort,883,139.1879,2,-2.0108,-39.9494,2
AlwaysShort,884,141.9867,2,-1.2057,-41.1551,2
AlwaysShort,885,143.6986,2,-3.6231,-44.7782,2
AlwaysShort,886,148.9050,2,-0.9523,-45.7305,2
AlwaysShort,887,150.3231,2,0.9391,-44.7915,2
AlwaysShort,888,148.9115,2,-0.9658,-45.7573,2
AlwaysShort,889,150.3497,2,-1.9903,-47.7476,2
AlwaysShort,890,153.3421,2,-1.3876,-49.1351,2
AlwaysShort,891,155.4698,2,-0.7642,-49.8993,2
AlwaysShort,892,156.6579,2,-1.8297,-51.7290,2
AlwaysShort,893,159.5242,2,-1.9898,-53.7188,2
AlwaysShort,894,162.6983,2,-2.3434,-56.0622,2
AlwaysShort,895,166.5111,2,-0.9683,-57.0305,2
AlwaysShort,896,168.1235,2,0.4967,-56.5338,2
AlwaysShort,897,167.2884,2,-0.0636,-56.5974,2
AlwaysShort,898,167.3948,2,-1.9629,-58.5603,2
AlwaysShort,899,170.6806,2,1.6314,-56.9289,2
AlwaysNeutral,0,100.0000,1,0.0000,0.0000,0
AlwaysNeutral,1,100.7999,1,0.0000,0.0000,0
AlwaysNeutral,2,100.9631,1,0.0000,0.0000,0
AlwaysNeutral,3,101.9244,1,0.0000,0.0000,0
AlwaysNeutral,4,103.7996,1,0.0000,0.0000,0
AlwaysNeutral,5,103.8679,1,0.0000,0.0000,0
AlwaysNeutral,6,103.9364,1,0.0000,0.0000,0
AlwaysNeutral,7,105.9080,1,0.0000,0.0000,0
AlwaysNeutral,8,107.0446,1,-0.0000,0.0000,0
AlwaysNeutral,9,106.8633,1,0.0000,0.0000,0
AlwaysNeutral,10,107.7675,1,-0.0000,0.0000,0
AlwaysNeutral,11,107.5916,1,-0.0000,0.0000,0
AlwaysNeutral,12,107.4134,1,0.0000,0.0000,0
AlwaysNeutral,13,107.9971,1,-0.0000,0.0000,0
AlwaysNeutral,14,106.2688,1,-0.0000,0.0000,0
AlwaysNeutral,15,104.7653,1,-0.0000,0.0000,0
AlwaysNeutral,16,104.4909,1,-0.0000,0.0000,0
AlwaysNeutral,17,103.7487,1,0.0000,0.0000,0
AlwaysNeutral,18,104.3879,1,-0.0000,0.0000,0
AlwaysNeutral,19,103.7551,1,-0.0000,0.0000,0
AlwaysNeutral,20,102.6074,1,0.0000,0.0000,0
AlwaysNeutral,21,104.4352,1,0.0000,0.0000,0
AlwaysNeutral,22,104.5128,1,0.0000,0.0000,0
AlwaysNeutral,23,104.8976,1,-0.0000,0.0000,0
AlwaysNeutral,24,103.7244,1,-0.0000,0.0000,0
AlwaysNeutral,25,103.4712,1,0.0000,0.0000,0
AlwaysNeutral,26,103.8972,1,-0.0000,0.0000,0
AlwaysNeutral,27,103.0168,1,0.0000,0.0000,0
AlwaysNeutral,28,103.7153,1,-0.0000,0.0000,0
AlwaysNeutral,29,103.4039,1,0.0000,0.0000,0
AlwaysNeutral,30,103.4125,1,-0.0000,0.0000,0
AlwaysNeutral,31,103.1010,1,0.0000,0.0000,0
AlwaysNeutral,32,105.3441,1,0.0000,0.0000,0
AlwaysNeutral,33,105.6463,1,-0.0000,0.0000,0
AlwaysNeutral,34,104.8488,1,0.0000,0.0000,0
AlwaysNeutral,35,106.0325,1,-0.0000,0.0000,0
AlwaysNeutral,36,105.0605,1,0.0000,0.0000,0
AlwaysNeutral,37,105.5965,1,-0.0000,0.0000,0
AlwaysNeutral,38,103.8584,1,-0.0000,0.0000,0
AlwaysNeutral,39,102.7960,1,0.0000,0.0000,0
AlwaysNeutral,40,103.3081,1,0.0000,0.0000,0
AlwaysNeutral,41,104.3865,1,0.0000,0.0000,0
AlwaysNeutral,42,104.8797,1,0.0000,0.0000,0
AlwaysNeutral,43,105.0732,1,-0.0000,0.0000,0
AlwaysNeutral,44,105.0720,1,-0.0000,0.0000,0
AlwaysNeutral,45,103.8410,1,-0.0000,0.0000,0
AlwaysNeutral,46,103.4060,1,-0.0000,0.0000,0
AlwaysNeutral,47,103.2400,1,0.0000,0.0000,0
AlwaysNeutral,48,104.6506,1,0.0000,0.0000,0
AlwaysNeutral,49,105.3264,1,-0.0000,0.0000,0
AlwaysNeutral,50,103.7966,1,0.0000,0.0000,0
AlwaysNeutral,51,104.4464,1,-0.0000,0.0000,0
AlwaysNeutral,52,104.3576,1,-0.0000,0.0000,0
AlwaysNeutral,53,103.9650,1,0.0000,0.0000,0
AlwaysNeutral,54,104.9171,1,0.0000,0.0000,0
AlwaysNeutral,55,106.3229,1,0.0000,0.0000,0
AlwaysNeutral,56,107.6401,1,-0.0000,0.0000,0
AlwaysNeutral,57,107.0613,1,-0.0000,0.0000,0
AlwaysNeutral,58,107.0514,1,0.0000,0.0000,0
AlwaysNeutral,59,107.7293,1,0.0000,0.0000,0
AlwaysNeutral,60,109.1123,1,-0.0000,0.0000,0
AlwaysNeutral,61,108.9169,1,0.0000,0.0000,0
AlwaysNeutral,62,109.0416,1,-0.0000,0.0000,0
AlwaysNeutral,63,108.1658,1,-0.0000,0.0000,0
AlwaysNeutral,64,107.2008,1,0.0000,0.0000,0
AlwaysNeutral,65,108.4001,1,0.0000,0.0000,0
AlwaysNeutral,66,110.2104,1,0.0000,0.0000,0
AlwaysNeutral,67,110.4620,1,0.0000,0.0000,0
AlwaysNeutral,68,111.9113,1,0.0000,0.0000,0
AlwaysNeutral,69,112.6542,1,-0.0000,0.0000,0
AlwaysNeutral,70,112.2661,1,0.0000,0.0000,0
AlwaysNeutral,71,113.0111,1,0.0000,0.0000,0
AlwaysNeutral,72,115.1074,1,0.0000,0.0000,0
AlwaysNeutral,73,115.4119,1,0.0000,0.0000,0
AlwaysNeutral,74,117.5841,1,-0.0000,0.0000,0
AlwaysNeutral,75,114.8879,1,0.0000,0.0000,0
AlwaysNeutral,76,116.1841,1,0.0000,0.0000,0
AlwaysNeutral,77,116.6346,1,0.0000,0.0000,0
AlwaysNeutral,78,116.6358,1,0.0000,0.0000,0
AlwaysNeutral,79,117.0936,1,-0.0000,0.0000,0
AlwaysNeutral,80,115.1342,1,0.0000,0.0000,0
AlwaysNeutral,81,115.2267,1,0.0000,0.0000,0
AlwaysNeutral,82,115.9863,1,0.0000,0.0000,0
AlwaysNeutral,83,118.0669,1,-0.0000,0.0000,0
AlwaysNeutral,84,117.8095,1,-0.0000,0.0000,0
AlwaysNeutral,85,117.2119,1,-0.0000,0.0000,0
AlwaysNeutral,86,116.9757,1,0.0000,0.0000,0
AlwaysNeutral,87,118.4061,1,0.0000,0.0000,0
AlwaysNeutral,88,119.1529,1,-0.0000,0.0000,0
AlwaysNeutral,89,118.8795,1,0.0000,0.0000,0
AlwaysNeutral,90,119.8502,1,0.0000,0.0000,0
AlwaysNeutral,91,120.3271,1,0.0000,0.0000,0
AlwaysNeutral,92,121.8633,1,-0.0000,0.0000,0
AlwaysNeutral,93,121.3743,1,-0.0000,0.0000,0
AlwaysNeutral,94,121.3408,1,-0.0000,0.0000,0
AlwaysNeutral,95,121.2291,1,-0.0000,0.0000,0
AlwaysNeutral,96,119.8267,1,0.0000,0.0000,0
AlwaysNeutral,97,120.5432,1,0.0000,0.0000,0
AlwaysNeutral,98,121.2214,1,0.0000,0.0000,0
AlwaysNeutral,99,121.5918,1,0.0000,0.0000,0
AlwaysNeutral,100,121.6714,1,-0.0000,0.0000,0
AlwaysNeutral,101,120.3218,1,-0.0000,0.0000,0
AlwaysNeutral,102,120.1767,1,-0.0000,0.0000,0
AlwaysNeutral,103,120.1254,1,-0.0000,0.0000,0
AlwaysNeutral,104,119.5236,1,0.0000,0.0000,0
AlwaysNeutral,105,119.6895,1,0.0000,0.0000,0
AlwaysNeutral,106,120.5351,1,0.0000,0.0000,0
AlwaysNeutral,107,123.1993,1,0.0000,0.0000,0
AlwaysNeutral,108,123.7853,1,0.0000,0.0000,0
AlwaysNeutral,109,124.4774,1,0.0000,0.0000,0
AlwaysNeutral,110,124.7585,1,-0.0000,0.0000,0
AlwaysNeutral,111,122.7552,1,0.0000,0.0000,0
AlwaysNeutral,112,123.0914,1,0.0000,0.0000,0
AlwaysNeutral,113,123.5356,1,0.0000,0.0000,0
AlwaysNeutral,114,126.9968,1,0.0000,0.0000,0
AlwaysNeutral,115,127.1336,1,0.0000,0.0000,0
AlwaysNeutral,116,127.9006,1,0.0000,0.0000,0
AlwaysNeutral,117,128.2404,1,-0.0000,0.0000,0
AlwaysNeutral,118,127.1312,1,0.0000,0.0000,0
AlwaysNeutral,119,128.9788,1,0.0000,0.0000,0
AlwaysNeutral,120,130.3427,1,0.0000,0.0000,0
AlwaysNeutral,121,131.7726,1,-0.0000,0.0000,0
AlwaysNeutral,122,130.9720,1,0.0000,0.0000,0
AlwaysNeutral,123,133.2213,1,-0.0000,0.0000,0
AlwaysNeutral,124,131.7615,1,0.0000,0.0000,0
AlwaysNeutral,125,132.9352,1,0.0000,0.0000,0
AlwaysNeutral,126,136.2875,1,-0.0000,0.0000,0
AlwaysNeutral,127,135.3496,1,-0.0000,0.0000,0
AlwaysNeutral,128,134.9896,1,0.0000,0.0000,0
AlwaysNeutral,129,135.5302,1,-0.0000,0.0000,0
AlwaysNeutral,130,135.2547,1,-0.0000,0.0000,0
AlwaysNeutral,131,133.5737,1,0.0000,0.0000,0
AlwaysNeutral,132,134.0669,1,-0.0000,0.0000,0
AlwaysNeutral,133,133.0488,1,0.0000,0.0000,0
AlwaysNeutral,134,134.0820,1,-0.0000,0.0000,0
AlwaysNeutral,135,133.2540,1,0.0000,0.0000,0
AlwaysNeutral,136,135.7421,1,-0.0000,0.0000,0
AlwaysNeutral,137,135.0877,1,-0.0000,0.0000,0
AlwaysNeutral,138,135.0579,1,0.0000,0.0000,0
AlwaysNeutral,139,136.5702,1,-0.0000,0.0000,0
AlwaysNeutral,140,135.3048,1,0.0000,0.0000,0
AlwaysNeutral,141,136.0204,1,0.0000,0.0000,0
AlwaysNeutral,142,138.2241,1,-0.0000,0.0000,0
AlwaysNeutral,143,136.4286,1,0.0000,0.0000,0
AlwaysNeutral,144,137.0914,1,0.0000,0.0000,0
AlwaysNeutral,145,137.8611,1,0.0000,0.0000,0
AlwaysNeutral,146,139.3606,1,-0.0000,0.0000,0
AlwaysNeutral,147,138.0609,1,-0.0000,0.0000,0
AlwaysNeutral,148,136.6593,1,0.0000,0.0000,0
AlwaysNeutral,149,137.7871,1,0.0000,0.0000,0
AlwaysNeutral,150,138.6122,1,0.0000,0.0000,0
AlwaysNeutral,151,139.3773,1,0.0000,0.0000,0
AlwaysNeutral,152,140.2812,1,-0.0000,0.0000,0
AlwaysNeutral,153,139.7492,1,0.0000,0.0000,0
AlwaysNeutral,154,140.4950,1,0.0000,0.0000,0
AlwaysNeutral,155,141.3307,1,-0.0000,0.0000,0
AlwaysNeutral,156,140.7463,1,0.0000,0.0000,0
AlwaysNeutral,157,143.8278,1,0.0000,0.0000,0
AlwaysNeutral,158,144.9451,1,-0.0000,0.0000,0
AlwaysNeutral,159,143.6589,1,0.0000,0.0000,0
AlwaysNeutral,160,145.0397,1,-0.0000,0.0000,0
AlwaysNeutral,161,144.0644,1,0.0000,0.0000,0
AlwaysNeutral,162,145.6391,1,0.0000,0.0000,0
AlwaysNeutral,163,147.7789,1,-0.0000,0.0000,0
AlwaysNeutral,164,147.0115,1,0.0000,0.0000,0
AlwaysNeutral,165,148.8805,1,0.0000,0.0000,0
AlwaysNeutral,166,149.9455,1,0.0000,0.0000,0
AlwaysNeutral,167,151.6375,1,0.0000,0.0000,0
AlwaysNeutral,168,155.0055,1,0.0000,0.0000,0
AlwaysNeutral,169,155.0902,1,-0.0000,0.0000,0
AlwaysNeutral,170,154.3881,1,-0.0000,0.0000,0
AlwaysNeutral,171,153.4806,1,-0.0000,0.0000,0
AlwaysNeutral,172,152.6910,1,0.0000,0.0000,0
AlwaysNeutral,173,153.0317,1,0.0000,0.0000,0
AlwaysNeutral,174,154.0160,1,0.0000,0.0000,0
AlwaysNeutral,175,154.9068,1,0.0000,0.0000,0
AlwaysNeutral,176,156.6627,1,0.0000,0.0000,0
AlwaysNeutral,177,157.1539,1,0.0000,0.0000,0
AlwaysNeutral,178,159.9339,1,0.0000,0.0000,0
AlwaysNeutral,179,159.9905,1,0.0000,0.0000,0
AlwaysNeutral,180,164.8961,1,0.0000,0.0000,0
AlwaysNeutral,181,166.4296,1,-0.0000,0.0000,0
AlwaysNeutral,182,165.5049,1,-0.0000,0.0000,0
AlwaysNeutral,183,164.2340,1,0.0000,0.0000,0
AlwaysNeutral,184,165.5241,1,0.0000,0.0000,0
AlwaysNeutral,185,165.6508,1,0.0000,0.0000,0
AlwaysNeutral,186,167.3391,1,0.0000,0.0000,0
AlwaysNeutral,187,168.6380,1,0.0000,0.0000,0
AlwaysNeutral,188,169.0216,1,-0.0000,0.0000,0
AlwaysNeutral,189,168.0999,1,-0.0000,0.0000,0
AlwaysNeutral,190,166.0701,1,-0.0000,0.0000,0
AlwaysNeutral,191,165.8269,1,0.0000,0.0000,0
AlwaysNeutral,192,167.7557,1,0.0000,0.0000,0
AlwaysNeutral,193,168.6203,1,-0.0000,0.0000,0
AlwaysNeutral,194,167.0331,1,0.0000,0.0000,0
AlwaysNeutral,195,167.8254,1,0.0000,0.0000,0
AlwaysNeutral,196,168.9795,1,-0.0000,0.0000,0
AlwaysNeutral,197,167.9957,1,0.0000,0.0000,0
AlwaysNeutral,198,168.7597,1,0.0000,0.0000,0
AlwaysNeutral,199,169.3653,1,-0.0000,0.0000,0
AlwaysNeutral,200,167.9436,1,0.0000,0.0000,0
AlwaysNeutral,201,168.2298,1,0.0000,0.0000,1
AlwaysNeutral,202,168.6642,1,0.0000,0.0000,1
AlwaysNeutral,203,169.4946,1,0.0000,0.0000,1
AlwaysNeutral,204,170.2601,1,-0.0000,0.0000,1
AlwaysNeutral,205,169.0421,1,-0.0000,0.0000,1
AlwaysNeutral,206,168.2369,1,0.0000,0.0000,1
AlwaysNeutral,207,168.6343,1,0.0000,0.0000,1
AlwaysNeutral,208,169.0108,1,0.0000,0.0000,1
AlwaysNeutral,209,169.3695,1,0.0000,0.0000,1
AlwaysNeutral,210,172.3803,1,0.0000,0.0000,1
AlwaysNeutral,211,172.6152,1,0.0000,0.0000,1
AlwaysNeutral,212,173.2901,1,0.0000,0.0000,1
AlwaysNeutral,213,173.7860,1,0.0000,0.0000,1
AlwaysNeutral,214,174.0150,1,-0.0000,0.0000,1
AlwaysNeutral,215,173.4592,1,0.0000,0.0000,1
AlwaysNeutral,216,173.7906,1,-0.0000,0.0000,1
AlwaysNeutral,217,172.8800,1,-0.0000,0.0000,1
AlwaysNeutral,218,172.4437,1,-0.0000,0.0000,1
AlwaysNeutral,219,171.8304,1,-0.0000,0.0000,1
AlwaysNeutral,220,171.7016,1,0.0000,0.0000,1
AlwaysNeutral,221,173.3654,1,-0.0000,0.0000,1
AlwaysNeutral,222,171.6005,1,0.0000,0.0000,1
AlwaysNeutral,223,171.9667,1,-0.0000,0.0000,1
AlwaysNeutral,224,170.4753,1,-0.0000,0.0000,1
AlwaysNeutral,225,169.9712,1,0.0000,0.0000,1
AlwaysNeutral,226,170.7410,1,-0.0000,0.0000,1
AlwaysNeutral,227,170.6525,1,-0.0000,0.0000,1
AlwaysNeutral,228,169.6549,1,-0.0000,0.0000,1
AlwaysNeutral,229,168.9971,1,0.0000,0.0000,1
AlwaysNeutral,230,169.4881,1,-0.0000,0.0000,1
AlwaysNeutral,231,168.8266,1,0.0000,0.0000,1
AlwaysNeutral,232,168.9556,1,-0.0000,0.0000,1
AlwaysNeutral,233,168.9414,1,-0.0000,0.0000,1
AlwaysNeutral,234,168.3703,1,0.0000,0.0000,1
AlwaysNeutral,235,170.0641,1,0.0000,0.0000,1
AlwaysNeutral,236,170.4652,1,-0.0000,0.0000,1
AlwaysNeutral,237,168.7190,1,0.0000,0.0000,1
AlwaysNeutral,238,168.8294,1,-0.0000,0.0000,1
AlwaysNeutral,239,168.2557,1,0.0000,0.0000,1
AlwaysNeutral,240,168.9220,1,-0.0000,0.0000,1
AlwaysNeutral,241,168.2391,1,-0.0000,0.0000,1
AlwaysNeutral,242,168.1325,1,0.0000,0.0000,1
AlwaysNeutral,243,168.5271,1,0.0000,0.0000,1
AlwaysNeutral,244,169.1905,1,-0.0000,0.0000,1
AlwaysNeutral,245,168.1679,1,-0.0000,0.0000,1
AlwaysNeutral,246,167.8891,1,-0.0000,0.0000,1
AlwaysNeutral,247,167.5119,1,-0.0000,0.0000,1
AlwaysNeutral,248,167.0108,1,0.0000,0.0000,1
AlwaysNeutral,249,168.4698,1,0.0000,0.0000,1
AlwaysNeutral,250,168.7675,1,-0.0000,0.0000,1
AlwaysNeutral,251,167.7176,1,0.0000,0.0000,1
AlwaysNeutral,252,168.4632,1,0.0000,0.0000,1
AlwaysNeutral,253,170.1349,1,0.0000,0.0000,1
AlwaysNeutral,254,170.8513,1,-0.0000,0.0000,1
AlwaysNeutral,255,169.4904,1,-0.0000,0.0000,1
AlwaysNeutral,256,169.0257,1,0.0000,0.0000,1
AlwaysNeutral,257,169.9851,1,-0.0000,0.0000,1
AlwaysNeutral,258,169.3169,1,0.0000,0.0000,1
AlwaysNeutral,259,169.6033,1,0.0000,0.0000,1
AlwaysNeutral,260,170.1400,1,-0.0000,0.0000,1
AlwaysNeutral,261,169.2887,1,-0.0000,0.0000,1
AlwaysNeutral,262,169.1738,1,-0.0000,0.0000,1
AlwaysNeutral,263,166.5193,1,-0.0000,0.0000,1
AlwaysNeutral,264,165.7710,1,-0.0000,0.0000,1
AlwaysNeutral,265,165.6776,1,-0.0000,0.0000,1
AlwaysNeutral,266,164.7926,1,0.0000,0.0000,1
AlwaysNeutral,267,166.2561,1,-0.0000,0.0000,1
AlwaysNeutral,268,165.1964,1,-0.0000,0.0000,1
AlwaysNeutral,269,164.9817,1,0.0000,0.0000,1
AlwaysNeutral,270,165.2344,1,0.0000,0.0000,1
AlwaysNeutral,271,166.5229,1,-0.0000,0.0000,1
AlwaysNeutral,272,165.4452,1,0.0000,0.0000,1
AlwaysNeutral,273,166.5007,1,0.0000,0.0000,1
AlwaysNeutral,274,166.5810,1,-0.0000,0.0000,1
AlwaysNeutral,275,165.8639,1,0.0000,0.0000,1
AlwaysNeutral,276,166.3376,1,0.0000,0.0000,1
AlwaysNeutral,277,166.5771,1,-0.0000,0.0000,1
AlwaysNeutral,278,166.1653,1,0.0000,0.0000,1
AlwaysNeutral,279,166.3100,1,-0.0000,0.0000,1
AlwaysNeutral,280,166.0835,1,0.0000,0.0000,1
AlwaysNeutral,281,166.2673,1,0.0000,0.0000,1
AlwaysNeutral,282,166.8808,1,0.0000,0.0000,1
AlwaysNeutral,283,168.2028,1,-0.0000,0.0000,1
AlwaysNeutral,284,167.1996,1,0.0000,0.0000,1
AlwaysNeutral,285,168.9432,1,-0.0000,0.0000,1
AlwaysNeutral,286,167.3315,1,-0.0000,0.0000,1
AlwaysNeutral,287,167.2407,1,0.0000,0.0000,1
AlwaysNeutral,288,167.7465,1,0.0000,0.0000,1
AlwaysNeutral,289,167.9812,1,-0.0000,0.0000,1
AlwaysNeutral,290,167.4811,1,-0.0000,0.0000,1
AlwaysNeutral,291,167.3377,1,-0.0000,0.0000,1
AlwaysNeutral,292,166.9736,1,-0.0000,0.0000,1
AlwaysNeutral,293,166.5506,1,0.0000,0.0000,1
AlwaysNeutral,294,167.3000,1,0.0000,0.0000,1
AlwaysNeutral,295,167.6178,1,-0.0000,0.0000,1
AlwaysNeutral,296,167.0797,1,0.0000,0.0000,1
AlwaysNeutral,297,167.8426,1,0.0000,0.0000,1
AlwaysNeutral,298,168.0935,1,0.0000,0.0000,1
AlwaysNeutral,299,168.7363,1,0.0000,0.0000,1
AlwaysNeutral,300,169.2004,1,-0.0000,0.0000,1
AlwaysNeutral,301,168.4743,1,-0.0000,0.0000,1
AlwaysNeutral,302,167.9996,1,0.0000,0.0000,1
AlwaysNeutral,303,168.5947,1,0.0000,0.0000,1
AlwaysNeutral,304,169.0504,1,-0.0000,0.0000,1
AlwaysNeutral,305,168.9784,1,0.0000,0.0000,1
AlwaysNeutral,306,169.0205,1,0.0000,0.0000,1
AlwaysNeutral,307,169.9888,1,-0.0000,0.0000,1
AlwaysNeutral,308,169.4133,1,0.0000,0.0000,1
AlwaysNeutral,309,169.7775,1,-0.0000,0.0000,1
AlwaysNeutral,310,169.5240,1,-0.0000,0.0000,1
AlwaysNeutral,311,169.2708,1,0.0000,0.0000,1
AlwaysNeutral,312,170.0835,1,0.0000,0.0000,1
AlwaysNeutral,313,170.6368,1,0.0000,0.0000,1
AlwaysNeutral,314,171.1530,1,0.0000,0.0000,1
AlwaysNeutral,315,172.0369,1,-0.0000,0.0000,1
AlwaysNeutral,316,171.8490,1,0.0000,0.0000,1
AlwaysNeutral,317,172.1993,1,-0.0000,0.0000,1
AlwaysNeutral,318,171.7383,1,0.0000,0.0000,1
AlwaysNeutral,319,171.8079,1,-0.0000,0.0000,1
AlwaysNeutral,320,171.5106,1,-0.0000,0.0000,1
AlwaysNeutral,321,171.4098,1,0.0000,0.0000,1
AlwaysNeutral,322,171.7127,1,-0.0000,0.0000,1
AlwaysNeutral,323,170.8696,1,0.0000,0.0000,1
AlwaysNeutral,324,172.3972,1,-0.0000,0.0000,1
AlwaysNeutral,325,171.3697,1,-0.0000,0.0000,1
AlwaysNeutral,326,170.2271,1,0.0000,0.0000,1
AlwaysNeutral,327,171.0394,1,0.0000,0.0000,1
AlwaysNeutral,328,171.5179,1,0.0000,0.0000,1
AlwaysNeutral,329,171.8385,1,0.0000,0.0000,1
AlwaysNeutral,330,172.1465,1,-0.0000,0.0000,1
AlwaysNeutral,331,171.9265,1,-0.0000,0.0000,1
AlwaysNeutral,332,171.0096,1,-0.0000,0.0000,1
AlwaysNeutral,333,170.9169,1,-0.0000,0.0000,1
AlwaysNeutral,334,170.2265,1,0.0000,0.0000,1
AlwaysNeutral,335,170.8925,1,-0.0000,0.0000,1
AlwaysNeutral,336,170.6274,1,-0.0000,0.0000,1
AlwaysNeutral,337,169.8328,1,-0.0000,0.0000,1
AlwaysNeutral,338,169.4812,1,0.0000,0.0000,1
AlwaysNeutral,339,169.7347,1,-0.0000,0.0000,1
AlwaysNeutral,340,169.1942,1,-0.0000,0.0000,1
AlwaysNeutral,341,168.4738,1,0.0000,0.0000,1
AlwaysNeutral,342,168.6423,1,0.0000,0.0000,1
AlwaysNeutral,343,168.8033,1,-0.0000,0.0000,1
AlwaysNeutral,344,168.3548,1,-0.0000,0.0000,1
AlwaysNeutral,345,167.9574,1,0.0000,0.0000,1
AlwaysNeutral,346,168.1423,1,-0.0000,0.0000,1
AlwaysNeutral,347,166.9739,1,-0.0000,0.0000,1
AlwaysNeutral,348,165.8965,1,-0.0000,0.0000,1
AlwaysNeutral,349,165.4241,1,-0.0000,0.0000,1
AlwaysNeutral,350,165.3793,1,0.0000,0.0000,1
AlwaysNeutral,351,165.7562,1,0.0000,0.0000,1
AlwaysNeutral,352,167.0459,1,0.0000,0.0000,1
AlwaysNeutral,353,167.7769,1,-0.0000,0.0000,1
AlwaysNeutral,354,167.6573,1,-0.0000,0.0000,1
AlwaysNeutral,355,167.6564,1,-0.0000,0.0000,1
AlwaysNeutral,356,166.8687,1,0.0000,0.0000,1
AlwaysNeutral,357,166.9076,1,-0.0000,0.0000,1
AlwaysNeutral,358,166.7285,1,0.0000,0.0000,1
AlwaysNeutral,359,167.0474,1,-0.0000,0.0000,1
AlwaysNeutral,360,166.4305,1,0.0000,0.0000,1
AlwaysNeutral,361,166.9216,1,0.0000,0.0000,1
AlwaysNeutral,362,168.1989,1,-0.0000,0.0000,1
AlwaysNeutral,363,168.0991,1,0.0000,0.0000,1
AlwaysNeutral,364,168.4127,1,0.0000,0.0000,1
AlwaysNeutral,365,168.9414,1,-0.0000,0.0000,1
AlwaysNeutral,366,168.5705,1,0.0000,0.0000,1
AlwaysNeutral,367,168.7184,1,-0.0000,0.0000,1
AlwaysNeutral,368,168.6898,1,0.0000,0.0000,1
AlwaysNeutral,369,168.7306,1,-0.0000,0.0000,1
AlwaysNeutral,370,168.0728,1,0.0000,0.0000,1
AlwaysNeutral,371,168.0860,1,0.0000,0.0000,1
AlwaysNeutral,372,168.4773,1,0.0000,0.0000,1
AlwaysNeutral,373,169.6115,1,0.0000,0.0000,1
AlwaysNeutral,374,170.2955,1,0.0000,0.0000,1
AlwaysNeutral,375,171.9005,1,-0.0000,0.0000,1
AlwaysNeutral,376,171.0888,1,0.0000,0.0000,1
AlwaysNeutral,377,171.6294,1,-0.0000,0.0000,1
AlwaysNeutral,378,171.5917,1,0.0000,0.0000,1
AlwaysNeutral,379,173.1612,1,-0.0000,0.0000,1
AlwaysNeutral,380,172.2537,1,-0.0000,0.0000,1
AlwaysNeutral,381,171.3664,1,-0.0000,0.0000,1
AlwaysNeutral,382,170.7157,1,-0.0000,0.0000,1
AlwaysNeutral,383,168.8780,1,-0.0000,0.0000,1
AlwaysNeutral,384,168.4107,1,-0.0000,0.0000,1
AlwaysNeutral,385,167.7800,1,0.0000,0.0000,1
AlwaysNeutral,386,167.9085,1,0.0000,0.0000,1
AlwaysNeutral,387,168.1837,1,0.0000,0.0000,1
AlwaysNeutral,388,169.6726,1,0.0000,0.0000,1
AlwaysNeutral,389,170.3465,1,-0.0000,0.0000,1
AlwaysNeutral,390,169.7648,1,-0.0000,0.0000,1
AlwaysNeutral,391,168.9550,1,0.0000,0.0000,1
AlwaysNeutral,392,169.2980,1,-0.0000,0.0000,1
AlwaysNeutral,393,168.1741,1,0.0000,0.0000,1
AlwaysNeutral,394,169.6277,1,0.0000,0.0000,1
AlwaysNeutral,395,170.4871,1,-0.0000,0.0000,1
AlwaysNeutral,396,169.9846,1,-0.0000,0.0000,1
AlwaysNeutral,397,168.5120,1,0.0000,0.0000,1
AlwaysNeutral,398,169.5667,1,-0.0000,0.0000,1
AlwaysNeutral,399,169.3939,1,0.0000,0.0000,1
AlwaysNeutral,400,170.3116,1,-0.0000,0.0000,1
AlwaysNeutral,401,168.9177,1,-0.0000,0.0000,1
AlwaysNeutral,402,168.3895,1,-0.0000,0.0000,1
AlwaysNeutral,403,168.3714,1,0.0000,0.0000,1
AlwaysNeutral,404,168.3876,1,-0.0000,0.0000,1
AlwaysNeutral,405,168.0053,1,0.0000,0.0000,1
AlwaysNeutral,406,168.5005,1,-0.0000,0.0000,1
AlwaysNeutral,407,167.6186,1,-0.0000,0.0000,1
AlwaysNeutral,408,167.5209,1,0.0000,0.0000,1
AlwaysNeutral,409,167.6383,1,0.0000,0.0000,1
AlwaysNeutral,410,168.0651,1,0.0000,0.0000,1
AlwaysNeutral,411,168.6283,1,-0.0000,0.0000,1
AlwaysNeutral,412,167.6944,1,-0.0000,0.0000,1
AlwaysNeutral,413,166.4796,1,0.0000,0.0000,1
AlwaysNeutral,414,167.5749,1,0.0000,0.0000,1
AlwaysNeutral,415,167.8592,1,-0.0000,0.0000,1
AlwaysNeutral,416,167.2646,1,0.0000,0.0000,1
AlwaysNeutral,417,168.5395,1,0.0000,0.0000,1
AlwaysNeutral,418,168.6022,1,0.0000,0.0000,1
AlwaysNeutral,419,169.5127,1,-0.0000,0.0000,1
AlwaysNeutral,420,169.4883,1,0.0000,0.0000,1
AlwaysNeutral,421,171.0597,1,0.0000,0.0000,1
AlwaysNeutral,422,172.3081,1,-0.0000,0.0000,1
AlwaysNeutral,423,171.8907,1,0.0000,0.0000,1
AlwaysNeutral,424,172.4706,1,0.0000,0.0000,1
AlwaysNeutral,425,172.7606,1,0.0000,0.0000,1
AlwaysNeutral,426,173.6146,1,-0.0000,0.0000,1
AlwaysNeutral,427,172.5592,1,0.0000,0.0000,1
AlwaysNeutral,428,172.8772,1,0.0000,0.0000,1
AlwaysNeutral,429,173.4773,1,-0.0000,0.0000,1
AlwaysNeutral,430,171.7936,1,-0.0000,0.0000,1
AlwaysNeutral,431,170.6545,1,-0.0000,0.0000,1
AlwaysNeutral,432,168.8876,1,-0.0000,0.0000,1
AlwaysNeutral,433,168.6248,1,0.0000,0.0000,1
AlwaysNeutral,434,169.1648,1,0.0000,0.0000,1
AlwaysNeutral,435,170.3056,1,-0.0000,0.0000,1
AlwaysNeutral,436,170.2468,1,0.0000,0.0000,1
AlwaysNeutral,437,171.4345,1,-0.0000,0.0000,1
AlwaysNeutral,438,170.1559,1,-0.0000,0.0000,1
AlwaysNeutral,439,168.6826,1,-0.0000,0.0000,1
AlwaysNeutral,440,168.6012,1,0.0000,0.0000,1
AlwaysNeutral,441,168.8756,1,-0.0000,0.0000,1
AlwaysNeutral,442,168.8028,1,-0.0000,0.0000,1
AlwaysNeutral,443,167.1059,1,-0.0000,0.0000,1
AlwaysNeutral,444,167.0765,1,-0.0000,0.0000,1
AlwaysNeutral,445,166.0763,1,0.0000,0.0000,1
AlwaysNeutral,446,166.7054,1,0.0000,0.0000,1
AlwaysNeutral,447,167.0606,1,-0.0000,0.0000,1
AlwaysNeutral,448,166.3528,1,-0.0000,0.0000,1
AlwaysNeutral,449,166.0213,1,-0.0000,0.0000,1
AlwaysNeutral,450,165.2700,1,0.0000,0.0000,1
AlwaysNeutral,451,165.3536,1,0.0000,0.0000,1
AlwaysNeutral,452,166.2472,1,-0.0000,0.0000,1
AlwaysNeutral,453,165.5434,1,0.0000,0.0000,1
AlwaysNeutral,454,166.0667,1,-0.0000,0.0000,1
AlwaysNeutral,455,165.7363,1,-0.0000,0.0000,1
AlwaysNeutral,456,165.2124,1,0.0000,0.0000,1
AlwaysNeutral,457,165.2633,1,-0.0000,0.0000,1
AlwaysNeutral,458,164.5691,1,-0.0000,0.0000,1
AlwaysNeutral,459,164.2949,1,-0.0000,0.0000,1
AlwaysNeutral,460,163.5191,1,0.0000,0.0000,1
AlwaysNeutral,461,165.3121,1,0.0000,0.0000,1
AlwaysNeutral,462,165.4719,1,-0.0000,0.0000,1
AlwaysNeutral,463,165.0357,1,0.0000,0.0000,1
AlwaysNeutral,464,165.3522,1,0.0000,0.0000,1
AlwaysNeutral,465,165.3919,1,-0.0000,0.0000,1
AlwaysNeutral,466,165.3428,1,0.0000,0.0000,1
AlwaysNeutral,467,165.9641,1,0.0000,0.0000,1
AlwaysNeutral,468,166.6691,1,-0.0000,0.0000,1
AlwaysNeutral,469,166.3084,1,-0.0000,0.0000,1
AlwaysNeutral,470,165.9295,1,-0.0000,0.0000,1
AlwaysNeutral,471,165.8102,1,-0.0000,0.0000,1
AlwaysNeutral,472,164.0753,1,-0.0000,0.0000,1
AlwaysNeutral,473,163.0566,1,0.0000,0.0000,1
AlwaysNeutral,474,164.3944,1,0.0000,0.0000,1
AlwaysNeutral,475,165.8879,1,-0.0000,0.0000,1
AlwaysNeutral,476,165.7914,1,0.0000,0.0000,1
AlwaysNeutral,477,166.3603,1,0.0000,0.0000,1
AlwaysNeutral,478,166.6885,1,0.0000,0.0000,1
AlwaysNeutral,479,169.2143,1,0.0000,0.0000,1
AlwaysNeutral,480,170.0464,1,-0.0000,0.0000,1
AlwaysNeutral,481,169.8390,1,-0.0000,0.0000,1
AlwaysNeutral,482,168.9798,1,-0.0000,0.0000,1
AlwaysNeutral,483,167.6428,1,0.0000,0.0000,1
AlwaysNeutral,484,167.8206,1,-0.0000,0.0000,1
AlwaysNeutral,485,167.2217,1,-0.0000,0.0000,1
AlwaysNeutral,486,166.1200,1,-0.0000,0.0000,1
AlwaysNeutral,487,165.6939,1,-0.0000,0.0000,1
AlwaysNeutral,488,164.9411,1,0.0000,0.0000,1
AlwaysNeutral,489,166.4410,1,0.0000,0.0000,1
AlwaysNeutral,490,167.2214,1,0.0000,0.0000,1
AlwaysNeutral,491,167.2512,1,0.0000,0.0000,1
AlwaysNeutral,492,168.4697,1,0.0000,0.0000,1
AlwaysNeutral,493,168.5053,1,-0.0000,0.0000,1
AlwaysNeutral,494,167.7882,1,0.0000,0.0000,1
AlwaysNeutral,495,169.0145,1,0.0000,0.0000,1
AlwaysNeutral,496,169.3921,1,-0.0000,0.0000,1
AlwaysNeutral,497,168.4898,1,-0.0000,0.0000,1
AlwaysNeutral,498,168.3103,1,-0.0000,0.0000,1
AlwaysNeutral,499,167.5914,1,-0.0000,0.0000,1
AlwaysNeutral,500,166.5028,1,0.0000,0.0000,1
AlwaysNeutral,501,167.3158,1,0.0000,0.0000,1
AlwaysNeutral,502,168.8747,1,-0.0000,0.0000,1
AlwaysNeutral,503,167.7093,1,0.0000,0.0000,1
AlwaysNeutral,504,168.1714,1,-0.0000,0.0000,1
AlwaysNeutral,505,167.6395,1,-0.0000,0.0000,1
AlwaysNeutral,506,167.2650,1,-0.0000,0.0000,1
AlwaysNeutral,507,166.8250,1,-0.0000,0.0000,1
AlwaysNeutral,508,166.1897,1,0.0000,0.0000,1
AlwaysNeutral,509,166.3163,1,-0.0000,0.0000,1
AlwaysNeutral,510,165.7329,1,0.0000,0.0000,1
AlwaysNeutral,511,166.0598,1,0.0000,0.0000,1
AlwaysNeutral,512,166.1138,1,-0.0000,0.0000,1
AlwaysNeutral,513,166.0141,1,-0.0000,0.0000,1
AlwaysNeutral,514,165.3845,1,-0.0000,0.0000,1
AlwaysNeutral,515,165.0511,1,0.0000,0.0000,1
AlwaysNeutral,516,165.8000,1,0.0000,0.0000,1
AlwaysNeutral,517,166.3079,1,-0.0000,0.0000,1
AlwaysNeutral,518,165.6077,1,0.0000,0.0000,1
AlwaysNeutral,519,165.8039,1,0.0000,0.0000,1
AlwaysNeutral,520,166.5120,1,-0.0000,0.0000,1
AlwaysNeutral,521,165.2481,1,0.0000,0.0000,1
AlwaysNeutral,522,165.8175,1,-0.0000,0.0000,1
AlwaysNeutral,523,165.3937,1,0.0000,0.0000,1
AlwaysNeutral,524,165.9777,1,-0.0000,0.0000,1
AlwaysNeutral,525,165.4654,1,-0.0000,0.0000,1
AlwaysNeutral,526,164.1454,1,-0.0000,0.0000,1
AlwaysNeutral,527,163.0333,1,0.0000,0.0000,1
AlwaysNeutral,528,163.3173,1,0.0000,0.0000,1
AlwaysNeutral,529,163.7564,1,-0.0000,0.0000,1
AlwaysNeutral,530,163.2423,1,0.0000,0.0000,1
AlwaysNeutral,531,163.9882,1,-0.0000,0.0000,1
AlwaysNeutral,532,162.8568,1,0.0000,0.0000,1
AlwaysNeutral,533,163.0582,1,-0.0000,0.0000,1
AlwaysNeutral,534,162.3337,1,-0.0000,0.0000,1
AlwaysNeutral,535,162.0927,1,0.0000,0.0000,1
AlwaysNeutral,536,162.4232,1,-0.0000,0.0000,1
AlwaysNeutral,537,162.0109,1,-0.0000,0.0000,1
AlwaysNeutral,538,161.9999,1,0.0000,0.0000,1
AlwaysNeutral,539,163.1021,1,-0.0000,0.0000,1
AlwaysNeutral,540,162.8827,1,0.0000,0.0000,1
AlwaysNeutral,541,163.8043,1,-0.0000,0.0000,1
AlwaysNeutral,542,163.1075,1,0.0000,0.0000,1
AlwaysNeutral,543,163.7731,1,0.0000,0.0000,1
AlwaysNeutral,544,165.1349,1,-0.0000,0.0000,1
AlwaysNeutral,545,163.2980,1,-0.0000,0.0000,1
AlwaysNeutral,546,162.8928,1,0.0000,0.0000,1
AlwaysNeutral,547,163.6070,1,0.0000,0.0000,1
AlwaysNeutral,548,163.6614,1,0.0000,0.0000,1
AlwaysNeutral,549,164.1724,1,-0.0000,0.0000,1
AlwaysNeutral,550,163.8778,1,0.0000,0.0000,1
AlwaysNeutral,551,164.1503,1,0.0000,0.0000,1
AlwaysNeutral,552,164.2155,1,0.0000,0.0000,1
AlwaysNeutral,553,165.3361,1,0.0000,0.0000,1
AlwaysNeutral,554,165.6700,1,0.0000,0.0000,1
AlwaysNeutral,555,166.0538,1,-0.0000,0.0000,1
AlwaysNeutral,556,165.8188,1,-0.0000,0.0000,1
AlwaysNeutral,557,165.5349,1,-0.0000,0.0000,1
AlwaysNeutral,558,165.3093,1,0.0000,0.0000,1
AlwaysNeutral,559,165.7566,1,-0.0000,0.0000,1
AlwaysNeutral,560,165.5291,1,0.0000,0.0000,1
AlwaysNeutral,561,165.8817,1,0.0000,0.0000,1
AlwaysNeutral,562,167.6451,1,0.0000,0.0000,1
AlwaysNeutral,563,168.3569,1,-0.0000,0.0000,1
AlwaysNeutral,564,168.0754,1,0.0000,0.0000,1
AlwaysNeutral,565,169.0298,1,-0.0000,0.0000,1
AlwaysNeutral,566,168.6490,1,-0.0000,0.0000,1
AlwaysNeutral,567,166.9833,1,-0.0000,0.0000,1
AlwaysNeutral,568,166.2248,1,-0.0000,0.0000,1
AlwaysNeutral,569,164.8141,1,-0.0000,0.0000,1
AlwaysNeutral,570,164.6894,1,0.0000,0.0000,1
AlwaysNeutral,571,164.8668,1,0.0000,0.0000,1
AlwaysNeutral,572,166.3618,1,0.0000,0.0000,1
AlwaysNeutral,573,166.7025,1,-0.0000,0.0000,1
AlwaysNeutral,574,166.5892,1,0.0000,0.0000,1
AlwaysNeutral,575,167.3205,1,-0.0000,0.0000,1
AlwaysNeutral,576,165.5827,1,0.0000,0.0000,1
AlwaysNeutral,577,165.8893,1,0.0000,0.0000,1
AlwaysNeutral,578,166.6087,1,-0.0000,0.0000,1
AlwaysNeutral,579,165.4925,1,0.0000,0.0000,1
AlwaysNeutral,580,166.5301,1,0.0000,0.0000,1
AlwaysNeutral,581,166.8716,1,-0.0000,0.0000,1
AlwaysNeutral,582,166.5929,1,0.0000,0.0000,1
AlwaysNeutral,583,167.1667,1,0.0000,0.0000,1
AlwaysNeutral,584,169.0221,1,0.0000,0.0000,1
AlwaysNeutral,585,169.1137,1,0.0000,0.0000,1
AlwaysNeutral,586,169.2537,1,-0.0000,0.0000,1
AlwaysNeutral,587,168.8208,1,-0.0000,0.0000,1
AlwaysNeutral,588,168.0970,1,0.0000,0.0000,1
AlwaysNeutral,589,168.7536,1,-0.0000,0.0000,1
AlwaysNeutral,590,168.0283,1,0.0000,0.0000,1
AlwaysNeutral,591,168.0813,1,-0.0000,0.0000,1
AlwaysNeutral,592,167.6923,1,0.0000,0.0000,1
AlwaysNeutral,593,168.0880,1,0.0000,0.0000,1
AlwaysNeutral,594,168.3477,1,0.0000,0.0000,1
AlwaysNeutral,595,169.1575,1,-0.0000,0.0000,1
AlwaysNeutral,596,168.6888,1,-0.0000,0.0000,1
AlwaysNeutral,597,168.4357,1,-0.0000,0.0000,1
AlwaysNeutral,598,167.6281,1,-0.0000,0.0000,1
AlwaysNeutral,599,167.2884,1,0.0000,0.0000,1
AlwaysNeutral,600,167.6230,1,0.0000,0.0000,1
AlwaysNeutral,601,168.2446,1,-0.0000,0.0000,1
AlwaysNeutral,602,167.4918,1,0.0000,0.0000,1
AlwaysNeutral,603,168.2101,1,0.0000,0.0000,1
AlwaysNeutral,604,169.2813,1,0.0000,0.0000,1
AlwaysNeutral,605,169.5452,1,0.0000,0.0000,1
AlwaysNeutral,606,170.9665,1,-0.0000,0.0000,1
AlwaysNeutral,607,170.1963,1,-0.0000,0.0000,1
AlwaysNeutral,608,169.0880,1,-0.0000,0.0000,1
AlwaysNeutral,609,167.6078,1,0.0000,0.0000,1
AlwaysNeutral,610,168.8214,1,0.0000,0.0000,1
AlwaysNeutral,611,169.3010,1,-0.0000,0.0000,1
AlwaysNeutral,612,169.1887,1,0.0000,0.0000,1
AlwaysNeutral,613,169.3504,1,-0.0000,0.0000,1
AlwaysNeutral,614,168.3797,1,0.0000,0.0000,1
AlwaysNeutral,615,170.3145,1,-0.0000,0.0000,1
AlwaysNeutral,616,170.2993,1,-0.0000,0.0000,1
AlwaysNeutral,617,170.2690,1,0.0000,0.0000,1
AlwaysNeutral,618,170.7334,1,0.0000,0.0000,1
AlwaysNeutral,619,170.9787,1,0.0000,0.0000,1
AlwaysNeutral,620,171.0060,1,-0.0000,0.0000,1
AlwaysNeutral,621,170.2205,1,0.0000,0.0000,1
AlwaysNeutral,622,170.4839,1,0.0000,0.0000,1
AlwaysNeutral,623,171.8625,1,0.0000,0.0000,1
AlwaysNeutral,624,172.7429,1,0.0000,0.0000,1
AlwaysNeutral,625,173.7775,1,-0.0000,0.0000,1
AlwaysNeutral,626,173.0768,1,-0.0000,0.0000,1
AlwaysNeutral,627,172.0285,1,-0.0000,0.0000,1
AlwaysNeutral,628,171.7236,1,-0.0000,0.0000,1
AlwaysNeutral,629,171.5792,1,0.0000,0.0000,1
AlwaysNeutral,630,172.2727,1,-0.0000,0.0000,1
AlwaysNeutral,631,170.7023,1,0.0000,0.0000,1
AlwaysNeutral,632,171.7880,1,-0.0000,0.0000,1
AlwaysNeutral,633,171.4694,1,-0.0000,0.0000,1
AlwaysNeutral,634,170.9516,1,-0.0000,0.0000,1
AlwaysNeutral,635,169.9915,1,-0.0000,0.0000,1
AlwaysNeutral,636,168.5652,1,0.0000,0.0000,1
AlwaysNeutral,637,169.1927,1,-0.0000,0.0000,1
AlwaysNeutral,638,169.1889,1,-0.0000,0.0000,1
AlwaysNeutral,639,168.0947,1,-0.0000,0.0000,1
AlwaysNeutral,640,167.0510,1,-0.0000,0.0000,1
AlwaysNeutral,641,166.8270,1,0.0000,0.0000,1
AlwaysNeutral,642,168.2181,1,-0.0000,0.0000,1
AlwaysNeutral,643,167.9967,1,-0.0000,0.0000,1
AlwaysNeutral,644,166.7915,1,-0.0000,0.0000,1
AlwaysNeutral,645,166.6525,1,-0.0000,0.0000,1
AlwaysNeutral,646,166.4989,1,-0.0000,0.0000,1
AlwaysNeutral,647,164.4136,1,0.0000,0.0000,1
AlwaysNeutral,648,164.5467,1,-0.0000,0.0000,1
AlwaysNeutral,649,164.5318,1,0.0000,0.0000,1
AlwaysNeutral,650,165.2593,1,0.0000,0.0000,1
AlwaysNeutral,651,166.8727,1,0.0000,0.0000,1
AlwaysNeutral,652,167.8275,1,-0.0000,0.0000,1
AlwaysNeutral,653,167.6182,1,-0.0000,0.0000,1
AlwaysNeutral,654,166.7493,1,0.0000,0.0000,1
AlwaysNeutral,655,168.8677,1,0.0000,0.0000,1
AlwaysNeutral,656,168.8688,1,-0.0000,0.0000,1
AlwaysNeutral,657,168.8337,1,-0.0000,0.0000,1
AlwaysNeutral,658,168.7699,1,0.0000,0.0000,1
AlwaysNeutral,659,168.8871,1,-0.0000,0.0000,1
AlwaysNeutral,660,168.7244,1,-0.0000,0.0000,1
AlwaysNeutral,661,168.2264,1,-0.0000,0.0000,1
AlwaysNeutral,662,167.7748,1,-0.0000,0.0000,1
AlwaysNeutral,663,167.7570,1,-0.0000,0.0000,1
AlwaysNeutral,664,167.3316,1,-0.0000,0.0000,1
AlwaysNeutral,665,166.7920,1,0.0000,0.0000,1
AlwaysNeutral,666,166.9347,1,-0.0000,0.0000,1
AlwaysNeutral,667,166.7811,1,0.0000,0.0000,1
AlwaysNeutral,668,168.0425,1,-0.0000,0.0000,1
AlwaysNeutral,669,165.9167,1,0.0000,0.0000,1
AlwaysNeutral,670,166.8913,1,0.0000,0.0000,1
AlwaysNeutral,671,167.9408,1,-0.0000,0.0000,1
AlwaysNeutral,672,166.2822,1,-0.0000,0.0000,1
AlwaysNeutral,673,166.0911,1,-0.0000,0.0000,1
AlwaysNeutral,674,165.8866,1,-0.0000,0.0000,1
AlwaysNeutral,675,164.8634,1,-0.0000,0.0000,1
AlwaysNeutral,676,164.3952,1,-0.0000,0.0000,1
AlwaysNeutral,677,163.6842,1,0.0000,0.0000,1
AlwaysNeutral,678,165.2989,1,0.0000,0.0000,1
AlwaysNeutral,679,166.1797,1,0.0000,0.0000,1
AlwaysNeutral,680,167.2852,1,0.0000,0.0000,1
AlwaysNeutral,681,167.8954,1,-0.0000,0.0000,1
AlwaysNeutral,682,166.9946,1,-0.0000,0.0000,1
AlwaysNeutral,683,166.6224,1,0.0000,0.0000,1
AlwaysNeutral,684,167.0800,1,-0.0000,0.0000,1
AlwaysNeutral,685,166.1455,1,0.0000,0.0000,1
AlwaysNeutral,686,166.8058,1,-0.0000,0.0000,1
AlwaysNeutral,687,166.6704,1,-0.0000,0.0000,1
AlwaysNeutral,688,166.4342,1,0.0000,0.0000,1
AlwaysNeutral,689,167.0784,1,0.0000,0.0000,1
AlwaysNeutral,690,167.4771,1,-0.0000,0.0000,1
AlwaysNeutral,691,167.2117,1,0.0000,0.0000,1
AlwaysNeutral,692,168.1757,1,-0.0000,0.0000,1
AlwaysNeutral,693,167.2993,1,0.0000,0.0000,1
AlwaysNeutral,694,167.8242,1,0.0000,0.0000,1
AlwaysNeutral,695,168.3047,1,-0.0000,0.0000,1
AlwaysNeutral,696,168.0390,1,0.0000,0.0000,1
AlwaysNeutral,697,168.2951,1,-0.0000,0.0000,1
AlwaysNeutral,698,167.2767,1,0.0000,0.0000,1
AlwaysNeutral,699,168.0492,1,-0.0000,0.0000,1
AlwaysNeutral,700,167.8960,1,-0.0000,0.0000,1
AlwaysNeutral,701,165.9941,1,0.0000,0.0000,2
AlwaysNeutral,702,168.8074,1,-0.0000,0.0000,2
AlwaysNeutral,703,166.3607,1,-0.0000,0.0000,2
AlwaysNeutral,704,161.8015,1,-0.0000,0.0000,2
AlwaysNeutral,705,156.7979,1,0.0000,0.0000,2
AlwaysNeutral,706,158.2822,1,-0.0000,0.0000,2
AlwaysNeutral,707,154.1072,1,0.0000,0.0000,2
AlwaysNeutral,708,159.0378,1,-0.0000,0.0000,2
AlwaysNeutral,709,152.4583,1,0.0000,0.0000,2
AlwaysNeutral,710,157.2140,1,0.0000,0.0000,2
AlwaysNeutral,711,157.5133,1,-0.0000,0.0000,2
AlwaysNeutral,712,156.8894,1,-0.0000,0.0000,2
AlwaysNeutral,713,154.9209,1,0.0000,0.0000,2
AlwaysNeutral,714,155.7846,1,-0.0000,0.0000,2
AlwaysNeutral,715,155.3380,1,0.0000,0.0000,2
AlwaysNeutral,716,158.3141,1,0.0000,0.0000,2
AlwaysNeutral,717,158.3231,1,0.0000,0.0000,2
AlwaysNeutral,718,158.4403,1,-0.0000,0.0000,2
AlwaysNeutral,719,157.0157,1,-0.0000,0.0000,2
AlwaysNeutral,720,156.5111,1,0.0000,0.0000,2
AlwaysNeutral,721,157.1008,1,-0.0000,0.0000,2
AlwaysNeutral,722,151.6365,1,-0.0000,0.0000,2
AlwaysNeutral,723,147.2583,1,0.0000,0.0000,2
AlwaysNeutral,724,149.1543,1,0.0000,0.0000,2
AlwaysNeutral,725,149.3332,1,-0.0000,0.0000,2
AlwaysNeutral,726,148.4475,1,-0.0000,0.0000,2
AlwaysNeutral,727,148.1691,1,0.0000,0.0000,2
AlwaysNeutral,728,148.8781,1,-0.0000,0.0000,2
AlwaysNeutral,729,146.9251,1,-0.0000,0.0000,2
AlwaysNeutral,730,144.2564,1,0.0000,0.0000,2
AlwaysNeutral,731,144.5102,1,-0.0000,0.0000,2
AlwaysNeutral,732,141.2414,1,0.0000,0.0000,2
AlwaysNeutral,733,142.1324,1,-0.0000,0.0000,2
AlwaysNeutral,734,136.6909,1,0.0000,0.0000,2
AlwaysNeutral,735,139.4447,1,0.0000,0.0000,2
AlwaysNeutral,736,140.5287,1,0.0000,0.0000,2
AlwaysNeutral,737,140.9631,1,0.0000,0.0000,2
AlwaysNeutral,738,143.5774,1,0.0000,0.0000,2
AlwaysNeutral,739,148.2401,1,0.0000,0.0000,2
AlwaysNeutral,740,150.9495,1,-0.0000,0.0000,2
AlwaysNeutral,741,145.0931,1,-0.0000,0.0000,2
AlwaysNeutral,742,140.9207,1,-0.0000,0.0000,2
AlwaysNeutral,743,138.7125,1,-0.0000,0.0000,2
AlwaysNeutral,744,138.4570,1,0.0000,0.0000,2
AlwaysNeutral,745,139.6763,1,-0.0000,0.0000,2
AlwaysNeutral,746,137.1653,1,0.0000,0.0000,2
AlwaysNeutral,747,137.3919,1,-0.0000,0.0000,2
AlwaysNeutral,748,134.7920,1,-0.0000,0.0000,2
AlwaysNeutral,749,132.6237,1,-0.0000,0.0000,2
AlwaysNeutral,750,128.0700,1,-0.0000,0.0000,2
AlwaysNeutral,751,124.9665,1,-0.0000,0.0000,2
AlwaysNeutral,752,120.5778,1,-0.0000,0.0000,2
AlwaysNeutral,753,117.3164,1,0.0000,0.0000,2
AlwaysNeutral,754,120.1436,1,-0.0000,0.0000,2
AlwaysNeutral,755,116.9617,1,0.0000,0.0000,2
AlwaysNeutral,756,124.5251,1,0.0000,0.0000,2
AlwaysNeutral,757,125.6713,1,0.0000,0.0000,2
AlwaysNeutral,758,125.8921,1,-0.0000,0.0000,2
AlwaysNeutral,759,122.9833,1,0.0000,0.0000,2
AlwaysNeutral,760,124.7505,1,-0.0000,0.0000,2
AlwaysNeutral,761,122.6898,1,0.0000,0.0000,2
AlwaysNeutral,762,122.7221,1,0.0000,0.0000,2
AlwaysNeutral,763,130.0686,1,-0.0000,0.0000,2
AlwaysNeutral,764,129.4467,1,0.0000,0.0000,2
AlwaysNeutral,765,132.5608,1,-0.0000,0.0000,2
AlwaysNeutral,766,130.1175,1,-0.0000,0.0000,2
AlwaysNeutral,767,129.6789,1,0.0000,0.0000,2
AlwaysNeutral,768,134.6575,1,-0.0000,0.0000,2
AlwaysNeutral,769,132.4429,1,0.0000,0.0000,2
AlwaysNeutral,770,137.5465,1,0.0000,0.0000,2
AlwaysNeutral,771,139.3360,1,-0.0000,0.0000,2
AlwaysNeutral,772,137.3149,1,0.0000,0.0000,2
AlwaysNeutral,773,138.8784,1,0.0000,0.0000,2
AlwaysNeutral,774,141.4623,1,0.0000,0.0000,2
AlwaysNeutral,775,142.9940,1,-0.0000,0.0000,2
AlwaysNeutral,776,137.9496,1,-0.0000,0.0000,2
AlwaysNeutral,777,135.4345,1,-0.0000,0.0000,2
AlwaysNeutral,778,134.3582,1,-0.0000,0.0000,2
AlwaysNeutral,779,133.8011,1,0.0000,0.0000,2
AlwaysNeutral,780,135.3294,1,0.0000,0.0000,2
AlwaysNeutral,781,135.5288,1,-0.0000,0.0000,2
AlwaysNeutral,782,131.1890,1,0.0000,0.0000,2
AlwaysNeutral,783,131.9959,1,0.0000,0.0000,2
AlwaysNeutral,784,133.4939,1,0.0000,0.0000,2
AlwaysNeutral,785,134.8395,1,0.0000,0.0000,2
AlwaysNeutral,786,137.7482,1,0.0000,0.0000,2
AlwaysNeutral,787,139.9162,1,0.0000,0.0000,2
AlwaysNeutral,788,140.9600,1,-0.0000,0.0000,2
AlwaysNeutral,789,140.4158,1,-0.0000,0.0000,2
AlwaysNeutral,790,135.0992,1,0.0000,0.0000,2
AlwaysNeutral,791,136.0543,1,0.0000,0.0000,2
AlwaysNeutral,792,136.3436,1,0.0000,0.0000,2
AlwaysNeutral,793,136.8246,1,-0.0000,0.0000,2
AlwaysNeutral,794,132.6606,1,-0.0000,0.0000,2
AlwaysNeutral,795,129.0837,1,0.0000,0.0000,2
AlwaysNeutral,796,131.9095,1,-0.0000,0.0000,2
AlwaysNeutral,797,131.4571,1,0.0000,0.0000,2
AlwaysNeutral,798,133.1678,1,-0.0000,0.0000,2
AlwaysNeutral,799,132.9190,1,-0.0000,0.0000,2
AlwaysNeutral,800,132.6746,1,0.0000,0.0000,2
AlwaysNeutral,801,135.1557,1,-0.0000,0.0000,2
AlwaysNeutral,802,133.2738,1,-0.0000,0.0000,2
AlwaysNeutral,803,133.2285,1,-0.0000,0.0000,2
AlwaysNeutral,804,131.5079,1,-0.0000,0.0000,2
AlwaysNeutral,805,129.8707,1,-0.0000,0.0000,2
AlwaysNeutral,806,128.6094,1,0.0000,0.0000,2
AlwaysNeutral,807,128.9421,1,-0.0000,0.0000,2
AlwaysNeutral,808,127.1721,1,0.0000,0.0000,2
AlwaysNeutral,809,130.6057,1,-0.0000,0.0000,2
AlwaysNeutral,810,127.5881,1,-0.0000,0.0000,2
AlwaysNeutral,811,126.6938,1,-0.0000,0.0000,2
AlwaysNeutral,812,125.0408,1,0.0000,0.0000,2
AlwaysNeutral,813,129.0480,1,0.0000,0.0000,2
AlwaysNeutral,814,129.3040,1,0.0000,0.0000,2
AlwaysNeutral,815,132.0658,1,-0.0000,0.0000,2
AlwaysNeutral,816,127.2754,1,0.0000,0.0000,2
AlwaysNeutral,817,127.7428,1,0.0000,0.0000,2
AlwaysNeutral,818,130.0779,1,-0.0000,0.0000,2
AlwaysNeutral,819,129.9910,1,0.0000,0.0000,2
AlwaysNeutral,820,132.8538,1,-0.0000,0.0000,2
AlwaysNeutral,821,130.9682,1,0.0000,0.0000,2
AlwaysNeutral,822,134.8625,1,0.0000,0.0000,2
AlwaysNeutral,823,141.4254,1,-0.0000,0.0000,2
AlwaysNeutral,824,140.0032,1,-0.0000,0.0000,2
AlwaysNeutral,825,138.3329,1,0.0000,0.0000,2
AlwaysNeutral,826,142.3594,1,0.0000,0.0000,2
AlwaysNeutral,827,146.7643,1,-0.0000,0.0000,2
AlwaysNeutral,828,144.8620,1,-0.0000,0.0000,2
AlwaysNeutral,829,143.2677,1,-0.0000,0.0000,2
AlwaysNeutral,830,142.0887,1,-0.0000,0.0000,2
AlwaysNeutral,831,137.7216,1,-0.0000,0.0000,2
AlwaysNeutral,832,134.6319,1,-0.0000,0.0000,2
AlwaysNeutral,833,131.2857,1,-0.0000,0.0000,2
AlwaysNeutral,834,128.6486,1,-0.0000,0.0000,2
AlwaysNeutral,835,128.2108,1,0.0000,0.0000,2
AlwaysNeutral,836,128.5797,1,0.0000,0.0000,2
AlwaysNeutral,837,132.8975,1,-0.0000,0.0000,2
AlwaysNeutral,838,129.5687,1,0.0000,0.0000,2
AlwaysNeutral,839,132.1879,1,-0.0000,0.0000,2
AlwaysNeutral,840,131.2122,1,-0.0000,0.0000,2
AlwaysNeutral,841,130.7301,1,0.0000,0.0000,2
AlwaysNeutral,842,132.4208,1,-0.0000,0.0000,2
AlwaysNeutral,843,128.7189,1,0.0000,0.0000,2
AlwaysNeutral,844,129.5324,1,0.0000,0.0000,2
AlwaysNeutral,845,129.6981,1,0.0000,0.0000,2
AlwaysNeutral,846,130.8417,1,0.0000,0.0000,2
AlwaysNeutral,847,131.3754,1,0.0000,0.0000,2
AlwaysNeutral,848,138.4076,1,-0.0000,0.0000,2
AlwaysNeutral,849,136.1607,1,-0.0000,0.0000,2
AlwaysNeutral,850,134.2339,1,-0.0000,0.0000,2
AlwaysNeutral,851,132.0308,1,-0.0000,0.0000,2
AlwaysNeutral,852,130.0306,1,-0.0000,0.0000,2
AlwaysNeutral,853,127.7847,1,0.0000,0.0000,2
AlwaysNeutral,854,131.0180,1,0.0000,0.0000,2
AlwaysNeutral,855,134.9458,1,-0.0000,0.0000,2
AlwaysNeutral,856,132.8999,1,-0.0000,0.0000,2
AlwaysNeutral,857,130.0691,1,0.0000,0.0000,2
AlwaysNeutral,858,131.1496,1,-0.0000,0.0000,2
AlwaysNeutral,859,129.1592,1,0.0000,0.0000,2
AlwaysNeutral,860,130.7242,1,0.0000,0.0000,2
AlwaysNeutral,861,130.9993,1,-0.0000,0.0000,2
AlwaysNeutral,862,126.1183,1,0.0000,0.0000,2
AlwaysNeutral,863,130.4271,1,0.0000,0.0000,2
AlwaysNeutral,864,135.4810,1,-0.0000,0.0000,2
AlwaysNeutral,865,133.3089,1,-0.0000,0.0000,2
AlwaysNeutral,866,131.8120,1,0.0000,0.0000,2
AlwaysNeutral,867,132.3359,1,0.0000,0.0000,2
AlwaysNeutral,868,133.0055,1,0.0000,0.0000,2
AlwaysNeutral,869,134.6474,1,0.0000,0.0000,2
AlwaysNeutral,870,140.3443,1,-0.0000,0.0000,2
AlwaysNeutral,871,139.4798,1,-0.0000,0.0000,2
AlwaysNeutral,872,136.7511,1,-0.0000,0.0000,2
AlwaysNeutral,873,132.2794,1,-0.0000,0.0000,2
AlwaysNeutral,874,129.7529,1,-0.0000,0.0000,2
AlwaysNeutral,875,129.3198,1,0.0000,0.0000,2
AlwaysNeutral,876,134.3697,1,-0.0000,0.0000,2
AlwaysNeutral,877,132.4832,1,0.0000,0.0000,2
AlwaysNeutral,878,132.8208,1,-0.0000,0.0000,2
AlwaysNeutral,879,132.4378,1,0.0000,0.0000,2
AlwaysNeutral,880,135.6693,1,0.0000,0.0000,2
AlwaysNeutral,881,142.9163,1,-0.0000,0.0000,2
AlwaysNeutral,882,140.9900,1,-0.0000,0.0000,2
AlwaysNeutral,883,139.1879,1,0.0000,0.0000,2
AlwaysNeutral,884,141.9867,1,0.0000,0.0000,2
AlwaysNeutral,885,143.6986,1,0.0000,0.0000,2
AlwaysNeutral,886,148.9050,1,0.0000,0.0000,2
AlwaysNeutral,887,150.3231,1,-0.0000,0.0000,2
AlwaysNeutral,888,148.9115,1,0.0000,0.0000,2
AlwaysNeutral,889,150.3497,1,0.0000,0.0000,2
AlwaysNeutral,890,153.3421,1,0.0000,0.0000,2
AlwaysNeutral,891,155.4698,1,0.0000,0.0000,2
AlwaysNeutral,892,156.6579,1,0.0000,0.0000,2
AlwaysNeutral,893,159.5242,1,0.0000,0.0000,2
AlwaysNeutral,894,162.6983,1,0.0000,0.0000,2
AlwaysNeutral,895,166.5111,1,0.0000,0.0000,2
AlwaysNeutral,896,168.1235,1,-0.0000,0.0000,2
AlwaysNeutral,897,167.2884,1,0.0000,0.0000,2
AlwaysNeutral,898,167.3948,1,0.0000,0.0000,2
AlwaysNeutral,899,170.6806,1,-0.0000,0.0000,2
MA_Crossover,0,100.0000,1,0.0000,0.0000,0
MA_Crossover,1,100.7999,1,0.0000,0.0000,0
MA_Crossover,2,100.9631,1,0.0000,0.0000,0
MA_Crossover,3,101.9244,1,0.0000,0.0000,0
MA_Crossover,4,103.7996,1,0.0000,0.0000,0
MA_Crossover,5,103.8679,1,0.0000,0.0000,0
MA_Crossover,6,103.9364,1,0.0000,0.0000,0
MA_Crossover,7,105.9080,1,0.0000,0.0000,0
MA_Crossover,8,107.0446,1,-0.0000,0.0000,0
MA_Crossover,9,106.8633,1,0.0000,0.0000,0
MA_Crossover,10,107.7675,1,-0.0000,0.0000,0
MA_Crossover,11,107.5916,1,-0.0000,0.0000,0
MA_Crossover,12,107.4134,1,0.0000,0.0000,0
MA_Crossover,13,107.9971,1,-0.0000,0.0000,0
MA_Crossover,14,106.2688,1,-0.0000,0.0000,0
MA_Crossover,15,104.7653,1,-0.0000,0.0000,0
MA_Crossover,16,104.4909,1,-0.0000,0.0000,0
MA_Crossover,17,103.7487,1,0.0000,0.0000,0
MA_Crossover,18,104.3879,1,-0.0000,0.0000,0
MA_Crossover,19,103.7551,1,-0.0000,0.0000,0
MA_Crossover,20,102.6074,1,0.0000,0.0000,0
MA_Crossover,21,104.4352,1,0.0000,0.0000,0
MA_Crossover,22,104.5128,1,0.0000,0.0000,0
MA_Crossover,23,104.8976,1,-0.0000,0.0000,0
MA_Crossover,24,103.7244,1,-0.0000,0.0000,0
MA_Crossover,25,103.4712,1,0.0000,0.0000,0
MA_Crossover,26,103.8972,1,-0.0000,0.0000,0
MA_Crossover,27,103.0168,1,0.0000,0.0000,0
MA_Crossover,28,103.7153,1,-0.0000,0.0000,0
MA_Crossover,29,103.4039,2,-0.0083,-0.0083,0
MA_Crossover,30,103.4125,2,0.3013,0.2929,0
MA_Crossover,31,103.1010,2,-2.1756,-1.8827,0
MA_Crossover,32,105.3441,2,-0.2869,-2.1696,0
MA_Crossover,33,105.6463,2,0.7548,-1.4147,0
MA_Crossover,34,104.8488,2,-1.1289,-2.5436,0
MA_Crossover,35,106.0325,2,0.9166,-1.6270,0
MA_Crossover,36,105.0605,2,-0.5102,-2.1371,0
MA_Crossover,37,105.5965,2,1.6460,-0.4912,0
MA_Crossover,38,103.8584,2,1.0229,0.5318,0
MA_Crossover,39,102.7960,2,-0.4981,0.0337,0
MA_Crossover,40,103.3081,2,-1.0439,-1.0102,0
MA_Crossover,41,104.3865,0,0.4725,-0.5377,0
MA_Crossover,42,104.8797,0,0.1845,-0.3532,0
MA_Crossover,43,105.0732,0,-0.0011,-0.3543,0
MA_Crossover,44,105.0720,0,-1.1716,-1.5259,0
MA_Crossover,45,103.8410,0,-0.4190,-1.9449,0
MA_Crossover,46,103.4060,0,-0.1605,-2.1054,0
MA_Crossover,47,103.2400,2,-1.3664,-3.4718,0
MA_Crossover,48,104.6506,2,-0.6457,-4.1175,0
MA_Crossover,49,105.3264,0,-1.4524,-5.5699,0
MA_Crossover,50,103.7966,0,0.6260,-4.9438,0
MA_Crossover,51,104.4464,0,-0.0850,-5.0289,0
MA_Crossover,52,104.3576,0,-0.3762,-5.4051,0
MA_Crossover,53,103.9650,2,-0.9158,-6.3209,0
MA_Crossover,54,104.9171,2,-1.3399,-7.6608,0
MA_Crossover,55,106.3229,0,1.2389,-6.4219,0
MA_Crossover,56,107.6401,0,-0.5378,-6.9597,0
MA_Crossover,57,107.0613,0,-0.0092,-6.9689,0
MA_Crossover,58,107.0514,0,0.6333,-6.3357,0
MA_Crossover,59,107.7293,0,1.2837,-5.0519,0
MA_Crossover,60,109.1123,0,-0.1790,-5.2309,0
MA_Crossover,61,108.9169,0,0.1144,-5.1165,0
MA_Crossover,62,109.0416,0,-0.8031,-5.9196,0
MA_Crossover,63,108.1658,0,-0.8922,-6.8118,0
MA_Crossover,64,107.2008,0,1.1187,-5.6931,0
MA_Crossover,65,108.4001,0,1.6700,-4.0231,0
MA_Crossover,66,110.2104,0,0.2282,-3.7948,0
MA_Crossover,67,110.4620,0,1.3121,-2.4828,0
MA_Crossover,68,111.9113,0,0.6638,-1.8189,0
MA_Crossover,69,112.6542,0,-0.3445,-2.1634,0
MA_Crossover,70,112.2661,0,0.6636,-1.4999,0
MA_Crossover,71,113.0111,0,1.8550,0.3552,0
MA_Crossover,72,115.1074,0,0.2645,0.6197,0
MA_Crossover,73,115.4119,0,1.8821,2.5018,0
MA_Crossover,74,117.5841,0,-2.2930,0.2088,0
MA_Crossover,75,114.8879,0,1.1282,1.3370,0
MA_Crossover,76,116.1841,0,0.3878,1.7248,0
MA_Crossover,77,116.6346,0,0.0010,1.7258,0
MA_Crossover,78,116.6358,0,0.3925,2.1183,0
MA_Crossover,79,117.0936,0,-1.6734,0.4449,0
MA_Crossover,80,115.1342,0,0.0804,0.5253,0
MA_Crossover,81,115.2267,0,0.6593,1.1846,0
MA_Crossover,82,115.9863,0,1.7938,2.9783,0
MA_Crossover,83,118.0669,0,-0.2180,2.7603,0
MA_Crossover,84,117.8095,0,-0.5072,2.2531,0
MA_Crossover,85,117.2119,0,-0.2016,2.0516,0
MA_Crossover,86,116.9757,0,1.2228,3.2744,0
MA_Crossover,87,118.4061,0,0.6307,3.9051,0
MA_Crossover,88,119.1529,0,-0.2295,3.6756,0
MA_Crossover,89,118.8795,0,0.8166,4.4922,0
MA_Crossover,90,119.8502,0,0.3979,4.8901,0
MA_Crossover,91,120.3271,0,1.2767,6.1668,0
MA_Crossover,92,121.8633,0,-0.4012,5.7655,0
MA_Crossover,93,121.3743,0,-0.0277,5.7379,0
MA_Crossover,94,121.3408,0,-0.0921,5.6458,0
MA_Crossover,95,121.2291,0,-1.1568,4.4890,0
MA_Crossover,96,119.8267,0,0.5979,5.0869,0
MA_Crossover,97,120.5432,0,0.5626,5.6496,0
MA_Crossover,98,121.2214,0,0.3056,5.9552,0
MA_Crossover,99,121.5918,0,0.0654,6.0206,0
MA_Crossover,100,121.6714,0,-1.1092,4.9114,0
MA_Crossover,101,120.3218,0,-0.1206,4.7908,0
MA_Crossover,102,120.1767,0,-0.0427,4.7481,0
MA_Crossover,103,120.1254,0,-0.5010,4.2471,0
MA_Crossover,104,119.5236,0,0.1388,4.3859,0
MA_Crossover,105,119.6895,0,0.7065,5.0925,0
MA_Crossover,106,120.5351,0,2.2103,7.3027,0
MA_Crossover,107,123.1993,0,0.4757,7.7784,0
MA_Crossover,108,123.7853,0,0.5591,8.3375,0
MA_Crossover,109,124.4774,0,0.2258,8.5633,0
MA_Crossover,110,124.7585,0,-1.6057,6.9576,0
MA_Crossover,111,122.7552,0,0.2739,7.2315,0
MA_Crossover,112,123.0914,0,0.3609,7.5923,0
MA_Crossover,113,123.5356,0,2.8018,10.3941,0
MA_Crossover,114,126.9968,0,0.1077,10.5018,0
MA_Crossover,115,127.1336,0,0.6034,11.1052,0
MA_Crossover,116,127.9006,0,0.2656,11.3708,0
MA_Crossover,117,128.2404,0,-0.8649,10.5059,0
MA_Crossover,118,127.1312,0,1.4533,11.9592,0
MA_Crossover,119,128.9788,0,1.0575,13.0167,0
MA_Crossover,120,130.3427,0,1.0970,14.1137,0
MA_Crossover,121,131.7726,0,-0.6075,13.5061,0
MA_Crossover,122,130.9720,0,1.7174,15.2235,0
MA_Crossover,123,133.2213,0,-1.0958,14.1277,0
MA_Crossover,124,131.7615,0,0.8908,15.0185,0
MA_Crossover,125,132.9352,0,2.5217,17.5402,0
MA_Crossover,126,136.2875,0,-0.6882,16.8521,0
MA_Crossover,127,135.3496,0,-0.2659,16.5861,0
MA_Crossover,128,134.9896,0,0.4005,16.9866,0
MA_Crossover,129,135.5302,0,-0.2033,16.7833,0
MA_Crossover,130,135.2547,0,-1.2429,15.5404,0
MA_Crossover,131,133.5737,0,0.3692,15.9097,0
MA_Crossover,132,134.0669,0,-0.7594,15.1503,0
MA_Crossover,133,133.0488,0,0.7766,15.9269,0
MA_Crossover,134,134.0820,0,-0.6175,15.3094,0
MA_Crossover,135,133.2540,0,1.8672,17.1765,0
MA_Crossover,136,135.7421,0,-0.4821,16.6944,0
MA_Crossover,137,135.0877,0,-0.0221,16.6724,0
MA_Crossover,138,135.0579,0,1.1197,17.7921,0
MA_Crossover,139,136.5702,0,-0.9265,16.8656,0
MA_Crossover,140,135.3048,0,0.5289,17.3944,0
MA_Crossover,141,136.0204,0,1.6201,19.0145,0
MA_Crossover,142,138.2241,0,-1.2990,17.7156,0
MA_Crossover,143,136.4286,0,0.4858,18.2014,0
MA_Crossover,144,137.0914,0,0.5615,18.7628,0
MA_Crossover,145,137.8611,0,1.0877,19.8505,0
MA_Crossover,146,139.3606,0,-0.9326,18.9180,0
MA_Crossover,147,138.0609,0,-1.0153,17.9027,0
MA_Crossover,148,136.6593,0,0.8253,18.7280,0
MA_Crossover,149,137.7871,0,0.5988,19.3268,0
MA_Crossover,150,138.6122,0,0.5520,19.8788,0
MA_Crossover,151,139.3773,0,0.6485,20.5273,0
MA_Crossover,152,140.2812,0,-0.3793,20.1480,0
MA_Crossover,153,139.7492,0,0.5337,20.6817,0
MA_Crossover,154,140.4950,0,0.5948,21.2765,0
MA_Crossover,155,141.3307,0,-0.4135,20.8631,0
MA_Crossover,156,140.7463,0,2.1894,23.0524,0
MA_Crossover,157,143.8278,0,0.7768,23.8293,0
MA_Crossover,158,144.9451,0,-0.8873,22.9419,0
MA_Crossover,159,143.6589,0,0.9611,23.9031,0
MA_Crossover,160,145.0397,0,-0.6724,23.2307,0
MA_Crossover,161,144.0644,0,1.0930,24.3237,0
MA_Crossover,162,145.6391,0,1.4693,25.7930,0
MA_Crossover,163,147.7789,0,-0.5193,25.2736,0
MA_Crossover,164,147.0115,0,1.2714,26.5450,0
MA_Crossover,165,148.8805,0,0.7153,27.2604,0
MA_Crossover,166,149.9455,0,1.1284,28.3887,0
MA_Crossover,167,151.6375,0,2.2211,30.6098,0
MA_Crossover,168,155.0055,0,0.0546,30.6645,0
MA_Crossover,169,155.0902,0,-0.4527,30.2118,0
MA_Crossover,170,154.3881,0,-0.5878,29.6240,0
MA_Crossover,171,153.4806,0,-0.5145,29.1095,0
MA_Crossover,172,152.6910,0,0.2231,29.3326,0
MA_Crossover,173,153.0317,0,0.6432,29.9759,0
MA_Crossover,174,154.0160,0,0.5784,30.5542,0
MA_Crossover,175,154.9068,0,1.1336,31.6878,0
MA_Crossover,176,156.6627,0,0.3135,32.0013,0
MA_Crossover,177,157.1539,0,1.7690,33.7703,0
MA_Crossover,178,159.9339,0,0.0353,33.8056,0
MA_Crossover,179,159.9905,0,3.0662,36.8719,0
MA_Crossover,180,164.8961,0,0.9300,37.8018,0
MA_Crossover,181,166.4296,0,-0.5556,37.2462,0
MA_Crossover,182,165.5049,0,-0.7679,36.4783,0
MA_Crossover,183,164.2340,0,0.7855,37.2638,0
MA_Crossover,184,165.5241,0,0.0766,37.3404,0
MA_Crossover,185,165.6508,0,1.0192,38.3595,0
MA_Crossover,186,167.3391,0,0.7762,39.1358,0
MA_Crossover,187,168.6380,0,0.2274,39.3632,0
MA_Crossover,188,169.0216,0,-0.5453,38.8179,0
MA_Crossover,189,168.0999,0,-1.2075,37.6104,0
MA_Crossover,190,166.0701,0,-0.1464,37.4640,0
MA_Crossover,191,165.8269,0,1.1631,38.6271,0
MA_Crossover,192,167.7557,0,0.5154,39.1425,0
MA_Crossover,193,168.6203,0,-0.9413,38.2012,0
MA_Crossover,194,167.0331,0,0.4743,38.6756,0
MA_Crossover,195,167.8254,0,0.6877,39.3632,0
MA_Crossover,196,168.9795,0,-0.5822,38.7811,0
MA_Crossover,197,167.9957,0,0.4548,39.2358,0
MA_Crossover,198,168.7597,0,0.3589,39.5947,0
MA_Crossover,199,169.3653,0,-0.8394,38.7552,0
MA_Crossover,200,167.9436,0,0.1704,38.9257,0
MA_Crossover,201,168.2298,0,0.2582,39.1838,1
MA_Crossover,202,168.6642,0,0.4923,39.6762,1
MA_Crossover,203,169.4946,0,0.4516,40.1278,1
MA_Crossover,204,170.2601,0,-0.7154,39.4125,1
MA_Crossover,205,169.0421,0,-0.4763,38.9362,1
MA_Crossover,206,168.2369,0,0.2362,39.1723,1
MA_Crossover,207,168.6343,0,0.2233,39.3956,1
MA_Crossover,208,169.0108,0,0.2122,39.6078,1
MA_Crossover,209,169.3695,0,1.7777,41.3855,1
MA_Crossover,210,172.3803,0,0.1363,41.5218,1
MA_Crossover,211,172.6152,0,0.3910,41.9128,1
MA_Crossover,212,173.2901,0,0.2862,42.1989,1
MA_Crossover,213,173.7860,0,0.1318,42.3307,1
MA_Crossover,214,174.0150,0,-0.3194,42.0113,1
MA_Crossover,215,173.4592,0,0.1911,42.2023,1
MA_Crossover,216,173.7906,0,-0.5240,41.6784,1
MA_Crossover,217,172.8800,0,-0.2524,41.4260,1
MA_Crossover,218,172.4437,0,-0.3556,41.0704,1
MA_Crossover,219,171.8304,0,-0.0750,40.9954,1
MA_Crossover,220,171.7016,0,0.9690,41.9644,1
MA_Crossover,221,173.3654,0,-1.0180,40.9464,1
MA_Crossover,222,171.6005,0,0.2134,41.1598,1
MA_Crossover,223,171.9667,0,-0.8672,40.2926,1
MA_Crossover,224,170.4753,0,-0.2957,39.9968,1
MA_Crossover,225,169.9712,0,0.4529,40.4497,1
MA_Crossover,226,170.7410,0,-0.0518,40.3979,1
MA_Crossover,227,170.6525,0,-0.5846,39.8133,1
MA_Crossover,228,169.6549,0,-0.3877,39.4256,1
MA_Crossover,229,168.9971,2,-0.2905,39.1350,1
MA_Crossover,230,169.4881,2,0.3903,39.5253,1
MA_Crossover,231,168.8266,2,-0.0764,39.4489,1
MA_Crossover,232,168.9556,2,0.0084,39.4573,1
MA_Crossover,233,168.9414,2,0.3381,39.7954,1
MA_Crossover,234,168.3703,2,-1.0060,38.7894,1
MA_Crossover,235,170.0641,2,-0.2359,38.5535,1
MA_Crossover,236,170.4652,2,1.0244,39.5779,1
MA_Crossover,237,168.7190,2,-0.0654,39.5125,1
MA_Crossover,238,168.8294,2,0.3398,39.8523,1
MA_Crossover,239,168.2557,2,-0.3960,39.4562,1
MA_Crossover,240,168.9220,2,0.4043,39.8605,1
MA_Crossover,241,168.2391,2,0.0633,39.9239,1
MA_Crossover,242,168.1325,2,-0.2347,39.6892,1
MA_Crossover,243,168.5271,2,-0.3937,39.2956,1
MA_Crossover,244,169.1905,2,0.6044,39.9000,1
MA_Crossover,245,168.1679,2,0.1658,40.0657,1
MA_Crossover,246,167.8891,2,0.2247,40.2904,1
MA_Crossover,247,167.5119,2,0.2991,40.5896,1
MA_Crossover,248,167.0108,2,-0.8736,39.7160,1
MA_Crossover,249,168.4698,2,-0.1767,39.5393,1
MA_Crossover,250,168.7675,2,0.6221,40.1614,1
MA_Crossover,251,167.7176,2,-0.4446,39.7168,1
MA_Crossover,252,168.4632,2,-0.9924,38.7245,1
MA_Crossover,253,170.1349,2,-0.4211,38.3034,1
MA_Crossover,254,170.8513,2,0.7965,39.0999,1
MA_Crossover,255,169.4904,2,0.2742,39.3741,1
MA_Crossover,256,169.0257,2,-0.5676,38.8065,1
MA_Crossover,257,169.9851,0,-0.3931,38.4134,1
MA_Crossover,258,169.3169,0,0.1691,38.5825,1
MA_Crossover,259,169.6033,0,0.3165,38.8990,1
MA_Crossover,260,170.1400,0,-0.5004,38.3986,1
MA_Crossover,261,169.2887,0,-0.0679,38.3307,1
MA_Crossover,262,169.1738,0,-1.5691,36.7616,1
MA_Crossover,263,166.5193,0,-0.4494,36.3123,1
MA_Crossover,264,165.7710,0,-0.0564,36.2559,1
MA_Crossover,265,165.6776,2,0.5341,36.7900,1
MA_Crossover,266,164.7926,2,-0.8881,35.9020,1
MA_Crossover,267,166.2561,2,0.6374,36.5394,1
MA_Crossover,268,165.1964,2,0.1300,36.6693,1
MA_Crossover,269,164.9817,2,-0.1532,36.5162,1
MA_Crossover,270,165.2344,2,-0.7798,35.7364,1
MA_Crossover,271,166.5229,2,0.6471,36.3835,1
MA_Crossover,272,165.4452,2,-0.6379,35.7456,1
MA_Crossover,273,166.5007,2,-0.0482,35.6973,1
MA_Crossover,274,166.5810,2,0.4305,36.1278,1
MA_Crossover,275,165.8639,2,-0.2856,35.8422,1
MA_Crossover,276,166.3376,2,-0.1440,35.6982,1
MA_Crossover,277,166.5771,2,0.2472,35.9454,1
MA_Crossover,278,166.1653,2,-0.0871,35.8583,1
MA_Crossover,279,166.3100,2,0.1362,35.9946,1
MA_Crossover,280,166.0835,2,-0.1107,35.8839,1
MA_Crossover,281,166.2673,2,-0.3690,35.5149,1
MA_Crossover,282,166.8808,2,-0.7922,34.7227,1
MA_Crossover,283,168.2028,2,0.5964,35.3192,1
MA_Crossover,284,167.1996,2,-1.0428,34.2763,1
MA_Crossover,285,168.9432,2,0.9540,35.2303,1
MA_Crossover,286,167.3315,0,-0.0543,35.1760,1
MA_Crossover,287,167.2407,0,0.3024,35.4784,1
MA_Crossover,288,167.7465,0,0.1399,35.6183,1
MA_Crossover,289,167.9812,0,-0.2977,35.3206,1
MA_Crossover,290,167.4811,0,-0.0856,35.2350,1
MA_Crossover,291,167.3377,0,-0.2176,35.0175,1
MA_Crossover,292,166.9736,0,-0.2533,34.7641,1
MA_Crossover,293,166.5506,0,0.4499,35.2140,1
MA_Crossover,294,167.3000,0,0.1900,35.4040,1
MA_Crossover,295,167.6178,0,-0.3210,35.0830,1
MA_Crossover,296,167.0797,0,0.4566,35.5396,1
MA_Crossover,297,167.8426,0,0.1495,35.6891,1
MA_Crossover,298,168.0935,0,0.3824,36.0715,1
MA_Crossover,299,168.7363,0,0.2750,36.3465,1
MA_Crossover,300,169.2004,0,-0.4291,35.9174,1
MA_Crossover,301,168.4743,0,-0.2818,35.6357,1
MA_Crossover,302,167.9996,0,0.3542,35.9898,1
MA_Crossover,303,168.5947,0,0.2703,36.2602,1
MA_Crossover,304,169.0504,0,-0.0426,36.2175,1
MA_Crossover,305,168.9784,0,0.0249,36.2425,1
MA_Crossover,306,169.0205,0,0.5729,36.8153,1
MA_Crossover,307,169.9888,0,-0.3386,36.4768,1
MA_Crossover,308,169.4133,0,0.2150,36.6918,1
MA_Crossover,309,169.7775,0,-0.1493,36.5425,1
MA_Crossover,310,169.5240,0,-0.1493,36.3931,1
MA_Crossover,311,169.2708,0,0.4801,36.8732,1
MA_Crossover,312,170.0835,0,0.3253,37.1986,1
MA_Crossover,313,170.6368,0,0.3025,37.5010,1
MA_Crossover,314,171.1530,0,0.5164,38.0175,1
MA_Crossover,315,172.0369,0,-0.1092,37.9083,1
MA_Crossover,316,171.8490,0,0.2038,38.1121,1
MA_Crossover,317,172.1993,0,-0.2677,37.8444,1
MA_Crossover,318,171.7383,0,0.0405,37.8849,1
MA_Crossover,319,171.8079,0,-0.1731,37.7119,1
MA_Crossover,320,171.5106,0,-0.0587,37.6531,1
MA_Crossover,321,171.4098,0,0.1767,37.8298,1
MA_Crossover,322,171.7127,0,-0.4910,37.3388,1
MA_Crossover,323,170.8696,0,0.8940,38.2329,1
MA_Crossover,324,172.3972,0,-0.5960,37.6369,1
MA_Crossover,325,171.3697,0,-0.6668,36.9701,1
MA_Crossover,326,170.2271,0,0.4772,37.4473,1
MA_Crossover,327,171.0394,0,0.2798,37.7271,1
MA_Crossover,328,171.5179,0,0.1869,37.9140,1
MA_Crossover,329,171.8385,0,0.1792,38.0932,1
MA_Crossover,330,172.1465,0,-0.1278,37.9654,1
MA_Crossover,331,171.9265,0,-0.5333,37.4321,1
MA_Crossover,332,171.0096,0,-0.0542,37.3779,1
MA_Crossover,333,170.9169,0,-0.4039,36.9739,1
MA_Crossover,334,170.2265,0,0.3912,37.3652,1
MA_Crossover,335,170.8925,0,-0.1551,37.2100,1
MA_Crossover,336,170.6274,0,-0.4657,36.7444,1
MA_Crossover,337,169.8328,0,-0.2070,36.5373,1
MA_Crossover,338,169.4812,2,-0.1496,36.3878,1
MA_Crossover,339,169.7347,2,0.3185,36.7063,1
MA_Crossover,340,169.1942,2,0.4257,37.1320,1
MA_Crossover,341,168.4738,2,-0.1000,37.0320,1
MA_Crossover,342,168.6423,2,-0.0955,36.9365,1
MA_Crossover,343,168.8033,2,0.2657,37.2022,1
MA_Crossover,344,168.3548,2,0.2360,37.4383,1
MA_Crossover,345,167.9574,2,-0.1101,37.3282,1
MA_Crossover,346,168.1423,2,0.6949,38.0230,1
MA_Crossover,347,166.9739,2,0.6453,38.6683,1
MA_Crossover,348,165.8965,2,0.2848,38.9531,1
MA_Crossover,349,165.4241,2,0.0271,38.9802,1
MA_Crossover,350,165.3793,2,-0.2279,38.7522,1
MA_Crossover,351,165.7562,2,-0.7780,37.9742,1
MA_Crossover,352,167.0459,2,-0.4376,37.5366,1
MA_Crossover,353,167.7769,2,0.0713,37.6079,1
MA_Crossover,354,167.6573,2,0.0005,37.6084,1
MA_Crossover,355,167.6564,2,0.4698,38.0782,1
MA_Crossover,356,166.8687,2,-0.0233,38.0549,1
MA_Crossover,357,166.9076,2,0.1073,38.1622,1
MA_Crossover,358,166.7285,2,-0.1913,37.9709,1
MA_Crossover,359,167.0474,2,0.3693,38.3403,1
MA_Crossover,360,166.4305,2,-0.2951,38.0452,1
MA_Crossover,361,166.9216,2,-0.7652,37.2800,1
MA_Crossover,362,168.1989,2,0.0593,37.3393,1
MA_Crossover,363,168.0991,2,-0.1866,37.1527,1
MA_Crossover,364,168.4127,2,-0.3139,36.8388,1
MA_Crossover,365,168.9414,2,0.2195,37.0583,1
MA_Crossover,366,168.5705,2,-0.0878,36.9706,1
MA_Crossover,367,168.7184,0,-0.0170,36.9536,1
MA_Crossover,368,168.6898,0,0.0242,36.9778,1
MA_Crossover,369,168.7306,0,-0.3898,36.5880,1
MA_Crossover,370,168.0728,0,0.0078,36.5958,1
MA_Crossover,371,168.0860,0,0.2328,36.8286,1
MA_Crossover,372,168.4773,0,0.6732,37.5018,1
MA_Crossover,373,169.6115,0,0.4033,37.9051,1
MA_Crossover,374,170.2955,0,0.9424,38.8475,1
MA_Crossover,375,171.9005,0,-0.4722,38.3753,1
MA_Crossover,376,171.0888,0,0.3160,38.6913,1
MA_Crossover,377,171.6294,0,-0.0219,38.6694,1
MA_Crossover,378,171.5917,0,0.9146,39.5840,1
MA_Crossover,379,173.1612,0,-0.5241,39.0600,1
MA_Crossover,380,172.2537,0,-0.5151,38.5448,1
MA_Crossover,381,171.3664,0,-0.3797,38.1652,1
MA_Crossover,382,170.7157,0,-1.0765,37.0887,1
MA_Crossover,383,168.8780,0,-0.2767,36.8120,1
MA_Crossover,384,168.4107,0,-0.3745,36.4375,1
MA_Crossover,385,167.7800,0,0.0766,36.5141,1
MA_Crossover,386,167.9085,0,0.1639,36.6779,1
MA_Crossover,387,168.1837,0,0.8853,37.5632,1
MA_Crossover,388,169.6726,0,0.3972,37.9604,1
MA_Crossover,389,170.3465,0,-0.3415,37.6190,1
MA_Crossover,390,169.7648,2,0.4770,38.0960,1
MA_Crossover,391,168.9550,2,-0.2030,37.8930,1
MA_Crossover,392,169.2980,2,0.6639,38.5568,1
MA_Crossover,393,168.1741,2,-0.8644,37.6925,1
MA_Crossover,394,169.6277,2,-0.5066,37.1859,1
MA_Crossover,395,170.4871,2,0.2948,37.4806,1
MA_Crossover,396,169.9846,2,0.8663,38.3469,1
MA_Crossover,397,168.5120,2,-0.6259,37.7210,1
MA_Crossover,398,169.5667,2,0.1019,37.8229,1
MA_Crossover,399,169.3939,2,-0.5418,37.2811,1
MA_Crossover,400,170.3116,2,0.8185,38.0996,1
MA_Crossover,401,168.9177,2,0.3127,38.4123,1
MA_Crossover,402,168.3895,2,0.0107,38.4231,1
MA_Crossover,403,168.3714,2,-0.0096,38.4134,1
MA_Crossover,404,168.3876,2,0.2270,38.6404,1
MA_Crossover,405,168.0053,2,-0.2947,38.3457,1
MA_Crossover,406,168.5005,2,0.5234,38.8691,1
MA_Crossover,407,167.6186,2,0.0583,38.9274,1
MA_Crossover,408,167.5209,2,-0.0701,38.8573,1
MA_Crossover,409,167.6383,2,-0.2546,38.6027,1
MA_Crossover,410,168.0651,2,-0.3351,38.2676,1
MA_Crossover,411,168.6283,2,0.5539,38.8214,1
MA_Crossover,412,167.6944,2,0.7244,39.5459,1
MA_Crossover,413,166.4796,2,-0.6579,38.8879,1
MA_Crossover,414,167.5749,2,-0.1696,38.7183,1
MA_Crossover,415,167.8592,2,0.3542,39.0725,1
MA_Crossover,416,167.2646,2,-0.7622,38.3103,1
MA_Crossover,417,168.5395,2,-0.0372,38.2731,1
MA_Crossover,418,168.6022,2,-0.5400,37.7330,1
MA_Crossover,419,169.5127,2,0.0144,37.7474,1
MA_Crossover,420,169.4883,2,-0.9271,36.8203,1
MA_Crossover,421,171.0597,2,-0.7298,36.0905,1
MA_Crossover,422,172.3081,0,-0.2422,35.8482,1
MA_Crossover,423,171.8907,0,0.3374,36.1856,1
MA_Crossover,424,172.4706,0,0.1681,36.3537,1
MA_Crossover,425,172.7606,0,0.4944,36.8481,1
MA_Crossover,426,173.6146,0,-0.6080,36.2401,1
MA_Crossover,427,172.5592,0,0.1843,36.4244,1
MA_Crossover,428,172.8772,0,0.3471,36.7715,1
MA_Crossover,429,173.4773,0,-0.9705,35.8010,1
MA_Crossover,430,171.7936,0,-0.6631,35.1379,1
MA_Crossover,431,170.6545,0,-1.0354,34.1026,1
MA_Crossover,432,168.8876,0,-0.1556,33.9470,1
MA_Crossover,433,168.6248,0,0.3202,34.2672,1
MA_Crossover,434,169.1648,0,0.6744,34.9416,1
MA_Crossover,435,170.3056,0,-0.0345,34.9071,1
MA_Crossover,436,170.2468,0,0.6977,35.6047,1
MA_Crossover,437,171.4345,0,-0.7458,34.8589,1
MA_Crossover,438,170.1559,0,-0.8659,33.9930,1
MA_Crossover,439,168.6826,2,0.0482,34.0413,1
MA_Crossover,440,168.6012,2,-0.1627,33.8785,1
MA_Crossover,441,168.8756,2,0.0431,33.9216,1
MA_Crossover,442,168.8028,2,1.0053,34.9269,1
MA_Crossover,443,167.1059,2,0.0176,34.9445,1
MA_Crossover,444,167.0765,2,0.5987,35.5431,1
MA_Crossover,445,166.0763,2,-0.3788,35.1643,1
MA_Crossover,446,166.7054,2,-0.2131,34.9513,1
MA_Crossover,447,167.0606,2,0.4237,35.3749,1
MA_Crossover,448,166.3528,2,0.1993,35.5742,1
MA_Crossover,449,166.0213,2,0.4525,36.0267,1
MA_Crossover,450,165.2700,2,-0.0505,35.9762,1
MA_Crossover,451,165.3536,2,-0.5404,35.4357,1
MA_Crossover,452,166.2472,2,0.4233,35.8591,1
MA_Crossover,453,165.5434,2,-0.3161,35.5430,1
MA_Crossover,454,166.0667,2,0.1989,35.7419,1
MA_Crossover,455,165.7363,2,0.3161,36.0580,1
MA_Crossover,456,165.2124,2,-0.0308,36.0272,1
MA_Crossover,457,165.2633,2,0.4200,36.4473,1
MA_Crossover,458,164.5691,2,0.1666,36.6139,1
MA_Crossover,459,164.2949,2,0.4722,37.0861,1
MA_Crossover,460,163.5191,2,-1.0965,35.9896,1
MA_Crossover,461,165.3121,2,-0.0967,35.8929,1
MA_Crossover,462,165.4719,2,0.2636,36.1565,1
MA_Crossover,463,165.0357,2,-0.1918,35.9647,1
MA_Crossover,464,165.3522,2,-0.0240,35.9407,1
MA_Crossover,465,165.3919,2,0.0297,35.9704,1
MA_Crossover,466,165.3428,2,-0.3758,35.5946,1
MA_Crossover,467,165.9641,2,-0.4248,35.1699,1
MA_Crossover,468,166.6691,2,0.2164,35.3863,1
MA_Crossover,469,166.3084,2,0.2278,35.6141,1
MA_Crossover,470,165.9295,2,0.0719,35.6860,1
MA_Crossover,471,165.8102,2,1.0463,36.7323,1
MA_Crossover,472,164.0753,2,0.6209,37.3532,1
MA_Crossover,473,163.0566,2,-0.8205,36.5327,1
MA_Crossover,474,164.3944,2,-0.9084,35.6243,1
MA_Crossover,475,165.8879,2,0.0581,35.6824,1
MA_Crossover,476,165.7914,2,-0.3431,35.3393,1
MA_Crossover,477,166.3603,0,0.1973,35.5366,1
MA_Crossover,478,166.6885,0,1.5153,37.0519,1
MA_Crossover,479,169.2143,0,0.4918,37.5436,1
MA_Crossover,480,170.0464,0,-0.1220,37.4216,1
MA_Crossover,481,169.8390,0,-0.5059,36.9157,1
MA_Crossover,482,168.9798,0,-0.7912,36.1245,1
MA_Crossover,483,167.6428,0,0.1061,36.2306,1
MA_Crossover,484,167.8206,0,-0.3569,35.8737,1
MA_Crossover,485,167.2217,0,-0.6588,35.2149,1
MA_Crossover,486,166.1200,0,-0.2565,34.9584,1
MA_Crossover,487,165.6939,0,-0.4543,34.5041,1
MA_Crossover,488,164.9411,0,0.9093,35.4134,1
MA_Crossover,489,166.4410,0,0.4689,35.8823,1
MA_Crossover,490,167.2214,0,0.0178,35.9001,1
MA_Crossover,491,167.2512,0,0.7286,36.6287,1
MA_Crossover,492,168.4697,0,0.0211,36.6498,1
MA_Crossover,493,168.5053,0,-0.4256,36.2242,1
MA_Crossover,494,167.7882,0,0.7308,36.9551,1
MA_Crossover,495,169.0145,0,0.2234,37.1785,1
MA_Crossover,496,169.3921,0,-0.5326,36.6459,1
MA_Crossover,497,168.4898,0,-0.1066,36.5393,1
MA_Crossover,498,168.3103,0,-0.4271,36.1122,1
MA_Crossover,499,167.5914,0,-0.6496,35.4626,1
MA_Crossover,500,166.5028,0,0.4883,35.9509,1
MA_Crossover,501,167.3158,0,0.9317,36.8826,1
MA_Crossover,502,168.8747,0,-0.6901,36.1925,1
MA_Crossover,503,167.7093,0,0.2755,36.4680,1
MA_Crossover,504,168.1714,0,-0.3163,36.1518,1
MA_Crossover,505,167.6395,0,-0.2234,35.9284,1
MA_Crossover,506,167.2650,0,-0.2630,35.6653,1
MA_Crossover,507,166.8250,2,0.3808,36.0461,1
MA_Crossover,508,166.1897,2,-0.0761,35.9700,1
MA_Crossover,509,166.3163,2,0.3508,36.3208,1
MA_Crossover,510,165.7329,2,-0.1972,36.1235,1
MA_Crossover,511,166.0598,2,-0.0325,36.0910,1
MA_Crossover,512,166.1138,2,0.0600,36.1510,1
MA_Crossover,513,166.0141,2,0.3792,36.5302,1
MA_Crossover,514,165.3845,2,0.2016,36.7319,1
MA_Crossover,515,165.0511,2,-0.4538,36.2781,1
MA_Crossover,516,165.8000,2,-0.3063,35.9717,1
MA_Crossover,517,166.3079,2,0.4211,36.3928,1
MA_Crossover,518,165.6077,2,-0.1185,36.2743,1
MA_Crossover,519,165.8039,2,-0.4271,35.8472,1
MA_Crossover,520,166.5120,2,0.7591,36.6063,1
MA_Crossover,521,165.2481,2,-0.3446,36.2617,1
MA_Crossover,522,165.8175,2,0.2556,36.5173,1
MA_Crossover,523,165.3937,2,-0.3531,36.1642,1
MA_Crossover,524,165.9777,2,0.3087,36.4729,1
MA_Crossover,525,165.4654,2,0.7977,37.2706,1
MA_Crossover,526,164.1454,2,0.6775,37.9481,1
MA_Crossover,527,163.0333,2,-0.1742,37.7739,1
MA_Crossover,528,163.3173,2,-0.2689,37.5051,1
MA_Crossover,529,163.7564,2,0.3139,37.8190,1
MA_Crossover,530,163.2423,2,-0.4570,37.3621,1
MA_Crossover,531,163.9882,2,0.6900,38.0520,1
MA_Crossover,532,162.8568,2,-0.1237,37.9283,1
MA_Crossover,533,163.0582,2,0.4443,38.3726,1
MA_Crossover,534,162.3337,2,0.1484,38.5211,1
MA_Crossover,535,162.0927,2,-0.2039,38.3172,1
MA_Crossover,536,162.4232,2,0.2538,38.5711,1
MA_Crossover,537,162.0109,2,0.0068,38.5779,1
MA_Crossover,538,161.9999,2,-0.6804,37.8975,1
MA_Crossover,539,163.1021,2,0.1345,38.0320,1
MA_Crossover,540,162.8827,2,-0.5658,37.4662,1
MA_Crossover,541,163.8043,2,0.4254,37.8916,1
MA_Crossover,542,163.1075,2,-0.4081,37.4835,1
MA_Crossover,543,163.7731,2,-0.8315,36.6520,1
MA_Crossover,544,165.1349,2,1.1124,37.7643,1
MA_Crossover,545,163.2980,2,0.2482,38.0125,1
MA_Crossover,546,162.8928,2,-0.4384,37.5740,1
MA_Crossover,547,163.6070,2,-0.0332,37.5408,1
MA_Crossover,548,163.6614,2,-0.3122,37.2286,1
MA_Crossover,549,164.1724,2,0.1795,37.4080,1
MA_Crossover,550,163.8778,0,0.1663,37.5743,1
MA_Crossover,551,164.1503,0,0.0397,37.6140,1
MA_Crossover,552,164.2155,0,0.6824,38.2964,1
MA_Crossover,553,165.3361,0,0.2020,38.4984,1
MA_Crossover,554,165.6700,0,0.2316,38.7300,1
MA_Crossover,555,166.0538,0,-0.1415,38.5885,1
MA_Crossover,556,165.8188,0,-0.1712,38.4173,1
MA_Crossover,557,165.5349,0,-0.1363,38.2810,1
MA_Crossover,558,165.3093,0,0.2706,38.5516,1
MA_Crossover,559,165.7566,0,-0.1372,38.4144,1
MA_Crossover,560,165.5291,0,0.2130,38.6274,1
MA_Crossover,561,165.8817,0,1.0631,39.6904,1
MA_Crossover,562,167.6451,0,0.4246,40.1150,1
MA_Crossover,563,168.3569,0,-0.1672,39.9478,1
MA_Crossover,564,168.0754,0,0.5678,40.5157,1
MA_Crossover,565,169.0298,0,-0.2253,40.2904,1
MA_Crossover,566,168.6490,0,-0.9877,39.3027,1
MA_Crossover,567,166.9833,0,-0.4542,38.8485,1
MA_Crossover,568,166.2248,0,-0.8487,37.9998,1
MA_Crossover,569,164.8141,0,-0.0757,37.9241,1
MA_Crossover,570,164.6894,0,0.1077,38.0319,1
MA_Crossover,571,164.8668,0,0.9068,38.9387,1
MA_Crossover,572,166.3618,0,0.2048,39.1434,1
MA_Crossover,573,166.7025,0,-0.0679,39.0755,1
MA_Crossover,574,166.5892,0,0.4389,39.5144,1
MA_Crossover,575,167.3205,0,-1.0386,38.4759,1
MA_Crossover,576,165.5827,0,0.1851,38.6610,1
MA_Crossover,577,165.8893,2,-0.4337,38.2273,1
MA_Crossover,578,166.6087,2,0.6699,38.8972,1
MA_Crossover,579,165.4925,2,-0.6270,38.2703,1
MA_Crossover,580,166.5301,0,0.2051,38.4753,1
MA_Crossover,581,166.8716,0,-0.1670,38.3084,1
MA_Crossover,582,166.5929,0,0.3444,38.6528,1
MA_Crossover,583,167.1667,0,1.1099,39.7627,1
MA_Crossover,584,169.0221,0,0.0542,39.8168,1
MA_Crossover,585,169.1137,0,0.0828,39.8997,1
MA_Crossover,586,169.2537,0,-0.2558,39.6438,1
MA_Crossover,587,168.8208,0,-0.4287,39.2151,1
MA_Crossover,588,168.0970,0,0.3906,39.6058,1
MA_Crossover,589,168.7536,0,-0.4298,39.1759,1
MA_Crossover,590,168.0283,0,0.0316,39.2075,1
MA_Crossover,591,168.0813,0,-0.2314,38.9760,1
MA_Crossover,592,167.6923,0,0.2360,39.2120,1
MA_Crossover,593,168.0880,0,0.1545,39.3665,1
MA_Crossover,594,168.3477,0,0.4810,39.8476,1
MA_Crossover,595,169.1575,0,-0.2771,39.5705,1
MA_Crossover,596,168.6888,0,-0.1501,39.4204,1
MA_Crossover,597,168.4357,0,-0.4795,38.9409,1
MA_Crossover,598,167.6281,0,-0.2026,38.7383,1
MA_Crossover,599,167.2884,0,0.2000,38.9383,1
MA_Crossover,600,167.6230,0,0.3708,39.3092,1
MA_Crossover,601,168.2446,0,-0.4474,38.8617,1
MA_Crossover,602,167.4918,0,0.4288,39.2906,1
MA_Crossover,603,168.2101,0,0.6368,39.9274,1
MA_Crossover,604,169.2813,0,0.1559,40.0833,1
MA_Crossover,605,169.5452,0,0.8383,40.9216,1
MA_Crossover,606,170.9665,0,-0.4505,40.4711,1
MA_Crossover,607,170.1963,0,-0.6512,39.8199,1
MA_Crossover,608,169.0880,0,-0.8754,38.9445,1
MA_Crossover,609,167.6078,0,0.7241,39.6686,1
MA_Crossover,610,168.8214,0,0.2841,39.9527,1
MA_Crossover,611,169.3010,0,-0.0664,39.8863,1
MA_Crossover,612,169.1887,0,0.0956,39.9819,1
MA_Crossover,613,169.3504,0,-0.5732,39.4087,1
MA_Crossover,614,168.3797,0,1.1491,40.5578,1
MA_Crossover,615,170.3145,0,-0.0089,40.5489,1
MA_Crossover,616,170.2993,0,-0.0178,40.5311,1
MA_Crossover,617,170.2690,0,0.2727,40.8038,1
MA_Crossover,618,170.7334,0,0.1437,40.9475,1
MA_Crossover,619,170.9787,0,0.0160,40.9635,1
MA_Crossover,620,171.0060,0,-0.4593,40.5041,1
MA_Crossover,621,170.2205,0,0.1547,40.6588,1
MA_Crossover,622,170.4839,0,0.8086,41.4675,1
MA_Crossover,623,171.8625,0,0.5123,41.9797,1
MA_Crossover,624,172.7429,0,0.5989,42.5787,1
MA_Crossover,625,173.7775,0,-0.4032,42.1755,1
MA_Crossover,626,173.0768,0,-0.6057,41.5698,1
MA_Crossover,627,172.0285,0,-0.1772,41.3925,1
MA_Crossover,628,171.7236,0,-0.0841,41.3084,1
MA_Crossover,629,171.5792,0,0.4042,41.7127,1
MA_Crossover,630,172.2727,0,-0.9116,40.8011,1
MA_Crossover,631,170.7023,0,0.6360,41.4371,1
MA_Crossover,632,171.7880,0,-0.1855,41.2516,1
MA_Crossover,633,171.4694,0,-0.3020,40.9496,1
MA_Crossover,634,170.9516,0,-0.5616,40.3880,1
MA_Crossover,635,169.9915,0,-0.8390,39.5490,1
MA_Crossover,636,168.5652,0,0.3722,39.9212,1
MA_Crossover,637,169.1927,0,-0.0022,39.9190,1
MA_Crossover,638,169.1889,2,0.6468,40.5657,1
MA_Crossover,639,168.0947,2,0.6208,41.1866,1
MA_Crossover,640,167.0510,2,0.1341,41.3207,1
MA_Crossover,641,166.8270,2,-0.8338,40.4869,1
MA_Crossover,642,168.2181,2,0.1316,40.6185,1
MA_Crossover,643,167.9967,2,0.7174,41.3358,1
MA_Crossover,644,166.7915,2,0.0833,41.4192,1
MA_Crossover,645,166.6525,2,0.0922,41.5114,1
MA_Crossover,646,166.4989,2,1.2524,42.7638,1
MA_Crossover,647,164.4136,2,-0.0809,42.6828,1
MA_Crossover,648,164.5467,2,0.0091,42.6919,1
MA_Crossover,649,164.5318,2,-0.4422,42.2497,1
MA_Crossover,650,165.2593,2,-0.9763,41.2734,1
MA_Crossover,651,166.8727,2,-0.5722,40.7013,1
MA_Crossover,652,167.8275,2,0.1247,40.8260,1
MA_Crossover,653,167.6182,2,0.5184,41.3444,1
MA_Crossover,654,166.7493,2,-1.2704,40.0740,1
MA_Crossover,655,168.8677,2,-0.0007,40.0733,1
MA_Crossover,656,168.8688,2,0.0208,40.0941,1
MA_Crossover,657,168.8337,2,0.0378,40.1319,1
MA_Crossover,658,168.7699,2,-0.0694,40.0625,1
MA_Crossover,659,168.8871,2,0.0963,40.1588,1
MA_Crossover,660,168.7244,0,-0.2951,39.8636,1
MA_Crossover,661,168.2264,0,-0.2685,39.5952,1
MA_Crossover,662,167.7748,0,-0.0106,39.5846,1
MA_Crossover,663,167.7570,0,-0.2536,39.3310,1
MA_Crossover,664,167.3316,0,-0.3225,39.0085,1
MA_Crossover,665,166.7920,0,0.0856,39.0940,1
MA_Crossover,666,166.9347,0,-0.0920,39.0021,1
MA_Crossover,667,166.7811,0,0.7563,39.7583,1
MA_Crossover,668,168.0425,0,-1.2650,38.4934,1
MA_Crossover,669,165.9167,0,0.5874,39.0807,1
MA_Crossover,670,166.8913,0,0.6288,39.7096,1
MA_Crossover,671,167.9408,2,0.9876,40.6972,1
MA_Crossover,672,166.2822,2,0.1149,40.8121,1
MA_Crossover,673,166.0911,2,0.1231,40.9352,1
MA_Crossover,674,165.8866,2,0.6168,41.5520,1
MA_Crossover,675,164.8634,2,0.2840,41.8360,1
MA_Crossover,676,164.3952,2,0.4325,42.2685,1
MA_Crossover,677,163.6842,2,-0.9865,41.2820,1
MA_Crossover,678,165.2989,2,-0.5328,40.7492,1
MA_Crossover,679,166.1797,2,-0.6652,40.0840,1
MA_Crossover,680,167.2852,2,-0.3648,39.7192,1
MA_Crossover,681,167.8954,2,0.5365,40.2557,1
MA_Crossover,682,166.9946,2,0.2229,40.4786,1
MA_Crossover,683,166.6224,2,-0.2746,40.2040,1
MA_Crossover,684,167.0800,2,0.5593,40.7633,1
MA_Crossover,685,166.1455,2,-0.3974,40.3659,1
MA_Crossover,686,166.8058,2,0.0812,40.4470,1
MA_Crossover,687,166.6704,2,0.1417,40.5887,1
MA_Crossover,688,166.4342,0,0.3871,40.9758,1
MA_Crossover,689,167.0784,0,0.2386,41.2144,1
MA_Crossover,690,167.4771,0,-0.1585,41.0559,1
MA_Crossover,691,167.2117,0,0.5766,41.6325,1
MA_Crossover,692,168.1757,0,-0.5212,41.1113,1
MA_Crossover,693,167.2993,0,0.3138,41.4251,1
MA_Crossover,694,167.8242,0,0.2863,41.7114,1
MA_Crossover,695,168.3047,0,-0.1579,41.5535,1
MA_Crossover,696,168.0390,0,0.1524,41.7060,1
MA_Crossover,697,168.2951,0,-0.6052,41.1008,1
MA_Crossover,698,167.2767,0,0.4619,41.5626,1
MA_Crossover,699,168.0492,0,-0.0912,41.4715,1
MA_Crossover,700,167.8960,0,-1.1328,40.3387,1
MA_Crossover,701,165.9941,0,1.6948,42.0335,2
MA_Crossover,702,168.8074,0,-1.4494,40.5841,2
MA_Crossover,703,166.3607,0,-2.7405,37.8436,2
MA_Crossover,704,161.8015,0,-3.0924,34.7511,2
MA_Crossover,705,156.7979,2,-0.9466,33.8045,2
MA_Crossover,706,158.2822,2,2.6377,36.4422,2
MA_Crossover,707,154.1072,2,-3.1995,33.2427,2
MA_Crossover,708,159.0378,2,4.1371,37.3798,2
MA_Crossover,709,152.4583,2,-3.1193,34.2605,2
MA_Crossover,710,157.2140,2,-0.1904,34.0701,2
MA_Crossover,711,157.5133,2,0.3961,34.4662,2
MA_Crossover,712,156.8894,2,1.2547,35.7209,2
MA_Crossover,713,154.9209,2,-0.5575,35.1634,2
MA_Crossover,714,155.7846,2,0.2867,35.4501,2
MA_Crossover,715,155.3380,2,-1.9159,33.5341,2
MA_Crossover,716,158.3141,2,-0.0057,33.5285,2
MA_Crossover,717,158.3231,2,-0.0740,33.4545,2
MA_Crossover,718,158.4403,2,0.8991,34.3536,2
MA_Crossover,719,157.0157,2,0.3213,34.6749,2
MA_Crossover,720,156.5111,2,-0.3768,34.2982,2
MA_Crossover,721,157.1008,2,3.4782,37.7764,2
MA_Crossover,722,151.6365,2,2.8874,40.6637,2
MA_Crossover,723,147.2583,2,-1.2876,39.3761,2
MA_Crossover,724,149.1543,2,-0.1199,39.2562,2
MA_Crossover,725,149.3332,2,0.5931,39.8493,2
MA_Crossover,726,148.4475,2,0.1876,40.0369,2
MA_Crossover,727,148.1691,2,-0.4785,39.5584,2
MA_Crossover,728,148.8781,2,1.3118,40.8702,2
MA_Crossover,729,146.9251,2,1.8163,42.6865,2
MA_Crossover,730,144.2564,2,-0.1759,42.5106,2
MA_Crossover,731,144.5102,2,2.2620,44.7726,2
MA_Crossover,732,141.2414,2,-0.6309,44.1417,2
MA_Crossover,733,142.1324,2,3.8285,47.9702,2
MA_Crossover,734,136.6909,2,-2.0146,45.9556,2
MA_Crossover,735,139.4447,2,-0.7774,45.1782,2
MA_Crossover,736,140.5287,2,-0.3091,44.8691,2
MA_Crossover,737,140.9631,2,-1.8546,43.0145,2
MA_Crossover,738,143.5774,2,-3.2475,39.7670,2
MA_Crossover,739,148.2401,2,-1.8277,37.9393,2
MA_Crossover,740,150.9495,2,3.8797,41.8190,2
MA_Crossover,741,145.0931,2,2.8757,44.6947,2
MA_Crossover,742,140.9207,2,1.5670,46.2617,2
MA_Crossover,743,138.7125,2,0.1842,46.4458,2
MA_Crossover,744,138.4570,2,-0.8806,45.5652,2
MA_Crossover,745,139.6763,2,1.7977,47.3629,2
MA_Crossover,746,137.1653,2,-0.1652,47.1978,2
MA_Crossover,747,137.3919,2,1.8923,49.0901,2
MA_Crossover,748,134.7920,2,1.6086,50.6987,2
MA_Crossover,749,132.6237,2,3.4336,54.1322,2
MA_Crossover,750,128.0700,2,2.4232,56.5555,2
MA_Crossover,751,124.9665,2,3.5120,60.0674,2
MA_Crossover,752,120.5778,2,2.7048,62.7722,2
MA_Crossover,753,117.3164,2,-2.4099,60.3623,2
MA_Crossover,754,120.1436,2,2.6484,63.0108,2
MA_Crossover,755,116.9617,2,-6.4666,56.5442,2
MA_Crossover,756,124.5251,2,-0.9205,55.6237,2
MA_Crossover,757,125.6713,2,-0.1757,55.4480,2
MA_Crossover,758,125.8921,2,2.3106,57.7586,2
MA_Crossover,759,122.9833,2,-1.4369,56.3217,2
MA_Crossover,760,124.7505,2,1.6518,57.9735,2
MA_Crossover,761,122.6898,2,-0.0263,57.9471,2
MA_Crossover,762,122.7221,2,-5.9863,51.9608,2
MA_Crossover,763,130.0686,2,0.4781,52.4390,2
MA_Crossover,764,129.4467,2,-2.4057,50.0333,2
MA_Crossover,765,132.5608,2,1.8431,51.8764,2
MA_Crossover,766,130.1175,2,0.3372,52.2136,2
MA_Crossover,767,129.6789,2,-3.8392,48.3743,2
MA_Crossover,768,134.6575,2,1.6446,50.0190,2
MA_Crossover,769,132.4429,2,-3.8534,46.1655,2
MA_Crossover,770,137.5465,0,1.3010,47.4666,2
MA_Crossover,771,139.3360,0,-1.4505,46.0160,2
MA_Crossover,772,137.3149,0,1.1386,47.1546,2
MA_Crossover,773,138.8784,0,1.8606,49.0152,2
MA_Crossover,774,141.4623,0,1.0828,50.0980,2
MA_Crossover,775,142.9940,0,-3.5277,46.5703,2
MA_Crossover,776,137.9496,0,-1.8232,44.7470,2
MA_Crossover,777,135.4345,0,-0.7947,43.9523,2
MA_Crossover,778,134.3582,0,-0.4146,43.5378,2
MA_Crossover,779,133.8011,0,1.1422,44.6800,2
MA_Crossover,780,135.3294,0,0.1473,44.8273,2
MA_Crossover,781,135.5288,0,-3.2021,41.6252,2
MA_Crossover,782,131.1890,0,0.6150,42.2402,2
MA_Crossover,783,131.9959,0,1.1349,43.3751,2
MA_Crossover,784,133.4939,0,1.0080,44.3831,2
MA_Crossover,785,134.8395,0,2.1571,46.5402,2
MA_Crossover,786,137.7482,0,1.5739,48.1141,2
MA_Crossover,787,139.9162,0,0.7460,48.8602,2
MA_Crossover,788,140.9600,0,-0.3861,48.4741,2
MA_Crossover,789,140.4158,0,-3.7863,44.6877,2
MA_Crossover,790,135.0992,0,0.7070,45.3947,2
MA_Crossover,791,136.0543,0,0.2127,45.6074,2
MA_Crossover,792,136.3436,0,0.3528,45.9602,2
MA_Crossover,793,136.8246,0,-3.0433,42.9169,2
MA_Crossover,794,132.6606,0,-2.6963,40.2206,2
MA_Crossover,795,129.0837,0,2.1891,42.4096,2
MA_Crossover,796,131.9095,0,-0.3430,42.0667,2
MA_Crossover,797,131.4571,2,-1.3014,40.7653,2
MA_Crossover,798,133.1678,2,0.1868,40.9521,2
MA_Crossover,799,132.9190,2,0.1839,41.1360,2
MA_Crossover,800,132.6746,2,-1.8701,39.2660,2
MA_Crossover,801,135.1557,2,1.3924,40.6583,2
MA_Crossover,802,133.2738,2,0.0340,40.6924,2
MA_Crossover,803,133.2285,2,1.2914,41.9838,2
MA_Crossover,804,131.5079,2,1.2450,43.2288,2
MA_Crossover,805,129.8707,2,0.9712,44.1999,2
MA_Crossover,806,128.6094,2,-0.2587,43.9413,2
MA_Crossover,807,128.9421,2,1.3727,45.3139,2
MA_Crossover,808,127.1721,2,-2.6999,42.6140,2
MA_Crossover,809,130.6057,2,2.3104,44.9245,2
MA_Crossover,810,127.5881,2,0.7010,45.6254,2
MA_Crossover,811,126.6938,2,1.3047,46.9301,2
MA_Crossover,812,125.0408,2,-3.2047,43.7254,2
MA_Crossover,813,129.0480,2,-0.1983,43.5271,2
MA_Crossover,814,129.3040,2,-2.1359,41.3912,2
MA_Crossover,815,132.0658,2,3.6273,45.0185,2
MA_Crossover,816,127.2754,2,-0.3672,44.6512,2
MA_Crossover,817,127.7428,2,-1.8280,42.8232,2
MA_Crossover,818,130.0779,2,0.0668,42.8900,2
MA_Crossover,819,129.9910,2,-2.2022,40.6877,2
MA_Crossover,820,132.8538,2,1.4193,42.1070,2
MA_Crossover,821,130.9682,2,-2.9735,39.1336,2
MA_Crossover,822,134.8625,2,-4.8664,34.2672,2
MA_Crossover,823,141.4254,0,-1.0057,33.2615,2
MA_Crossover,824,140.0032,0,-1.1930,32.0685,2
MA_Crossover,825,138.3329,0,2.9107,34.9792,2
MA_Crossover,826,142.3594,0,3.0943,38.0734,2
MA_Crossover,827,146.7643,0,-1.2962,36.7773,2
MA_Crossover,828,144.8620,0,-1.1006,35.6767,2
MA_Crossover,829,143.2677,0,-0.8230,34.8537,2
MA_Crossover,830,142.0887,0,-3.0735,31.7802,2
MA_Crossover,831,137.7216,0,-2.2434,29.5368,2
MA_Crossover,832,134.6319,0,-2.4854,27.0514,2
MA_Crossover,833,131.2857,0,-2.0087,25.0427,2
MA_Crossover,834,128.6486,0,-0.3403,24.7024,2
MA_Crossover,835,128.2108,0,0.2877,24.9901,2
MA_Crossover,836,128.5797,0,3.3580,28.3482,2
MA_Crossover,837,132.8975,0,-2.5048,25.8434,2
MA_Crossover,838,129.5687,0,2.0215,27.8649,2
MA_Crossover,839,132.1879,2,0.7381,28.6030,2
MA_Crossover,840,131.2122,2,0.3674,28.9705,2
MA_Crossover,841,130.7301,2,-1.2933,27.6772,2
MA_Crossover,842,132.4208,2,2.7956,30.4727,2
MA_Crossover,843,128.7189,2,-0.6320,29.8407,2
MA_Crossover,844,129.5324,2,-0.1279,29.7129,2
MA_Crossover,845,129.6981,2,-0.8818,28.8311,2
MA_Crossover,846,130.8417,2,-0.4080,28.4232,2
MA_Crossover,847,131.3754,2,-5.3527,23.0704,2
MA_Crossover,848,138.4076,2,1.6234,24.6939,2
MA_Crossover,849,136.1607,2,1.4150,26.1089,2
MA_Crossover,850,134.2339,2,1.6413,27.7502,2
MA_Crossover,851,132.0308,2,1.5149,29.2651,2
MA_Crossover,852,130.0306,2,1.7272,30.9923,2
MA_Crossover,853,127.7847,2,-2.5303,28.4620,2
MA_Crossover,854,131.0180,2,-2.9979,25.4641,2
MA_Crossover,855,134.9458,2,1.5161,26.9803,2
MA_Crossover,856,132.8999,2,2.1300,29.1103,2
MA_Crossover,857,130.0691,2,-0.8307,28.2796,2
MA_Crossover,858,131.1496,2,1.5177,29.7972,2
MA_Crossover,859,129.1592,2,-1.2117,28.5855,2
MA_Crossover,860,130.7242,2,-0.2104,28.3751,2
MA_Crossover,861,130.9993,2,3.7259,32.1010,2
MA_Crossover,862,126.1183,2,-3.4165,28.6846,2
MA_Crossover,863,130.4271,2,-3.8749,24.8097,2
MA_Crossover,864,135.4810,2,1.6032,26.4130,2
MA_Crossover,865,133.3089,2,1.1228,27.5358,2
MA_Crossover,866,131.8120,2,-0.3974,27.1384,2
MA_Crossover,867,132.3359,2,-0.5060,26.6323,2
MA_Crossover,868,133.0055,2,-1.2345,25.3979,2
MA_Crossover,869,134.6474,0,4.2310,29.6288,2
MA_Crossover,870,140.3443,0,-0.6160,29.0128,2
MA_Crossover,871,139.4798,0,-1.9563,27.0565,2
MA_Crossover,872,136.7511,0,-3.2699,23.7866,2
MA_Crossover,873,132.2794,0,-1.9100,21.8766,2
MA_Crossover,874,129.7529,0,-0.3338,21.5428,2
MA_Crossover,875,129.3198,0,3.9050,25.4478,2
MA_Crossover,876,134.3697,0,-1.4040,24.0438,2
MA_Crossover,877,132.4832,0,0.2548,24.2986,2
MA_Crossover,878,132.8208,0,-0.2884,24.0103,2
MA_Crossover,879,132.4378,0,2.4400,26.4502,2
MA_Crossover,880,135.6693,0,5.3417,31.7919,2
MA_Crossover,881,142.9163,0,-1.3479,30.4441,2
MA_Crossover,882,140.9900,0,-1.2781,29.1659,2
MA_Crossover,883,139.1879,0,2.0108,31.1767,2
MA_Crossover,884,141.9867,0,1.2057,32.3824,2
MA_Crossover,885,143.6986,0,3.6231,36.0055,2
MA_Crossover,886,148.9050,0,0.9523,36.9579,2
MA_Crossover,887,150.3231,0,-0.9391,36.0188,2
MA_Crossover,888,148.9115,0,0.9658,36.9846,2
MA_Crossover,889,150.3497,0,1.9903,38.9749,2
MA_Crossover,890,153.3421,0,1.3876,40.3625,2
MA_Crossover,891,155.4698,0,0.7642,41.1267,2
MA_Crossover,892,156.6579,0,1.8297,42.9563,2
MA_Crossover,893,159.5242,0,1.9898,44.9461,2
MA_Crossover,894,162.6983,0,2.3434,47.2895,2
MA_Crossover,895,166.5111,0,0.9683,48.2579,2
MA_Crossover,896,168.1235,0,-0.4967,47.7612,2
MA_Crossover,897,167.2884,0,0.0636,47.8248,2
MA_Crossover,898,167.3948,0,1.9629,49.7877,2
MA_Crossover,899,170.6806,0,-1.6314,48.1562,2
Momentum,0,100.0000,1,0.0000,0.0000,0
Momentum,1,100.7999,1,0.0000,0.0000,0
Momentum,2,100.9631,1,0.0000,0.0000,0
Momentum,3,101.9244,1,0.0000,0.0000,0
Momentum,4,103.7996,1,0.0000,0.0000,0
Momentum,5,103.8679,1,0.0000,0.0000,0
Momentum,6,103.9364,1,0.0000,0.0000,0
Momentum,7,105.9080,1,0.0000,0.0000,0
Momentum,8,107.0446,1,-0.0000,0.0000,0
Momentum,9,106.8633,1,0.0000,0.0000,0
Momentum,10,107.7675,1,-0.0000,0.0000,0
Momentum,11,107.5916,1,-0.0000,0.0000,0
Momentum,12,107.4134,1,0.0000,0.0000,0
Momentum,13,107.9971,1,-0.0000,0.0000,0
Momentum,14,106.2688,1,-0.0000,0.0000,0
Momentum,15,104.7653,1,-0.0000,0.0000,0
Momentum,16,104.4909,1,-0.0000,0.0000,0
Momentum,17,103.7487,1,0.0000,0.0000,0
Momentum,18,104.3879,1,-0.0000,0.0000,0
Momentum,19,103.7551,1,-0.0000,0.0000,0
Momentum,20,102.6074,1,0.0000,0.0000,0
Momentum,21,104.4352,1,0.0000,0.0000,0
Momentum,22,104.5128,1,0.0000,0.0000,0
Momentum,23,104.8976,1,-0.0000,0.0000,0
Momentum,24,103.7244,1,-0.0000,0.0000,0
Momentum,25,103.4712,1,0.0000,0.0000,0
Momentum,26,103.8972,1,-0.0000,0.0000,0
Momentum,27,103.0168,1,0.0000,0.0000,0
Momentum,28,103.7153,1,-0.0000,0.0000,0
Momentum,29,103.4039,1,0.0000,0.0000,0
Momentum,30,103.4125,0,-0.3013,-0.3013,0
Momentum,31,103.1010,0,2.1756,1.8744,0
Momentum,32,105.3441,0,0.2869,2.1613,0
Momentum,33,105.6463,0,-0.7548,1.4064,0
Momentum,34,104.8488,0,1.1289,2.5353,0
Momentum,35,106.0325,0,-0.9166,1.6187,0
Momentum,36,105.0605,2,-0.5102,1.1085,0
Momentum,37,105.5965,2,1.6460,2.7545,0
Momentum,38,103.8584,2,1.0229,3.7774,0
Momentum,39,102.7960,2,-0.4981,3.2793,0
Momentum,40,103.3081,2,-1.0439,2.2354,0
Momentum,41,104.3865,2,-0.4725,1.7629,0
Momentum,42,104.8797,2,-0.1845,1.5784,0
Momentum,43,105.0732,2,0.0011,1.5795,0
Momentum,44,105.0720,0,-1.1716,0.4079,0
Momentum,45,103.8410,2,0.4190,0.8269,0
Momentum,46,103.4060,2,0.1605,0.9874,0
Momentum,47,103.2400,2,-1.3664,-0.3790,0
Momentum,48,104.6506,0,0.6457,0.2667,0
Momentum,49,105.3264,0,-1.4524,-1.1857,0
Momentum,50,103.7966,2,-0.6260,-1.8117,0
Momentum,51,104.4464,1,-0.0000,-1.8117,0
Momentum,52,104.3576,2,0.3762,-1.4355,0
Momentum,53,103.9650,0,0.9158,-0.5196,0
Momentum,54,104.9171,0,1.3399,0.8202,0
Momentum,55,106.3229,0,1.2389,2.0591,0
Momentum,56,107.6401,0,-0.5378,1.5214,0
Momentum,57,107.0613,0,-0.0092,1.5122,0
Momentum,58,107.0514,0,0.6333,2.1454,0
Momentum,59,107.7293,0,1.2837,3.4291,0
Momentum,60,109.1123,0,-0.1790,3.2501,0
Momentum,61,108.9169,0,0.1144,3.3645,0
Momentum,62,109.0416,0,-0.8031,2.5614,0
Momentum,63,108.1658,0,-0.8922,1.6692,0
Momentum,64,107.2008,0,1.1187,2.7880,0
Momentum,65,108.4001,0,1.6700,4.4580,0
Momentum,66,110.2104,0,0.2282,4.6863,0
Momentum,67,110.4620,0,1.3121,5.9983,0
Momentum,68,111.9113,0,0.6638,6.6621,0
Momentum,69,112.6542,0,-0.3445,6.3176,0
Momentum,70,112.2661,0,0.6636,6.9812,0
Momentum,71,113.0111,0,1.8550,8.8362,0
Momentum,72,115.1074,0,0.2645,9.1008,0
Momentum,73,115.4119,0,1.8821,10.9829,0
Momentum,74,117.5841,0,-2.2930,8.6899,0
Momentum,75,114.8879,0,1.1282,9.8181,0
Momentum,76,116.1841,0,0.3878,10.2059,0
Momentum,77,116.6346,0,0.0010,10.2069,0
Momentum,78,116.6358,0,0.3925,10.5994,0
Momentum,79,117.0936,0,-1.6734,8.9260,0
Momentum,80,115.1342,0,0.0804,9.0063,0
Momentum,81,115.2267,0,0.6593,9.6656,0
Momentum,82,115.9863,0,1.7938,11.4594,0
Momentum,83,118.0669,0,-0.2180,11.2414,0
Momentum,84,117.8095,0,-0.5072,10.7342,0
Momentum,85,117.2119,0,-0.2016,10.5326,0
Momentum,86,116.9757,0,1.2228,11.7554,0
Momentum,87,118.4061,0,0.6307,12.3862,0
Momentum,88,119.1529,0,-0.2295,12.1567,0
Momentum,89,118.8795,0,0.8166,12.9733,0
Momentum,90,119.8502,0,0.3979,13.3711,0
Momentum,91,120.3271,0,1.2767,14.6479,0
Momentum,92,121.8633,0,-0.4012,14.2466,0
Momentum,93,121.3743,0,-0.0277,14.2190,0
Momentum,94,121.3408,0,-0.0921,14.1269,0
Momentum,95,121.2291,0,-1.1568,12.9701,0
Momentum,96,119.8267,0,0.5979,13.5680,0
Momentum,97,120.5432,0,0.5626,14.1306,0
Momentum,98,121.2214,0,0.3056,14.4362,0
Momentum,99,121.5918,0,0.0654,14.5017,0
Momentum,100,121.6714,0,-1.1092,13.3925,0
Momentum,101,120.3218,0,-0.1206,13.2719,0
Momentum,102,120.1767,0,-0.0427,13.2292,0
Momentum,103,120.1254,0,-0.5010,12.7282,0
Momentum,104,119.5236,0,0.1388,12.8670,0
Momentum,105,119.6895,0,0.7065,13.5735,0
Momentum,106,120.5351,0,2.2103,15.7838,0
Momentum,107,123.1993,0,0.4757,16.2595,0
Momentum,108,123.7853,0,0.5591,16.8186,0
Momentum,109,124.4774,0,0.2258,17.0444,0
Momentum,110,124.7585,0,-1.6057,15.4387,0
Momentum,111,122.7552,0,0.2739,15.7125,0
Momentum,112,123.0914,0,0.3609,16.0734,0
Momentum,113,123.5356,0,2.8018,18.8752,0
Momentum,114,126.9968,0,0.1077,18.9829,0
Momentum,115,127.1336,0,0.6034,19.5863,0
Momentum,116,127.9006,0,0.2656,19.8519,0
Momentum,117,128.2404,0,-0.8649,18.9870,0
Momentum,118,127.1312,0,1.4533,20.4403,0
Momentum,119,128.9788,0,1.0575,21.4977,0
Momentum,120,130.3427,0,1.0970,22.5947,0
Momentum,121,131.7726,0,-0.6075,21.9872,0
Momentum,122,130.9720,0,1.7174,23.7046,0
Momentum,123,133.2213,0,-1.0958,22.6088,0
Momentum,124,131.7615,0,0.8908,23.4996,0
Momentum,125,132.9352,0,2.5217,26.0213,0
Momentum,126,136.2875,0,-0.6882,25.3332,0
Momentum,127,135.3496,0,-0.2659,25.0672,0
Momentum,128,134.9896,0,0.4005,25.4677,0
Momentum,129,135.5302,0,-0.2033,25.2644,0
Momentum,130,135.2547,0,-1.2429,24.0215,0
Momentum,131,133.5737,0,0.3692,24.3908,0
Momentum,132,134.0669,0,-0.7594,23.6314,0
Momentum,133,133.0488,0,0.7766,24.4079,0
Momentum,134,134.0820,0,-0.6175,23.7904,0
Momentum,135,133.2540,0,1.8672,25.6576,0
Momentum,136,135.7421,0,-0.4821,25.1755,0
Momentum,137,135.0877,0,-0.0221,25.1534,0
Momentum,138,135.0579,0,1.1197,26.2732,0
Momentum,139,136.5702,0,-0.9265,25.3466,0
Momentum,140,135.3048,0,0.5289,25.8755,0
Momentum,141,136.0204,0,1.6201,27.4956,0
Momentum,142,138.2241,0,-1.2990,26.1966,0
Momentum,143,136.4286,0,0.4858,26.6825,0
Momentum,144,137.0914,0,0.5615,27.2439,0
Momentum,145,137.8611,0,1.0877,28.3316,0
Momentum,146,139.3606,0,-0.9326,27.3990,0
Momentum,147,138.0609,0,-1.0153,26.3838,0
Momentum,148,136.6593,0,0.8253,27.2091,0
Momentum,149,137.7871,0,0.5988,27.8079,0
Momentum,150,138.6122,0,0.5520,28.3599,0
Momentum,151,139.3773,0,0.6485,29.0084,0
Momentum,152,140.2812,0,-0.3793,28.6291,0
Momentum,153,139.7492,0,0.5337,29.1628,0
Momentum,154,140.4950,0,0.5948,29.7576,0
Momentum,155,141.3307,0,-0.4135,29.3441,0
Momentum,156,140.7463,0,2.1894,31.5335,0
Momentum,157,143.8278,0,0.7768,32.3104,0
Momentum,158,144.9451,0,-0.8873,31.4230,0
Momentum,159,143.6589,0,0.9611,32.3842,0
Momentum,160,145.0397,0,-0.6724,31.7117,0
Momentum,161,144.0644,0,1.0930,32.8048,0
Momentum,162,145.6391,0,1.4693,34.2740,0
Momentum,163,147.7789,0,-0.5193,33.7547,0
Momentum,164,147.0115,0,1.2714,35.0261,0
Momentum,165,148.8805,0,0.7153,35.7414,0
Momentum,166,149.9455,0,1.1284,36.8698,0
Momentum,167,151.6375,0,2.2211,39.0909,0
Momentum,168,155.0055,0,0.0546,39.1455,0
Momentum,169,155.0902,0,-0.4527,38.6928,0
Momentum,170,154.3881,0,-0.5878,38.1051,0
Momentum,171,153.4806,0,-0.5145,37.5906,0
Momentum,172,152.6910,0,0.2231,37.8137,0
Momentum,173,153.0317,0,0.6432,38.4569,0
Momentum,174,154.0160,0,0.5784,39.0353,0
Momentum,175,154.9068,0,1.1336,40.1688,0
Momentum,176,156.6627,0,0.3135,40.4823,0
Momentum,177,157.1539,0,1.7690,42.2513,0
Momentum,178,159.9339,0,0.0353,42.2867,0
Momentum,179,159.9905,0,3.0662,45.3529,0
Momentum,180,164.8961,0,0.9300,46.2829,0
Momentum,181,166.4296,0,-0.5556,45.7273,0
Momentum,182,165.5049,0,-0.7679,44.9594,0
Momentum,183,164.2340,0,0.7855,45.7449,0
Momentum,184,165.5241,0,0.0766,45.8215,0
Momentum,185,165.6508,0,1.0192,46.8406,0
Momentum,186,167.3391,0,0.7762,47.6169,0
Momentum,187,168.6380,0,0.2274,47.8443,0
Momentum,188,169.0216,0,-0.5453,47.2990,0
Momentum,189,168.0999,0,-1.2075,46.0915,0
Momentum,190,166.0701,0,-0.1464,45.9451,0
Momentum,191,165.8269,0,1.1631,47.1082,0
Momentum,192,167.7557,0,0.5154,47.6236,0
Momentum,193,168.6203,0,-0.9413,46.6823,0
Momentum,194,167.0331,0,0.4743,47.1566,0
Momentum,195,167.8254,0,0.6877,47.8443,0
Momentum,196,168.9795,0,-0.5822,47.2621,0
Momentum,197,167.9957,0,0.4548,47.7169,0
Momentum,198,168.7597,0,0.3589,48.0757,0
Momentum,199,169.3653,0,-0.8394,47.2363,0
Momentum,200,167.9436,0,0.1704,47.4068,0
Momentum,201,168.2298,0,0.2582,47.6649,1
Momentum,202,168.6642,0,0.4923,48.1573,1
Momentum,203,169.4946,0,0.4516,48.6089,1
Momentum,204,170.2601,0,-0.7154,47.8935,1
Momentum,205,169.0421,0,-0.4763,47.4172,1
Momentum,206,168.2369,0,0.2362,47.6534,1
Momentum,207,168.6343,0,0.2233,47.8767,1
Momentum,208,169.0108,0,0.2122,48.0889,1
Momentum,209,169.3695,0,1.7777,49.8666,1
Momentum,210,172.3803,0,0.1363,50.0029,1
Momentum,211,172.6152,0,0.3910,50.3938,1
Momentum,212,173.2901,0,0.2862,50.6800,1
Momentum,213,173.7860,0,0.1318,50.8118,1
Momentum,214,174.0150,0,-0.3194,50.4924,1
Momentum,215,173.4592,0,0.1911,50.6834,1
Momentum,216,173.7906,0,-0.5240,50.1595,1
Momentum,217,172.8800,0,-0.2524,49.9071,1
Momentum,218,172.4437,0,-0.3556,49.5514,1
Momentum,219,171.8304,0,-0.0750,49.4765,1
Momentum,220,171.7016,0,0.9690,50.4455,1
Momentum,221,173.3654,0,-1.0180,49.4275,1
Momentum,222,171.6005,0,0.2134,49.6408,1
Momentum,223,171.9667,0,-0.8672,48.7736,1
Momentum,224,170.4753,0,-0.2957,48.4779,1
Momentum,225,169.9712,0,0.4529,48.9308,1
Momentum,226,170.7410,0,-0.0518,48.8790,1
Momentum,227,170.6525,0,-0.5846,48.2944,1
Momentum,228,169.6549,0,-0.3877,47.9067,1
Momentum,229,168.9971,0,0.2905,48.1972,1
Momentum,230,169.4881,0,-0.3903,47.8069,1
Momentum,231,168.8266,1,0.0000,47.8069,1
Momentum,232,168.9556,2,0.0084,47.8153,1
Momentum,233,168.9414,2,0.3381,48.1534,1
Momentum,234,168.3703,2,-1.0060,47.1473,1
Momentum,235,170.0641,0,0.2359,47.3832,1
Momentum,236,170.4652,0,-1.0244,46.3588,1
Momentum,237,168.7190,2,-0.0654,46.2934,1
Momentum,238,168.8294,2,0.3398,46.6332,1
Momentum,239,168.2557,2,-0.3960,46.2372,1
Momentum,240,168.9220,2,0.4043,46.6415,1
Momentum,241,168.2391,2,0.0633,46.7048,1
Momentum,242,168.1325,2,-0.2347,46.4702,1
Momentum,243,168.5271,2,-0.3937,46.0765,1
Momentum,244,169.1905,2,0.6044,46.6809,1
Momentum,245,168.1679,2,0.1658,46.8467,1
Momentum,246,167.8891,2,0.2247,47.0714,1
Momentum,247,167.5119,2,0.2991,47.3705,1
Momentum,248,167.0108,2,-0.8736,46.4969,1
Momentum,249,168.4698,2,-0.1767,46.3202,1
Momentum,250,168.7675,2,0.6221,46.9423,1
Momentum,251,167.7176,2,-0.4446,46.4978,1
Momentum,252,168.4632,2,-0.9924,45.5054,1
Momentum,253,170.1349,2,-0.4211,45.0843,1
Momentum,254,170.8513,0,-0.7965,44.2878,1
Momentum,255,169.4904,2,0.2742,44.5620,1
Momentum,256,169.0257,2,-0.5676,43.9944,1
Momentum,257,169.9851,0,-0.3931,43.6013,1
Momentum,258,169.3169,0,0.1691,43.7704,1
Momentum,259,169.6033,1,0.0000,43.7704,1
Momentum,260,170.1400,0,-0.5004,43.2700,1
Momentum,261,169.2887,0,-0.0679,43.2022,1
Momentum,262,169.1738,0,-1.5691,41.6331,1
Momentum,263,166.5193,2,0.4494,42.0824,1
Momentum,264,165.7710,2,0.0564,42.1388,1
Momentum,265,165.6776,2,0.5341,42.6729,1
Momentum,266,164.7926,2,-0.8881,41.7848,1
Momentum,267,166.2561,2,0.6374,42.4223,1
Momentum,268,165.1964,2,0.1300,42.5522,1
Momentum,269,164.9817,2,-0.1532,42.3990,1
Momentum,270,165.2344,2,-0.7798,41.6193,1
Momentum,271,166.5229,2,0.6471,42.2664,1
Momentum,272,165.4452,2,-0.6379,41.6285,1
Momentum,273,166.5007,2,-0.0482,41.5802,1
Momentum,274,166.5810,2,0.4305,42.0107,1
Momentum,275,165.8639,2,-0.2856,41.7251,1
Momentum,276,166.3376,2,-0.1440,41.5811,1
Momentum,277,166.5771,2,0.2472,41.8283,1
Momentum,278,166.1653,2,-0.0871,41.7412,1
Momentum,279,166.3100,2,0.1362,41.8775,1
Momentum,280,166.0835,2,-0.1107,41.7668,1
Momentum,281,166.2673,2,-0.3690,41.3978,1
Momentum,282,166.8808,2,-0.7922,40.6056,1
Momentum,283,168.2028,2,0.5964,41.2021,1
Momentum,284,167.1996,2,-1.0428,40.1592,1
Momentum,285,168.9432,1,-0.0000,40.1592,1
Momentum,286,167.3315,2,0.0543,40.2135,1
Momentum,287,167.2407,2,-0.3024,39.9111,1
Momentum,288,167.7465,2,-0.1399,39.7712,1
Momentum,289,167.9812,2,0.2977,40.0688,1
Momentum,290,167.4811,2,0.0856,40.1544,1
Momentum,291,167.3377,2,0.2176,40.3720,1
Momentum,292,166.9736,0,-0.2533,40.1187,1
Momentum,293,166.5506,0,0.4499,40.5686,1
Momentum,294,167.3000,0,0.1900,40.7586,1
Momentum,295,167.6178,0,-0.3210,40.4376,1
Momentum,296,167.0797,0,0.4566,40.8942,1
Momentum,297,167.8426,0,0.1495,41.0437,1
Momentum,298,168.0935,0,0.3824,41.4261,1
Momentum,299,168.7363,0,0.2750,41.7011,1
Momentum,300,169.2004,0,-0.4291,41.2720,1
Momentum,301,168.4743,0,-0.2818,40.9902,1
Momentum,302,167.9996,0,0.3542,41.3444,1
Momentum,303,168.5947,0,0.2703,41.6147,1
Momentum,304,169.0504,0,-0.0426,41.5721,1
Momentum,305,168.9784,0,0.0249,41.5970,1
Momentum,306,169.0205,0,0.5729,42.1699,1
Momentum,307,169.9888,0,-0.3386,41.8314,1
Momentum,308,169.4133,0,0.2150,42.0463,1
Momentum,309,169.7775,0,-0.1493,41.8971,1
Momentum,310,169.5240,0,-0.1493,41.7477,1
Momentum,311,169.2708,0,0.4801,42.2278,1
Momentum,312,170.0835,0,0.3253,42.5531,1
Momentum,313,170.6368,0,0.3025,42.8556,1
Momentum,314,171.1530,0,0.5164,43.3721,1
Momentum,315,172.0369,0,-0.1092,43.2629,1
Momentum,316,171.8490,0,0.2038,43.4667,1
Momentum,317,172.1993,0,-0.2677,43.1990,1
Momentum,318,171.7383,0,0.0405,43.2395,1
Momentum,319,171.8079,0,-0.1731,43.0665,1
Momentum,320,171.5106,0,-0.0587,43.0077,1
Momentum,321,171.4098,0,0.1767,43.1844,1
Momentum,322,171.7127,0,-0.4910,42.6934,1
Momentum,323,170.8696,0,0.8940,43.5874,1
Momentum,324,172.3972,0,-0.5960,42.9914,1
Momentum,325,171.3697,0,-0.6668,42.3247,1
Momentum,326,170.2271,0,0.4772,42.8019,1
Momentum,327,171.0394,0,0.2798,43.0816,1
Momentum,328,171.5179,0,0.1869,43.2686,1
Momentum,329,171.8385,0,0.1792,43.4477,1
Momentum,330,172.1465,0,-0.1278,43.3200,1
Momentum,331,171.9265,0,-0.5333,42.7866,1
Momentum,332,171.0096,0,-0.0542,42.7325,1
Momentum,333,170.9169,0,-0.4039,42.3285,1
Momentum,334,170.2265,0,0.3912,42.7197,1
Momentum,335,170.8925,0,-0.1551,42.5646,1
Momentum,336,170.6274,0,-0.4657,42.0989,1
Momentum,337,169.8328,0,-0.2070,41.8919,1
Momentum,338,169.4812,2,-0.1496,41.7424,1
Momentum,339,169.7347,0,-0.3185,41.4239,1
Momentum,340,169.1942,1,-0.0000,41.4239,1
Momentum,341,168.4738,2,-0.1000,41.3239,1
Momentum,342,168.6423,2,-0.0955,41.2285,1
Momentum,343,168.8033,2,0.2657,41.4942,1
Momentum,344,168.3548,2,0.2360,41.7302,1
Momentum,345,167.9574,2,-0.1101,41.6201,1
Momentum,346,168.1423,2,0.6949,42.3150,1
Momentum,347,166.9739,2,0.6453,42.9603,1
Momentum,348,165.8965,2,0.2848,43.2450,1
Momentum,349,165.4241,2,0.0271,43.2721,1
Momentum,350,165.3793,2,-0.2279,43.0442,1
Momentum,351,165.7562,2,-0.7780,42.2661,1
Momentum,352,167.0459,2,-0.4376,41.8285,1
Momentum,353,167.7769,2,0.0713,41.8998,1
Momentum,354,167.6573,2,0.0005,41.9004,1
Momentum,355,167.6564,2,0.4698,42.3702,1
Momentum,356,166.8687,2,-0.0233,42.3468,1
Momentum,357,166.9076,2,0.1073,42.4542,1
Momentum,358,166.7285,2,-0.1913,42.2629,1
Momentum,359,167.0474,2,0.3693,42.6322,1
Momentum,360,166.4305,2,-0.2951,42.3371,1
Momentum,361,166.9216,2,-0.7652,41.5719,1
Momentum,362,168.1989,2,0.0593,41.6312,1
Momentum,363,168.0991,2,-0.1866,41.4447,1
Momentum,364,168.4127,2,-0.3139,41.1308,1
Momentum,365,168.9414,2,0.2195,41.3503,1
Momentum,366,168.5705,2,-0.0878,41.2625,1
Momentum,367,168.7184,2,0.0170,41.2795,1
Momentum,368,168.6898,2,-0.0242,41.2553,1
Momentum,369,168.7306,2,0.3898,41.6451,1
Momentum,370,168.0728,2,-0.0078,41.6373,1
Momentum,371,168.0860,2,-0.2328,41.4045,1
Momentum,372,168.4773,2,-0.6732,40.7313,1
Momentum,373,169.6115,0,0.4033,41.1346,1
Momentum,374,170.2955,0,0.9424,42.0771,1
Momentum,375,171.9005,0,-0.4722,41.6048,1
Momentum,376,171.0888,0,0.3160,41.9208,1
Momentum,377,171.6294,0,-0.0219,41.8989,1
Momentum,378,171.5917,0,0.9146,42.8135,1
Momentum,379,173.1612,0,-0.5241,42.2895,1
Momentum,380,172.2537,0,-0.5151,41.7744,1
Momentum,381,171.3664,0,-0.3797,41.3947,1
Momentum,382,170.7157,0,-1.0765,40.3182,1
Momentum,383,168.8780,0,-0.2767,40.0415,1
Momentum,384,168.4107,0,-0.3745,39.6670,1
Momentum,385,167.7800,0,0.0766,39.7436,1
Momentum,386,167.9085,0,0.1639,39.9074,1
Momentum,387,168.1837,0,0.8853,40.7927,1
Momentum,388,169.6726,0,0.3972,41.1899,1
Momentum,389,170.3465,0,-0.3415,40.8485,1
Momentum,390,169.7648,0,-0.4770,40.3714,1
Momentum,391,168.9550,0,0.2030,40.5744,1
Momentum,392,169.2980,0,-0.6639,39.9106,1
Momentum,393,168.1741,2,-0.8644,39.0462,1
Momentum,394,169.6277,0,0.5066,39.5528,1
Momentum,395,170.4871,0,-0.2948,39.2581,1
Momentum,396,169.9846,0,-0.8663,38.3918,1
Momentum,397,168.5120,2,-0.6259,37.7659,1
Momentum,398,169.5667,0,-0.1019,37.6640,1
Momentum,399,169.3939,0,0.5418,38.2058,1
Momentum,400,170.3116,0,-0.8185,37.3873,1
Momentum,401,168.9177,0,-0.3127,37.0746,1
Momentum,402,168.3895,2,0.0107,37.0854,1
Momentum,403,168.3714,2,-0.0096,37.0757,1
Momentum,404,168.3876,2,0.2270,37.3027,1
Momentum,405,168.0053,2,-0.2947,37.0080,1
Momentum,406,168.5005,2,0.5234,37.5314,1
Momentum,407,167.6186,2,0.0583,37.5897,1
Momentum,408,167.5209,2,-0.0701,37.5196,1
Momentum,409,167.6383,2,-0.2546,37.2650,1
Momentum,410,168.0651,2,-0.3351,36.9299,1
Momentum,411,168.6283,2,0.5539,37.4837,1
Momentum,412,167.6944,2,0.7244,38.2082,1
Momentum,413,166.4796,2,-0.6579,37.5502,1
Momentum,414,167.5749,2,-0.1696,37.3806,1
Momentum,415,167.8592,1,-0.0000,37.3806,1
Momentum,416,167.2646,2,-0.7622,36.6184,1
Momentum,417,168.5395,2,-0.0372,36.5812,1
Momentum,418,168.6022,2,-0.5400,36.0411,1
Momentum,419,169.5127,2,0.0144,36.0555,1
Momentum,420,169.4883,0,0.9271,36.9827,1
Momentum,421,171.0597,0,0.7298,37.7125,1
Momentum,422,172.3081,0,-0.2422,37.4703,1
Momentum,423,171.8907,0,0.3374,37.8076,1
Momentum,424,172.4706,0,0.1681,37.9757,1
Momentum,425,172.7606,0,0.4944,38.4701,1
Momentum,426,173.6146,0,-0.6080,37.8622,1
Momentum,427,172.5592,0,0.1843,38.0465,1
Momentum,428,172.8772,0,0.3471,38.3936,1
Momentum,429,173.4773,0,-0.9705,37.4230,1
Momentum,430,171.7936,0,-0.6631,36.7600,1
Momentum,431,170.6545,0,-1.0354,35.7246,1
Momentum,432,168.8876,0,-0.1556,35.5690,1
Momentum,433,168.6248,0,0.3202,35.8892,1
Momentum,434,169.1648,0,0.6744,36.5636,1
Momentum,435,170.3056,0,-0.0345,36.5291,1
Momentum,436,170.2468,0,0.6977,37.2267,1
Momentum,437,171.4345,0,-0.7458,36.4809,1
Momentum,438,170.1559,0,-0.8659,35.6150,1
Momentum,439,168.6826,0,-0.0482,35.5668,1
Momentum,440,168.6012,1,0.0000,35.5668,1
Momentum,441,168.8756,0,-0.0431,35.5237,1
Momentum,442,168.8028,0,-1.0053,34.5184,1
Momentum,443,167.1059,2,0.0176,34.5360,1
Momentum,444,167.0765,2,0.5987,35.1347,1
Momentum,445,166.0763,2,-0.3788,34.7559,1
Momentum,446,166.7054,2,-0.2131,34.5428,1
Momentum,447,167.0606,2,0.4237,34.9665,1
Momentum,448,166.3528,2,0.1993,35.1658,1
Momentum,449,166.0213,2,0.4525,35.6183,1
Momentum,450,165.2700,2,-0.0505,35.5677,1
Momentum,451,165.3536,2,-0.5404,35.0273,1
Momentum,452,166.2472,2,0.4233,35.4506,1
Momentum,453,165.5434,2,-0.3161,35.1346,1
Momentum,454,166.0667,2,0.1989,35.3335,1
Momentum,455,165.7363,2,0.3161,35.6496,1
Momentum,456,165.2124,2,-0.0308,35.6188,1
Momentum,457,165.2633,2,0.4200,36.0388,1
Momentum,458,164.5691,2,0.1666,36.2054,1
Momentum,459,164.2949,2,0.4722,36.6777,1
Momentum,460,163.5191,2,-1.0965,35.5812,1
Momentum,461,165.3121,2,-0.0967,35.4845,1
Momentum,462,165.4719,2,0.2636,35.7481,1
Momentum,463,165.0357,2,-0.1918,35.5563,1
Momentum,464,165.3522,2,-0.0240,35.5323,1
Momentum,465,165.3919,2,0.0297,35.5620,1
Momentum,466,165.3428,2,-0.3758,35.1862,1
Momentum,467,165.9641,2,-0.4248,34.7614,1
Momentum,468,166.6691,2,0.2164,34.9778,1
Momentum,469,166.3084,2,0.2278,35.2057,1
Momentum,470,165.9295,2,0.0719,35.2776,1
Momentum,471,165.8102,2,1.0463,36.3239,1
Momentum,472,164.0753,2,0.6209,36.9448,1
Momentum,473,163.0566,2,-0.8205,36.1243,1
Momentum,474,164.3944,2,-0.9084,35.2159,1
Momentum,475,165.8879,2,0.0581,35.2740,1
Momentum,476,165.7914,2,-0.3431,34.9309,1
Momentum,477,166.3603,1,0.0000,34.9309,1
Momentum,478,166.6885,0,1.5153,36.4462,1
Momentum,479,169.2143,0,0.4918,36.9380,1
Momentum,480,170.0464,0,-0.1220,36.8159,1
Momentum,481,169.8390,0,-0.5059,36.3101,1
Momentum,482,168.9798,0,-0.7912,35.5189,1
Momentum,483,167.6428,0,0.1061,35.6249,1
Momentum,484,167.8206,0,-0.3569,35.2680,1
Momentum,485,167.2217,0,-0.6588,34.6092,1
Momentum,486,166.1200,0,-0.2565,34.3527,1
Momentum,487,165.6939,0,-0.4543,33.8984,1
Momentum,488,164.9411,0,0.9093,34.8077,1
Momentum,489,166.4410,0,0.4689,35.2766,1
Momentum,490,167.2214,0,0.0178,35.2944,1
Momentum,491,167.2512,0,0.7286,36.0230,1
Momentum,492,168.4697,0,0.0211,36.0441,1
Momentum,493,168.5053,0,-0.4256,35.6185,1
Momentum,494,167.7882,0,0.7308,36.3494,1
Momentum,495,169.0145,0,0.2234,36.5728,1
Momentum,496,169.3921,0,-0.5326,36.0402,1
Momentum,497,168.4898,0,-0.1066,35.9336,1
Momentum,498,168.3103,0,-0.4271,35.5065,1
Momentum,499,167.5914,0,-0.6496,34.8569,1
Momentum,500,166.5028,0,0.4883,35.3452,1
Momentum,501,167.3158,0,0.9317,36.2769,1
Momentum,502,168.8747,0,-0.6901,35.5868,1
Momentum,503,167.7093,0,0.2755,35.8624,1
Momentum,504,168.1714,0,-0.3163,35.5461,1
Momentum,505,167.6395,0,-0.2234,35.3227,1
Momentum,506,167.2650,0,-0.2630,35.0596,1
Momentum,507,166.8250,1,-0.0000,35.0596,1
Momentum,508,166.1897,2,-0.0761,34.9835,1
Momentum,509,166.3163,2,0.3508,35.3343,1
Momentum,510,165.7329,2,-0.1972,35.1370,1
Momentum,511,166.0598,2,-0.0325,35.1045,1
Momentum,512,166.1138,2,0.0600,35.1645,1
Momentum,513,166.0141,2,0.3792,35.5437,1
Momentum,514,165.3845,2,0.2016,35.7454,1
Momentum,515,165.0511,2,-0.4538,35.2916,1
Momentum,516,165.8000,1,0.0000,35.2916,1
Momentum,517,166.3079,0,-0.4211,34.8705,1
Momentum,518,165.6077,2,-0.1185,34.7520,1
Momentum,519,165.8039,2,-0.4271,34.3250,1
Momentum,520,166.5120,2,0.7591,35.0840,1
Momentum,521,165.2481,2,-0.3446,34.7394,1
Momentum,522,165.8175,2,0.2556,34.9950,1
Momentum,523,165.3937,2,-0.3531,34.6419,1
Momentum,524,165.9777,2,0.3087,34.9506,1
Momentum,525,165.4654,2,0.7977,35.7483,1
Momentum,526,164.1454,2,0.6775,36.4259,1
Momentum,527,163.0333,2,-0.1742,36.2517,1
Momentum,528,163.3173,2,-0.2689,35.9828,1
Momentum,529,163.7564,2,0.3139,36.2967,1
Momentum,530,163.2423,2,-0.4570,35.8398,1
Momentum,531,163.9882,2,0.6900,36.5298,1
Momentum,532,162.8568,2,-0.1237,36.4060,1
Momentum,533,163.0582,2,0.4443,36.8504,1
Momentum,534,162.3337,2,0.1484,36.9988,1
Momentum,535,162.0927,2,-0.2039,36.7950,1
Momentum,536,162.4232,2,0.2538,37.0488,1
Momentum,537,162.0109,2,0.0068,37.0556,1
Momentum,538,161.9999,2,-0.6804,36.3752,1
Momentum,539,163.1021,2,0.1345,36.5098,1
Momentum,540,162.8827,2,-0.5658,35.9439,1
Momentum,541,163.8043,2,0.4254,36.3693,1
Momentum,542,163.1075,2,-0.4081,35.9612,1
Momentum,543,163.7731,2,-0.8315,35.1297,1
Momentum,544,165.1349,1,-0.0000,35.1297,1
Momentum,545,163.2980,2,0.2482,35.3779,1
Momentum,546,162.8928,2,-0.4384,34.9394,1
Momentum,547,163.6070,2,-0.0332,34.9062,1
Momentum,548,163.6614,2,-0.3122,34.5939,1
Momentum,549,164.1724,2,0.1795,34.7734,1
Momentum,550,163.8778,2,-0.1663,34.6071,1
Momentum,551,164.1503,2,-0.0397,34.5674,1
Momentum,552,164.2155,2,-0.6824,33.8850,1
Momentum,553,165.3361,2,-0.2020,33.6830,1
Momentum,554,165.6700,0,0.2316,33.9147,1
Momentum,555,166.0538,0,-0.1415,33.7731,1
Momentum,556,165.8188,0,-0.1712,33.6020,1
Momentum,557,165.5349,0,-0.1363,33.4657,1
Momentum,558,165.3093,0,0.2706,33.7362,1
Momentum,559,165.7566,0,-0.1372,33.5990,1
Momentum,560,165.5291,0,0.2130,33.8120,1
Momentum,561,165.8817,0,1.0631,34.8751,1
Momentum,562,167.6451,0,0.4246,35.2997,1
Momentum,563,168.3569,0,-0.1672,35.1325,1
Momentum,564,168.0754,0,0.5678,35.7003,1
Momentum,565,169.0298,0,-0.2253,35.4750,1
Momentum,566,168.6490,0,-0.9877,34.4873,1
Momentum,567,166.9833,0,-0.4542,34.0331,1
Momentum,568,166.2248,0,-0.8487,33.1844,1
Momentum,569,164.8141,0,-0.0757,33.1088,1
Momentum,570,164.6894,0,0.1077,33.2165,1
Momentum,571,164.8668,0,0.9068,34.1233,1
Momentum,572,166.3618,0,0.2048,34.3280,1
Momentum,573,166.7025,0,-0.0679,34.2601,1
Momentum,574,166.5892,0,0.4389,34.6991,1
Momentum,575,167.3205,0,-1.0386,33.6605,1
Momentum,576,165.5827,0,0.1851,33.8456,1
Momentum,577,165.8893,0,0.4337,34.2793,1
Momentum,578,166.6087,0,-0.6699,33.6094,1
Momentum,579,165.4925,0,0.6270,34.2363,1
Momentum,580,166.5301,0,0.2051,34.4414,1
Momentum,581,166.8716,0,-0.1670,34.2744,1
Momentum,582,166.5929,0,0.3444,34.6188,1
Momentum,583,167.1667,0,1.1099,35.7287,1
Momentum,584,169.0221,0,0.0542,35.7829,1
Momentum,585,169.1137,0,0.0828,35.8657,1
Momentum,586,169.2537,0,-0.2558,35.6099,1
Momentum,587,168.8208,0,-0.4287,35.1812,1
Momentum,588,168.0970,0,0.3906,35.5718,1
Momentum,589,168.7536,0,-0.4298,35.1420,1
Momentum,590,168.0283,0,0.0316,35.1735,1
Momentum,591,168.0813,0,-0.2314,34.9421,1
Momentum,592,167.6923,2,-0.2360,34.7061,1
Momentum,593,168.0880,1,0.0000,34.7061,1
Momentum,594,168.3477,2,-0.4810,34.2251,1
Momentum,595,169.1575,0,-0.2771,33.9480,1
Momentum,596,168.6888,0,-0.1501,33.7979,1
Momentum,597,168.4357,0,-0.4795,33.3184,1
Momentum,598,167.6281,0,-0.2026,33.1158,1
Momentum,599,167.2884,0,0.2000,33.3158,1
Momentum,600,167.6230,0,0.3708,33.6866,1
Momentum,601,168.2446,0,-0.4474,33.2392,1
Momentum,602,167.4918,0,0.4288,33.6681,1
Momentum,603,168.2101,0,0.6368,34.3049,1
Momentum,604,169.2813,0,0.1559,34.4607,1
Momentum,605,169.5452,0,0.8383,35.2991,1
Momentum,606,170.9665,0,-0.4505,34.8486,1
Momentum,607,170.1963,0,-0.6512,34.1974,1
Momentum,608,169.0880,0,-0.8754,33.3220,1
Momentum,609,167.6078,0,0.7241,34.0461,1
Momentum,610,168.8214,0,0.2841,34.3301,1
Momentum,611,169.3010,0,-0.0664,34.2638,1
Momentum,612,169.1887,0,0.0956,34.3594,1
Momentum,613,169.3504,0,-0.5732,33.7862,1
Momentum,614,168.3797,2,-1.1491,32.6371,1
Momentum,615,170.3145,0,-0.0089,32.6282,1
Momentum,616,170.2993,0,-0.0178,32.6104,1
Momentum,617,170.2690,0,0.2727,32.8831,1
Momentum,618,170.7334,0,0.1437,33.0268,1
Momentum,619,170.9787,0,0.0160,33.0428,1
Momentum,620,171.0060,0,-0.4593,32.5835,1
Momentum,621,170.2205,0,0.1547,32.7382,1
Momentum,622,170.4839,0,0.8086,33.5468,1
Momentum,623,171.8625,0,0.5123,34.0591,1
Momentum,624,172.7429,0,0.5989,34.6580,1
Momentum,625,173.7775,0,-0.4032,34.2548,1
Momentum,626,173.0768,0,-0.6057,33.6491,1
Momentum,627,172.0285,0,-0.1772,33.4719,1
Momentum,628,171.7236,0,-0.0841,33.3878,1
Momentum,629,171.5792,0,0.4042,33.7920,1
Momentum,630,172.2727,0,-0.9116,32.8804,1
Momentum,631,170.7023,0,0.6360,33.5164,1
Momentum,632,171.7880,0,-0.1855,33.3309,1
Momentum,633,171.4694,0,-0.3020,33.0290,1
Momentum,634,170.9516,0,-0.5616,32.4674,1
Momentum,635,169.9915,2,0.8390,33.3064,1
Momentum,636,168.5652,2,-0.3722,32.9342,1
Momentum,637,169.1927,1,-0.0000,32.9342,1
Momentum,638,169.1889,0,-0.6468,32.2874,1
Momentum,639,168.0947,2,0.6208,32.9083,1
Momentum,640,167.0510,2,0.1341,33.0424,1
Momentum,641,166.8270,2,-0.8338,32.2085,1
Momentum,642,168.2181,2,0.1316,32.3401,1
Momentum,643,167.9967,2,0.7174,33.0575,1
Momentum,644,166.7915,2,0.0833,33.1408,1
Momentum,645,166.6525,2,0.0922,33.2330,1
Momentum,646,166.4989,2,1.2524,34.4855,1
Momentum,647,164.4136,2,-0.0809,34.4045,1
Momentum,648,164.5467,2,0.0091,34.4136,1
Momentum,649,164.5318,2,-0.4422,33.9714,1
Momentum,650,165.2593,2,-0.9763,32.9951,1
Momentum,651,166.8727,2,-0.5722,32.4229,1
Momentum,652,167.8275,2,0.1247,32.5477,1
Momentum,653,167.6182,2,0.5184,33.0661,1
Momentum,654,166.7493,2,-1.2704,31.7957,1
Momentum,655,168.8677,2,-0.0007,31.7950,1
Momentum,656,168.8688,2,0.0208,31.8158,1
Momentum,657,168.8337,2,0.0378,31.8535,1
Momentum,658,168.7699,2,-0.0694,31.7841,1
Momentum,659,168.8871,2,0.0963,31.8804,1
Momentum,660,168.7244,2,0.2951,32.1756,1
Momentum,661,168.2264,2,0.2685,32.4440,1
Momentum,662,167.7748,2,0.0106,32.4546,1
Momentum,663,167.7570,2,0.2536,32.7082,1
Momentum,664,167.3316,2,0.3225,33.0307,1
Momentum,665,166.7920,2,-0.0856,32.9452,1
Momentum,666,166.9347,2,0.0920,33.0371,1
Momentum,667,166.7811,2,-0.7563,32.2809,1
Momentum,668,168.0425,1,-0.0000,32.2809,1
Momentum,669,165.9167,2,-0.5874,31.6935,1
Momentum,670,166.8913,1,0.0000,31.6935,1
Momentum,671,167.9408,2,0.9876,32.6811,1
Momentum,672,166.2822,2,0.1149,32.7960,1
Momentum,673,166.0911,2,0.1231,32.9191,1
Momentum,674,165.8866,2,0.6168,33.5359,1
Momentum,675,164.8634,2,0.2840,33.8200,1
Momentum,676,164.3952,1,-0.0000,33.8200,1
Momentum,677,163.6842,2,-0.9865,32.8334,1
Momentum,678,165.2989,0,0.5328,33.3663,1
Momentum,679,166.1797,0,0.6652,34.0315,1
Momentum,680,167.2852,0,0.3648,34.3963,1
Momentum,681,167.8954,1,-0.0000,34.3963,1
Momentum,682,166.9946,2,0.2229,34.6191,1
Momentum,683,166.6224,1,0.0000,34.6191,1
Momentum,684,167.0800,2,0.5593,35.1785,1
Momentum,685,166.1455,2,-0.3974,34.7810,1
Momentum,686,166.8058,2,0.0812,34.8622,1
Momentum,687,166.6704,2,0.1417,35.0039,1
Momentum,688,166.4342,2,-0.3871,34.6168,1
Momentum,689,167.0784,2,-0.2386,34.3782,1
Momentum,690,167.4771,2,0.1585,34.5367,1
Momentum,691,167.2117,2,-0.5766,33.9602,1
Momentum,692,168.1757,0,-0.5212,33.4390,1
Momentum,693,167.2993,1,0.0000,33.4390,1
Momentum,694,167.8242,0,0.2863,33.7253,1
Momentum,695,168.3047,0,-0.1579,33.5674,1
Momentum,696,168.0390,0,0.1524,33.7198,1
Momentum,697,168.2951,0,-0.6052,33.1147,1
Momentum,698,167.2767,0,0.4619,33.5765,1
Momentum,699,168.0492,0,-0.0912,33.4854,1
Momentum,700,167.8960,1,-0.0000,33.4854,1
Momentum,701,165.9941,2,-1.6948,31.7905,2
Momentum,702,168.8074,0,-1.4494,30.3411,2
Momentum,703,166.3607,0,-2.7405,27.6006,2
Momentum,704,161.8015,2,3.0924,30.6930,2
Momentum,705,156.7979,2,-0.9466,29.7464,2
Momentum,706,158.2822,2,2.6377,32.3841,2
Momentum,707,154.1072,2,-3.1995,29.1846,2
Momentum,708,159.0378,2,4.1371,33.3217,2
Momentum,709,152.4583,2,-3.1193,30.2024,2
Momentum,710,157.2140,2,-0.1904,30.0120,2
Momentum,711,157.5133,2,0.3961,30.4081,2
Momentum,712,156.8894,2,1.2547,31.6628,2
Momentum,713,154.9209,2,-0.5575,31.1053,2
Momentum,714,155.7846,2,0.2867,31.3920,2
Momentum,715,155.3380,2,-1.9159,29.4761,2
Momentum,716,158.3141,2,-0.0057,29.4704,2
Momentum,717,158.3231,2,-0.0740,29.3964,2
Momentum,718,158.4403,2,0.8991,30.2955,2
Momentum,719,157.0157,2,0.3213,30.6169,2
Momentum,720,156.5111,2,-0.3768,30.2401,2
Momentum,721,157.1008,2,3.4782,33.7183,2
Momentum,722,151.6365,2,2.8874,36.6056,2
Momentum,723,147.2583,2,-1.2876,35.3181,2
Momentum,724,149.1543,2,-0.1199,35.1981,2
Momentum,725,149.3332,2,0.5931,35.7912,2
Momentum,726,148.4475,2,0.1876,35.9788,2
Momentum,727,148.1691,2,-0.4785,35.5003,2
Momentum,728,148.8781,2,1.3118,36.8121,2
Momentum,729,146.9251,2,1.8163,38.6284,2
Momentum,730,144.2564,2,-0.1759,38.4525,2
Momentum,731,144.5102,2,2.2620,40.7145,2
Momentum,732,141.2414,2,-0.6309,40.0837,2
Momentum,733,142.1324,2,3.8285,43.9121,2
Momentum,734,136.6909,2,-2.0146,41.8976,2
Momentum,735,139.4447,2,-0.7774,41.1201,2
Momentum,736,140.5287,2,-0.3091,40.8111,2
Momentum,737,140.9631,2,-1.8546,38.9564,2
Momentum,738,143.5774,2,-3.2475,35.7089,2
Momentum,739,148.2401,2,-1.8277,33.8812,2
Momentum,740,150.9495,2,3.8797,37.7609,2
Momentum,741,145.0931,2,2.8757,40.6366,2
Momentum,742,140.9207,2,1.5670,42.2036,2
Momentum,743,138.7125,2,0.1842,42.3878,2
Momentum,744,138.4570,2,-0.8806,41.5072,2
Momentum,745,139.6763,2,1.7977,43.3049,2
Momentum,746,137.1653,2,-0.1652,43.1397,2
Momentum,747,137.3919,2,1.8923,45.0320,2
Momentum,748,134.7920,2,1.6086,46.6406,2
Momentum,749,132.6237,2,3.4336,50.0742,2
Momentum,750,128.0700,2,2.4232,52.4974,2
Momentum,751,124.9665,2,3.5120,56.0094,2
Momentum,752,120.5778,2,2.7048,58.7141,2
Momentum,753,117.3164,2,-2.4099,56.3043,2
Momentum,754,120.1436,2,2.6484,58.9527,2
Momentum,755,116.9617,2,-6.4666,52.4861,2
Momentum,756,124.5251,2,-0.9205,51.5657,2
Momentum,757,125.6713,2,-0.1757,51.3900,2
Momentum,758,125.8921,2,2.3106,53.7005,2
Momentum,759,122.9833,2,-1.4369,52.2636,2
Momentum,760,124.7505,2,1.6518,53.9154,2
Momentum,761,122.6898,2,-0.0263,53.8891,2
Momentum,762,122.7221,2,-5.9863,47.9028,2
Momentum,763,130.0686,2,0.4781,48.3809,2
Momentum,764,129.4467,2,-2.4057,45.9752,2
Momentum,765,132.5608,2,1.8431,47.8183,2
Momentum,766,130.1175,2,0.3372,48.1555,2
Momentum,767,129.6789,2,-3.8392,44.3163,2
Momentum,768,134.6575,2,1.6446,45.9609,2
Momentum,769,132.4429,2,-3.8534,42.1075,2
Momentum,770,137.5465,2,-1.3010,40.8064,2
Momentum,771,139.3360,2,1.4505,42.2570,2
Momentum,772,137.3149,2,-1.1386,41.1184,2
Momentum,773,138.8784,0,1.8606,42.9789,2
Momentum,774,141.4623,0,1.0828,44.0617,2
Momentum,775,142.9940,0,-3.5277,40.5340,2
Momentum,776,137.9496,0,-1.8232,38.7108,2
Momentum,777,135.4345,0,-0.7947,37.9161,2
Momentum,778,134.3582,0,-0.4146,37.5015,2
Momentum,779,133.8011,0,1.1422,38.6437,2
Momentum,780,135.3294,0,0.1473,38.7910,2
Momentum,781,135.5288,0,-3.2021,35.5889,2
Momentum,782,131.1890,0,0.6150,36.2039,2
Momentum,783,131.9959,0,1.1349,37.3388,2
Momentum,784,133.4939,0,1.0080,38.3469,2
Momentum,785,134.8395,0,2.1571,40.5040,2
Momentum,786,137.7482,0,1.5739,42.0779,2
Momentum,787,139.9162,0,0.7460,42.8239,2
Momentum,788,140.9600,0,-0.3861,42.4378,2
Momentum,789,140.4158,0,-3.7863,38.6515,2
Momentum,790,135.0992,0,0.7070,39.3584,2
Momentum,791,136.0543,0,0.2127,39.5711,2
Momentum,792,136.3436,0,0.3528,39.9239,2
Momentum,793,136.8246,0,-3.0433,36.8806,2
Momentum,794,132.6606,1,-0.0000,36.8806,2
Momentum,795,129.0837,2,-2.1891,34.6915,2
Momentum,796,131.9095,0,-0.3430,34.3486,2
Momentum,797,131.4571,2,-1.3014,33.0472,2
Momentum,798,133.1678,0,-0.1868,32.8604,2
Momentum,799,132.9190,2,0.1839,33.0443,2
Momentum,800,132.6746,2,-1.8701,31.1742,2
Momentum,801,135.1557,2,1.3924,32.5666,2
Momentum,802,133.2738,2,0.0340,32.6006,2
Momentum,803,133.2285,2,1.2914,33.8920,2
Momentum,804,131.5079,2,1.2450,35.1370,2
Momentum,805,129.8707,2,0.9712,36.1082,2
Momentum,806,128.6094,2,-0.2587,35.8495,2
Momentum,807,128.9421,2,1.3727,37.2222,2
Momentum,808,127.1721,2,-2.6999,34.5223,2
Momentum,809,130.6057,2,2.3104,36.8327,2
Momentum,810,127.5881,2,0.7010,37.5337,2
Momentum,811,126.6938,2,1.3047,38.8383,2
Momentum,812,125.0408,2,-3.2047,35.6336,2
Momentum,813,129.0480,2,-0.1983,35.4353,2
Momentum,814,129.3040,2,-2.1359,33.2994,2
Momentum,815,132.0658,2,3.6273,36.9267,2
Momentum,816,127.2754,2,-0.3672,36.5594,2
Momentum,817,127.7428,2,-1.8280,34.7314,2
Momentum,818,130.0779,2,0.0668,34.7982,2
Momentum,819,129.9910,2,-2.2022,32.5960,2
Momentum,820,132.8538,2,1.4193,34.0153,2
Momentum,821,130.9682,2,-2.9735,31.0418,2
Momentum,822,134.8625,2,-4.8664,26.1754,2
Momentum,823,141.4254,0,-1.0057,25.1697,2
Momentum,824,140.0032,0,-1.1930,23.9767,2
Momentum,825,138.3329,0,2.9107,26.8874,2
Momentum,826,142.3594,0,3.0943,29.9817,2
Momentum,827,146.7643,0,-1.2962,28.6855,2
Momentum,828,144.8620,0,-1.1006,27.5850,2
Momentum,829,143.2677,0,-0.8230,26.7620,2
Momentum,830,142.0887,0,-3.0735,23.6885,2
Momentum,831,137.7216,0,-2.2434,21.4450,2
Momentum,832,134.6319,0,-2.4854,18.9596,2
Momentum,833,131.2857,2,2.0087,20.9683,2
Momentum,834,128.6486,2,0.3403,21.3086,2
Momentum,835,128.2108,2,-0.2877,21.0209,2
Momentum,836,128.5797,2,-3.3580,17.6628,2
Momentum,837,132.8975,0,-2.5048,15.1581,2
Momentum,838,129.5687,2,-2.0215,13.1366,2
Momentum,839,132.1879,0,-0.7381,12.3984,2
Momentum,840,131.2122,0,-0.3674,12.0310,2
Momentum,841,130.7301,0,1.2933,13.3243,2
Momentum,842,132.4208,0,-2.7956,10.5287,2
Momentum,843,128.7189,2,-0.6320,9.8967,2
Momentum,844,129.5324,2,-0.1279,9.7689,2
Momentum,845,129.6981,0,0.8818,10.6506,2
Momentum,846,130.8417,0,0.4080,11.0586,2
Momentum,847,131.3754,0,5.3527,16.4113,2
Momentum,848,138.4076,0,-1.6234,14.7879,2
Momentum,849,136.1607,0,-1.4150,13.3728,2
Momentum,850,134.2339,0,-1.6413,11.7316,2
Momentum,851,132.0308,2,1.5149,13.2465,2
Momentum,852,130.0306,2,1.7272,14.9737,2
Momentum,853,127.7847,2,-2.5303,12.4434,2
Momentum,854,131.0180,2,-2.9979,9.4455,2
Momentum,855,134.9458,2,1.5161,10.9617,2
Momentum,856,132.8999,2,2.1300,13.0917,2
Momentum,857,130.0691,2,-0.8307,12.2610,2
Momentum,858,131.1496,2,1.5177,13.7786,2
Momentum,859,129.1592,2,-1.2117,12.5669,2
Momentum,860,130.7242,2,-0.2104,12.3565,2
Momentum,861,130.9993,2,3.7259,16.0824,2
Momentum,862,126.1183,2,-3.4165,12.6660,2
Momentum,863,130.4271,0,3.8749,16.5409,2
Momentum,864,135.4810,0,-1.6032,14.9376,2
Momentum,865,133.3089,0,-1.1228,13.8148,2
Momentum,866,131.8120,2,-0.3974,13.4173,2
Momentum,867,132.3359,0,0.5060,13.9234,2
Momentum,868,133.0055,0,1.2345,15.1578,2
Momentum,869,134.6474,0,4.2310,19.3888,2
Momentum,870,140.3443,0,-0.6160,18.7727,2
Momentum,871,139.4798,0,-1.9563,16.8165,2
Momentum,872,136.7511,0,-3.2699,13.5465,2
Momentum,873,132.2794,0,-1.9100,11.6365,2
Momentum,874,129.7529,1,-0.0000,11.6365,2
Momentum,875,129.3198,2,-3.9050,7.7315,2
Momentum,876,134.3697,0,-1.4040,6.3275,2
Momentum,877,132.4832,2,-0.2548,6.0727,2
Momentum,878,132.8208,2,0.2884,6.3610,2
Momentum,879,132.4378,2,-2.4400,3.9210,2
Momentum,880,135.6693,0,5.3417,9.2628,2
Momentum,881,142.9163,0,-1.3479,7.9149,2
Momentum,882,140.9900,0,-1.2781,6.6367,2
Momentum,883,139.1879,0,2.0108,8.6475,2
Momentum,884,141.9867,0,1.2057,9.8532,2
Momentum,885,143.6986,0,3.6231,13.4763,2
Momentum,886,148.9050,0,0.9523,14.4287,2
Momentum,887,150.3231,0,-0.9391,13.4896,2
Momentum,888,148.9115,0,0.9658,14.4554,2
Momentum,889,150.3497,0,1.9903,16.4457,2
Momentum,890,153.3421,0,1.3876,17.8333,2
Momentum,891,155.4698,0,0.7642,18.5975,2
Momentum,892,156.6579,0,1.8297,20.4271,2
Momentum,893,159.5242,0,1.9898,22.4169,2
Momentum,894,162.6983,0,2.3434,24.7603,2
Momentum,895,166.5111,0,0.9683,25.7287,2
Momentum,896,168.1235,0,-0.4967,25.2320,2
Momentum,897,167.2884,0,0.0636,25.2956,2
Momentum,898,167.3948,0,1.9629,27.2585,2
Momentum,899,170.6806,0,-1.6314,25.6270,2
MeanReversion,0,100.0000,1,0.0000,0.0000,0
MeanReversion,1,100.7999,1,0.0000,0.0000,0
MeanReversion,2,100.9631,1,0.0000,0.0000,0
MeanReversion,3,101.9244,1,0.0000,0.0000,0
MeanReversion,4,103.7996,1,0.0000,0.0000,0
MeanReversion,5,103.8679,1,0.0000,0.0000,0
MeanReversion,6,103.9364,1,0.0000,0.0000,0
MeanReversion,7,105.9080,1,0.0000,0.0000,0
MeanReversion,8,107.0446,1,-0.0000,0.0000,0
MeanReversion,9,106.8633,1,0.0000,0.0000,0
MeanReversion,10,107.7675,1,-0.0000,0.0000,0
MeanReversion,11,107.5916,1,-0.0000,0.0000,0
MeanReversion,12,107.4134,1,0.0000,0.0000,0
MeanReversion,13,107.9971,1,-0.0000,0.0000,0
MeanReversion,14,106.2688,1,-0.0000,0.0000,0
MeanReversion,15,104.7653,1,-0.0000,0.0000,0
MeanReversion,16,104.4909,1,-0.0000,0.0000,0
MeanReversion,17,103.7487,1,0.0000,0.0000,0
MeanReversion,18,104.3879,1,-0.0000,0.0000,0
MeanReversion,19,103.7551,1,-0.0000,0.0000,0
MeanReversion,20,102.6074,1,0.0000,0.0000,0
MeanReversion,21,104.4352,1,0.0000,0.0000,0
MeanReversion,22,104.5128,1,0.0000,0.0000,0
MeanReversion,23,104.8976,1,-0.0000,0.0000,0
MeanReversion,24,103.7244,1,-0.0000,0.0000,0
MeanReversion,25,103.4712,0,0.4118,0.4118,0
MeanReversion,26,103.8972,1,-0.0000,0.4118,0
MeanReversion,27,103.0168,0,0.6780,1.0898,0
MeanReversion,28,103.7153,1,-0.0000,1.0898,0
MeanReversion,29,103.4039,1,0.0000,1.0898,0
MeanReversion,30,103.4125,1,-0.0000,1.0898,0
MeanReversion,31,103.1010,1,0.0000,1.0898,0
MeanReversion,32,105.3441,1,0.0000,1.0898,0
MeanReversion,33,105.6463,2,0.7548,1.8446,0
MeanReversion,34,104.8488,1,0.0000,1.8446,0
MeanReversion,35,106.0325,2,0.9166,2.7612,0
MeanReversion,36,105.0605,2,-0.5102,2.2511,0
MeanReversion,37,105.5965,2,1.6460,3.8970,0
MeanReversion,38,103.8584,1,-0.0000,3.8970,0
MeanReversion,39,102.7960,0,0.4981,4.3951,0
MeanReversion,40,103.3081,1,0.0000,4.3951,0
MeanReversion,41,104.3865,1,0.0000,4.3951,0
MeanReversion,42,104.8797,1,0.0000,4.3951,0
MeanReversion,43,105.0732,1,-0.0000,4.3951,0
MeanReversion,44,105.0720,1,-0.0000,4.3951,0
MeanReversion,45,103.8410,1,-0.0000,4.3951,0
MeanReversion,46,103.4060,1,-0.0000,4.3951,0
MeanReversion,47,103.2400,0,1.3664,5.7615,0
MeanReversion,48,104.6506,1,0.0000,5.7615,0
MeanReversion,49,105.3264,1,-0.0000,5.7615,0
MeanReversion,50,103.7966,1,0.0000,5.7615,0
MeanReversion,51,104.4464,1,-0.0000,5.7615,0
MeanReversion,52,104.3576,1,-0.0000,5.7615,0
MeanReversion,53,103.9650,1,0.0000,5.7615,0
MeanReversion,54,104.9171,1,0.0000,5.7615,0
MeanReversion,55,106.3229,2,-1.2389,4.5226,0
MeanReversion,56,107.6401,2,0.5378,5.0604,0
MeanReversion,57,107.0613,2,0.0092,5.0696,0
MeanReversion,58,107.0514,2,-0.6333,4.4363,0
MeanReversion,59,107.7293,2,-1.2837,3.1526,0
MeanReversion,60,109.1123,2,0.1790,3.3316,0
MeanReversion,61,108.9169,2,-0.1144,3.2172,0
MeanReversion,62,109.0416,2,0.8031,4.0203,0
MeanReversion,63,108.1658,2,0.8922,4.9125,0
MeanReversion,64,107.2008,1,0.0000,4.9125,0
MeanReversion,65,108.4001,2,-1.6700,3.2425,0
MeanReversion,66,110.2104,2,-0.2282,3.0142,0
MeanReversion,67,110.4620,2,-1.3121,1.7022,0
MeanReversion,68,111.9113,2,-0.6638,1.0383,0
MeanReversion,69,112.6542,2,0.3445,1.3829,0
MeanReversion,70,112.2661,2,-0.6636,0.7193,0
MeanReversion,71,113.0111,2,-1.8550,-1.1358,0
MeanReversion,72,115.1074,2,-0.2645,-1.4003,0
MeanReversion,73,115.4119,2,-1.8821,-3.2824,0
MeanReversion,74,117.5841,2,2.2930,-0.9894,0
MeanReversion,75,114.8879,2,-1.1282,-2.1176,0
MeanReversion,76,116.1841,2,-0.3878,-2.5054,0
MeanReversion,77,116.6346,2,-0.0010,-2.5064,0
MeanReversion,78,116.6358,2,-0.3925,-2.8989,0
MeanReversion,79,117.0936,2,1.6734,-1.2255,0
MeanReversion,80,115.1342,1,0.0000,-1.2255,0
MeanReversion,81,115.2267,1,0.0000,-1.2255,0
MeanReversion,82,115.9863,1,0.0000,-1.2255,0
MeanReversion,83,118.0669,2,0.2180,-1.0075,0
MeanReversion,84,117.8095,2,0.5072,-0.5003,0
MeanReversion,85,117.2119,1,-0.0000,-0.5003,0
MeanReversion,86,116.9757,1,0.0000,-0.5003,0
MeanReversion,87,118.4061,2,-0.6307,-1.1310,0
MeanReversion,88,119.1529,2,0.2295,-0.9015,0
MeanReversion,89,118.8795,2,-0.8166,-1.7181,0
MeanReversion,90,119.8502,2,-0.3979,-2.1159,0
MeanReversion,91,120.3271,2,-1.2767,-3.3927,0
MeanReversion,92,121.8633,2,0.4012,-2.9914,0
MeanReversion,93,121.3743,2,0.0277,-2.9638,0
MeanReversion,94,121.3408,2,0.0921,-2.8717,0
MeanReversion,95,121.2291,2,1.1568,-1.7149,0
MeanReversion,96,119.8267,1,0.0000,-1.7149,0
MeanReversion,97,120.5432,1,0.0000,-1.7149,0
MeanReversion,98,121.2214,2,-0.3056,-2.0205,0
MeanReversion,99,121.5918,2,-0.0654,-2.0859,0
MeanReversion,100,121.6714,2,1.1092,-0.9768,0
MeanReversion,101,120.3218,1,-0.0000,-0.9768,0
MeanReversion,102,120.1767,1,-0.0000,-0.9768,0
MeanReversion,103,120.1254,1,-0.0000,-0.9768,0
MeanReversion,104,119.5236,1,0.0000,-0.9768,0
MeanReversion,105,119.6895,1,0.0000,-0.9768,0
MeanReversion,106,120.5351,1,0.0000,-0.9768,0
MeanReversion,107,123.1993,2,-0.4757,-1.4525,0
MeanReversion,108,123.7853,2,-0.5591,-2.0116,0
MeanReversion,109,124.4774,2,-0.2258,-2.2374,0
MeanReversion,110,124.7585,2,1.6057,-0.6317,0
MeanReversion,111,122.7552,1,0.0000,-0.6317,0
MeanReversion,112,123.0914,1,0.0000,-0.6317,0
MeanReversion,113,123.5356,2,-2.8018,-3.4334,0
MeanReversion,114,126.9968,2,-0.1077,-3.5411,0
MeanReversion,115,127.1336,2,-0.6034,-4.1445,0
MeanReversion,116,127.9006,2,-0.2656,-4.4101,0
MeanReversion,117,128.2404,2,0.8649,-3.5452,0
MeanReversion,118,127.1312,2,-1.4533,-4.9985,0
MeanReversion,119,128.9788,2,-1.0575,-6.0560,0
MeanReversion,120,130.3427,2,-1.0970,-7.1530,0
MeanReversion,121,131.7726,2,0.6075,-6.5454,0
MeanReversion,122,130.9720,2,-1.7174,-8.2628,0
MeanReversion,123,133.2213,2,1.0958,-7.1670,0
MeanReversion,124,131.7615,2,-0.8908,-8.0578,0
MeanReversion,125,132.9352,2,-2.5217,-10.5795,0
MeanReversion,126,136.2875,2,0.6882,-9.8914,0
MeanReversion,127,135.3496,2,0.2659,-9.6254,0
MeanReversion,128,134.9896,2,-0.4005,-10.0259,0
MeanReversion,129,135.5302,2,0.2033,-9.8226,0
MeanReversion,130,135.2547,2,1.2429,-8.5798,0
MeanReversion,131,133.5737,1,0.0000,-8.5798,0
MeanReversion,132,134.0669,1,-0.0000,-8.5798,0
MeanReversion,133,133.0488,1,0.0000,-8.5798,0
MeanReversion,134,134.0820,1,-0.0000,-8.5798,0
MeanReversion,135,133.2540,1,0.0000,-8.5798,0
MeanReversion,136,135.7421,2,0.4821,-8.0977,0
MeanReversion,137,135.0877,1,-0.0000,-8.0977,0
MeanReversion,138,135.0579,1,0.0000,-8.0977,0
MeanReversion,139,136.5702,2,0.9265,-7.1711,0
MeanReversion,140,135.3048,1,0.0000,-7.1711,0
MeanReversion,141,136.0204,2,-1.6201,-8.7912,0
MeanReversion,142,138.2241,2,1.2990,-7.4923,0
MeanReversion,143,136.4286,2,-0.4858,-7.9781,0
MeanReversion,144,137.0914,2,-0.5615,-8.5395,0
MeanReversion,145,137.8611,2,-1.0877,-9.6272,0
MeanReversion,146,139.3606,2,0.9326,-8.6947,0
MeanReversion,147,138.0609,2,1.0153,-7.6794,0
MeanReversion,148,136.6593,1,0.0000,-7.6794,0
MeanReversion,149,137.7871,2,-0.5988,-8.2782,0
MeanReversion,150,138.6122,2,-0.5520,-8.8302,0
MeanReversion,151,139.3773,2,-0.6485,-9.4787,0
MeanReversion,152,140.2812,2,0.3793,-9.0994,0
MeanReversion,153,139.7492,2,-0.5337,-9.6331,0
MeanReversion,154,140.4950,2,-0.5948,-10.2279,0
MeanReversion,155,141.3307,2,0.4135,-9.8144,0
MeanReversion,156,140.7463,2,-2.1894,-12.0038,0
MeanReversion,157,143.8278,2,-0.7768,-12.7807,0
MeanReversion,158,144.9451,2,0.8873,-11.8933,0
MeanReversion,159,143.6589,2,-0.9611,-12.8545,0
MeanReversion,160,145.0397,2,0.6724,-12.1820,0
MeanReversion,161,144.0644,2,-1.0930,-13.2751,0
MeanReversion,162,145.6391,2,-1.4693,-14.7443,0
MeanReversion,163,147.7789,2,0.5193,-14.2250,0
MeanReversion,164,147.0115,2,-1.2714,-15.4964,0
MeanReversion,165,148.8805,2,-0.7153,-16.2117,0
MeanReversion,166,149.9455,2,-1.1284,-17.3401,0
MeanReversion,167,151.6375,2,-2.2211,-19.5612,0
MeanReversion,168,155.0055,2,-0.0546,-19.6158,0
MeanReversion,169,155.0902,2,0.4527,-19.1631,0
MeanReversion,170,154.3881,2,0.5878,-18.5754,0
MeanReversion,171,153.4806,2,0.5145,-18.0609,0
MeanReversion,172,152.6910,2,-0.2231,-18.2840,0
MeanReversion,173,153.0317,2,-0.6432,-18.9272,0
MeanReversion,174,154.0160,2,-0.5784,-19.5056,0
MeanReversion,175,154.9068,2,-1.1336,-20.6391,0
MeanReversion,176,156.6627,2,-0.3135,-20.9526,0
MeanReversion,177,157.1539,2,-1.7690,-22.7216,0
MeanReversion,178,159.9339,2,-0.0353,-22.7570,0
MeanReversion,179,159.9905,2,-3.0662,-25.8232,0
MeanReversion,180,164.8961,2,-0.9300,-26.7532,0
MeanReversion,181,166.4296,2,0.5556,-26.1976,0
MeanReversion,182,165.5049,2,0.7679,-25.4297,0
MeanReversion,183,164.2340,2,-0.7855,-26.2152,0
MeanReversion,184,165.5241,2,-0.0766,-26.2918,0
MeanReversion,185,165.6508,2,-1.0192,-27.3109,0
MeanReversion,186,167.3391,2,-0.7762,-28.0872,0
MeanReversion,187,168.6380,2,-0.2274,-28.3146,0
MeanReversion,188,169.0216,2,0.5453,-27.7693,0
MeanReversion,189,168.0999,2,1.2075,-26.5618,0
MeanReversion,190,166.0701,1,-0.0000,-26.5618,0
MeanReversion,191,165.8269,1,0.0000,-26.5618,0
MeanReversion,192,167.7557,1,0.0000,-26.5618,0
MeanReversion,193,168.6203,2,0.9413,-25.6205,0
MeanReversion,194,167.0331,1,0.0000,-25.6205,0
MeanReversion,195,167.8254,1,0.0000,-25.6205,0
MeanReversion,196,168.9795,2,0.5822,-25.0383,0
MeanReversion,197,167.9957,1,0.0000,-25.0383,0
MeanReversion,198,168.7597,1,0.0000,-25.0383,0
MeanReversion,199,169.3653,2,0.8394,-24.1989,0
MeanReversion,200,167.9436,1,0.0000,-24.1989,0
MeanReversion,201,168.2298,1,0.0000,-24.1989,1
MeanReversion,202,168.6642,1,0.0000,-24.1989,1
MeanReversion,203,169.4946,2,-0.4516,-24.6506,1
MeanReversion,204,170.2601,2,0.7154,-23.9352,1
MeanReversion,205,169.0421,1,-0.0000,-23.9352,1
MeanReversion,206,168.2369,1,0.0000,-23.9352,1
MeanReversion,207,168.6343,1,0.0000,-23.9352,1
MeanReversion,208,169.0108,1,0.0000,-23.9352,1
MeanReversion,209,169.3695,1,0.0000,-23.9352,1
MeanReversion,210,172.3803,2,-0.1363,-24.0715,1
MeanReversion,211,172.6152,2,-0.3910,-24.4624,1
MeanReversion,212,173.2901,2,-0.2862,-24.7486,1
MeanReversion,213,173.7860,2,-0.1318,-24.8803,1
MeanReversion,214,174.0150,2,0.3194,-24.5610,1
MeanReversion,215,173.4592,2,-0.1911,-24.7520,1
MeanReversion,216,173.7906,2,0.5240,-24.2280,1
MeanReversion,217,172.8800,2,0.2524,-23.9757,1
MeanReversion,218,172.4437,1,-0.0000,-23.9757,1
MeanReversion,219,171.8304,1,-0.0000,-23.9757,1
MeanReversion,220,171.7016,1,0.0000,-23.9757,1
MeanReversion,221,173.3654,2,1.0180,-22.9577,1
MeanReversion,222,171.6005,1,0.0000,-22.9577,1
MeanReversion,223,171.9667,1,-0.0000,-22.9577,1
MeanReversion,224,170.4753,1,-0.0000,-22.9577,1
MeanReversion,225,169.9712,1,0.0000,-22.9577,1
MeanReversion,226,170.7410,1,-0.0000,-22.9577,1
MeanReversion,227,170.6525,1,-0.0000,-22.9577,1
MeanReversion,228,169.6549,0,-0.3877,-23.3454,1
MeanReversion,229,168.9971,0,0.2905,-23.0549,1
MeanReversion,230,169.4881,0,-0.3903,-23.4452,1
MeanReversion,231,168.8266,0,0.0764,-23.3687,1
MeanReversion,232,168.9556,0,-0.0084,-23.3771,1
MeanReversion,233,168.9414,0,-0.3381,-23.7152,1
MeanReversion,234,168.3703,0,1.0060,-22.7092,1
MeanReversion,235,170.0641,1,0.0000,-22.7092,1
MeanReversion,236,170.4652,1,-0.0000,-22.7092,1
MeanReversion,237,168.7190,0,0.0654,-22.6438,1
MeanReversion,238,168.8294,0,-0.3398,-22.9836,1
MeanReversion,239,168.2557,0,0.3960,-22.5875,1
MeanReversion,240,168.9220,1,-0.0000,-22.5875,1
MeanReversion,241,168.2391,0,-0.0633,-22.6509,1
MeanReversion,242,168.1325,0,0.2347,-22.4162,1
MeanReversion,243,168.5271,1,0.0000,-22.4162,1
MeanReversion,244,169.1905,1,-0.0000,-22.4162,1
MeanReversion,245,168.1679,0,-0.1658,-22.5820,1
MeanReversion,246,167.8891,0,-0.2247,-22.8067,1
MeanReversion,247,167.5119,0,-0.2991,-23.1058,1
MeanReversion,248,167.0108,0,0.8736,-22.2322,1
MeanReversion,249,168.4698,1,0.0000,-22.2322,1
MeanReversion,250,168.7675,1,-0.0000,-22.2322,1
MeanReversion,251,167.7176,0,0.4446,-21.7877,1
MeanReversion,252,168.4632,1,0.0000,-21.7877,1
MeanReversion,253,170.1349,2,-0.4211,-22.2088,1
MeanReversion,254,170.8513,2,0.7965,-21.4122,1
MeanReversion,255,169.4904,1,-0.0000,-21.4122,1
MeanReversion,256,169.0257,1,0.0000,-21.4122,1
MeanReversion,257,169.9851,2,0.3931,-21.0191,1
MeanReversion,258,169.3169,1,0.0000,-21.0191,1
MeanReversion,259,169.6033,1,0.0000,-21.0191,1
MeanReversion,260,170.1400,2,0.5004,-20.5188,1
MeanReversion,261,169.2887,1,-0.0000,-20.5188,1
MeanReversion,262,169.1738,1,-0.0000,-20.5188,1
MeanReversion,263,166.5193,0,-0.4494,-20.9681,1
MeanReversion,264,165.7710,0,-0.0564,-21.0245,1
MeanReversion,265,165.6776,0,-0.5341,-21.5586,1
MeanReversion,266,164.7926,0,0.8881,-20.6705,1
MeanReversion,267,166.2561,0,-0.6374,-21.3079,1
MeanReversion,268,165.1964,0,-0.1300,-21.4379,1
MeanReversion,269,164.9817,0,0.1532,-21.2847,1
MeanReversion,270,165.2344,0,0.7798,-20.5049,1
MeanReversion,271,166.5229,1,-0.0000,-20.5049,1
MeanReversion,272,165.4452,0,0.6379,-19.8670,1
MeanReversion,273,166.5007,1,0.0000,-19.8670,1
MeanReversion,274,166.5810,1,-0.0000,-19.8670,1
MeanReversion,275,165.8639,1,0.0000,-19.8670,1
MeanReversion,276,166.3376,1,0.0000,-19.8670,1
MeanReversion,277,166.5771,1,-0.0000,-19.8670,1
MeanReversion,278,166.1653,1,0.0000,-19.8670,1
MeanReversion,279,166.3100,1,-0.0000,-19.8670,1
MeanReversion,280,166.0835,1,0.0000,-19.8670,1
MeanReversion,281,166.2673,1,0.0000,-19.8670,1
MeanReversion,282,166.8808,1,0.0000,-19.8670,1
MeanReversion,283,168.2028,2,0.5964,-19.2706,1
MeanReversion,284,167.1996,2,-1.0428,-20.3134,1
MeanReversion,285,168.9432,2,0.9540,-19.3595,1
MeanReversion,286,167.3315,1,-0.0000,-19.3595,1
MeanReversion,287,167.2407,1,0.0000,-19.3595,1
MeanReversion,288,167.7465,2,-0.1399,-19.4993,1
MeanReversion,289,167.9812,2,0.2977,-19.2017,1
MeanReversion,290,167.4811,1,-0.0000,-19.2017,1
MeanReversion,291,167.3377,1,-0.0000,-19.2017,1
MeanReversion,292,166.9736,1,-0.0000,-19.2017,1
MeanReversion,293,166.5506,1,0.0000,-19.2017,1
MeanReversion,294,167.3000,1,0.0000,-19.2017,1
MeanReversion,295,167.6178,1,-0.0000,-19.2017,1
MeanReversion,296,167.0797,1,0.0000,-19.2017,1
MeanReversion,297,167.8426,1,0.0000,-19.2017,1
MeanReversion,298,168.0935,2,-0.3824,-19.5841,1
MeanReversion,299,168.7363,2,-0.2750,-19.8591,1
MeanReversion,300,169.2004,2,0.4291,-19.4300,1
MeanReversion,301,168.4743,2,0.2818,-19.1482,1
MeanReversion,302,167.9996,1,0.0000,-19.1482,1
MeanReversion,303,168.5947,2,-0.2703,-19.4186,1
MeanReversion,304,169.0504,2,0.0426,-19.3759,1
MeanReversion,305,168.9784,2,-0.0249,-19.4009,1
MeanReversion,306,169.0205,2,-0.5729,-19.9737,1
MeanReversion,307,169.9888,2,0.3386,-19.6352,1
MeanReversion,308,169.4133,2,-0.2150,-19.8502,1
MeanReversion,309,169.7775,2,0.1493,-19.7009,1
MeanReversion,310,169.5240,2,0.1493,-19.5515,1
MeanReversion,311,169.2708,1,0.0000,-19.5515,1
MeanReversion,312,170.0835,2,-0.3253,-19.8769,1
MeanReversion,313,170.6368,2,-0.3025,-20.1794,1
MeanReversion,314,171.1530,2,-0.5164,-20.6958,1
MeanReversion,315,172.0369,2,0.1092,-20.5866,1
MeanReversion,316,171.8490,2,-0.2038,-20.7904,1
MeanReversion,317,172.1993,2,0.2677,-20.5227,1
MeanReversion,318,171.7383,2,-0.0405,-20.5633,1
MeanReversion,319,171.8079,2,0.1731,-20.3902,1
MeanReversion,320,171.5106,2,0.0587,-20.3314,1
MeanReversion,321,171.4098,1,0.0000,-20.3314,1
MeanReversion,322,171.7127,2,0.4910,-19.8405,1
MeanReversion,323,170.8696,1,0.0000,-19.8405,1
MeanReversion,324,172.3972,2,0.5960,-19.2445,1
MeanReversion,325,171.3697,1,-0.0000,-19.2445,1
MeanReversion,326,170.2271,1,0.0000,-19.2445,1
MeanReversion,327,171.0394,1,0.0000,-19.2445,1
MeanReversion,328,171.5179,1,0.0000,-19.2445,1
MeanReversion,329,171.8385,1,0.0000,-19.2445,1
MeanReversion,330,172.1465,2,0.1278,-19.1167,1
MeanReversion,331,171.9265,1,-0.0000,-19.1167,1
MeanReversion,332,171.0096,1,-0.0000,-19.1167,1
MeanReversion,333,170.9169,0,-0.4039,-19.5207,1
MeanReversion,334,170.2265,0,0.3912,-19.1294,1
MeanReversion,335,170.8925,1,-0.0000,-19.1294,1
MeanReversion,336,170.6274,0,-0.4657,-19.5951,1
MeanReversion,337,169.8328,0,-0.2070,-19.8021,1
MeanReversion,338,169.4812,0,0.1496,-19.6526,1
MeanReversion,339,169.7347,0,-0.3185,-19.9710,1
MeanReversion,340,169.1942,0,-0.4257,-20.3968,1
MeanReversion,341,168.4738,0,0.1000,-20.2968,1
MeanReversion,342,168.6423,0,0.0955,-20.2013,1
MeanReversion,343,168.8033,0,-0.2657,-20.4670,1
MeanReversion,344,168.3548,0,-0.2360,-20.7031,1
MeanReversion,345,167.9574,0,0.1101,-20.5929,1
MeanReversion,346,168.1423,0,-0.6949,-21.2878,1
MeanReversion,347,166.9739,0,-0.6453,-21.9331,1
MeanReversion,348,165.8965,0,-0.2848,-22.2179,1
MeanReversion,349,165.4241,0,-0.0271,-22.2450,1
MeanReversion,350,165.3793,0,0.2279,-22.0170,1
MeanReversion,351,165.7562,0,0.7780,-21.2390,1
MeanReversion,352,167.0459,1,0.0000,-21.2390,1
MeanReversion,353,167.7769,1,-0.0000,-21.2390,1
MeanReversion,354,167.6573,1,-0.0000,-21.2390,1
MeanReversion,355,167.6564,1,-0.0000,-21.2390,1
MeanReversion,356,166.8687,1,0.0000,-21.2390,1
MeanReversion,357,166.9076,1,-0.0000,-21.2390,1
MeanReversion,358,166.7285,1,0.0000,-21.2390,1
MeanReversion,359,167.0474,1,-0.0000,-21.2390,1
MeanReversion,360,166.4305,1,0.0000,-21.2390,1
MeanReversion,361,166.9216,1,0.0000,-21.2390,1
MeanReversion,362,168.1989,2,0.0593,-21.1797,1
MeanReversion,363,168.0991,1,0.0000,-21.1797,1
MeanReversion,364,168.4127,2,-0.3139,-21.4936,1
MeanReversion,365,168.9414,2,0.2195,-21.2741,1
MeanReversion,366,168.5705,2,-0.0878,-21.3618,1
MeanReversion,367,168.7184,2,0.0170,-21.3448,1
MeanReversion,368,168.6898,2,-0.0242,-21.3690,1
MeanReversion,369,168.7306,2,0.3898,-20.9792,1
MeanReversion,370,168.0728,1,0.0000,-20.9792,1
MeanReversion,371,168.0860,1,0.0000,-20.9792,1
MeanReversion,372,168.4773,1,0.0000,-20.9792,1
MeanReversion,373,169.6115,2,-0.4033,-21.3825,1
MeanReversion,374,170.2955,2,-0.9424,-22.3249,1
MeanReversion,375,171.9005,2,0.4722,-21.8527,1
MeanReversion,376,171.0888,2,-0.3160,-22.1687,1
MeanReversion,377,171.6294,2,0.0219,-22.1468,1
MeanReversion,378,171.5917,2,-0.9146,-23.0614,1
MeanReversion,379,173.1612,2,0.5241,-22.5373,1
MeanReversion,380,172.2537,2,0.5151,-22.0222,1
MeanReversion,381,171.3664,1,-0.0000,-22.0222,1
MeanReversion,382,170.7157,1,-0.0000,-22.0222,1
MeanReversion,383,168.8780,1,-0.0000,-22.0222,1
MeanReversion,384,168.4107,1,-0.0000,-22.0222,1
MeanReversion,385,167.7800,0,0.0766,-21.9457,1
MeanReversion,386,167.9085,0,0.1639,-21.7818,1
MeanReversion,387,168.1837,1,0.0000,-21.7818,1
MeanReversion,388,169.6726,1,0.0000,-21.7818,1
MeanReversion,389,170.3465,1,-0.0000,-21.7818,1
MeanReversion,390,169.7648,1,-0.0000,-21.7818,1
MeanReversion,391,168.9550,1,0.0000,-21.7818,1
MeanReversion,392,169.2980,1,-0.0000,-21.7818,1
MeanReversion,393,168.1741,0,0.8644,-20.9174,1
MeanReversion,394,169.6277,1,0.0000,-20.9174,1
MeanReversion,395,170.4871,1,-0.0000,-20.9174,1
MeanReversion,396,169.9846,1,-0.0000,-20.9174,1
MeanReversion,397,168.5120,1,0.0000,-20.9174,1
MeanReversion,398,169.5667,1,-0.0000,-20.9174,1
MeanReversion,399,169.3939,1,0.0000,-20.9174,1
MeanReversion,400,170.3116,1,-0.0000,-20.9174,1
MeanReversion,401,168.9177,1,-0.0000,-20.9174,1
MeanReversion,402,168.3895,1,-0.0000,-20.9174,1
MeanReversion,403,168.3714,1,0.0000,-20.9174,1
MeanReversion,404,168.3876,1,-0.0000,-20.9174,1
MeanReversion,405,168.0053,0,0.2947,-20.6227,1
MeanReversion,406,168.5005,1,-0.0000,-20.6227,1
MeanReversion,407,167.6186,0,-0.0583,-20.6809,1
MeanReversion,408,167.5209,0,0.0701,-20.6109,1
MeanReversion,409,167.6383,0,0.2546,-20.3563,1
MeanReversion,410,168.0651,1,0.0000,-20.3563,1
MeanReversion,411,168.6283,1,-0.0000,-20.3563,1
MeanReversion,412,167.6944,0,-0.7244,-21.0807,1
MeanReversion,413,166.4796,0,0.6579,-20.4227,1
MeanReversion,414,167.5749,1,0.0000,-20.4227,1
MeanReversion,415,167.8592,1,-0.0000,-20.4227,1
MeanReversion,416,167.2646,0,0.7622,-19.6606,1
MeanReversion,417,168.5395,1,0.0000,-19.6606,1
MeanReversion,418,168.6022,1,0.0000,-19.6606,1
MeanReversion,419,169.5127,2,0.0144,-19.6461,1
MeanReversion,420,169.4883,2,-0.9271,-20.5733,1
MeanReversion,421,171.0597,2,-0.7298,-21.3031,1
MeanReversion,422,172.3081,2,0.2422,-21.0609,1
MeanReversion,423,171.8907,2,-0.3374,-21.3982,1
MeanReversion,424,172.4706,2,-0.1681,-21.5663,1
MeanReversion,425,172.7606,2,-0.4944,-22.0607,1
MeanReversion,426,173.6146,2,0.6080,-21.4528,1
MeanReversion,427,172.5592,2,-0.1843,-21.6371,1
MeanReversion,428,172.8772,2,-0.3471,-21.9842,1
MeanReversion,429,173.4773,2,0.9705,-21.0136,1
MeanReversion,430,171.7936,1,-0.0000,-21.0136,1
MeanReversion,431,170.6545,1,-0.0000,-21.0136,1
MeanReversion,432,168.8876,1,-0.0000,-21.0136,1
MeanReversion,433,168.6248,1,0.0000,-21.0136,1
MeanReversion,434,169.1648,1,0.0000,-21.0136,1
MeanReversion,435,170.3056,1,-0.0000,-21.0136,1
MeanReversion,436,170.2468,1,0.0000,-21.0136,1
MeanReversion,437,171.4345,1,-0.0000,-21.0136,1
MeanReversion,438,170.1559,1,-0.0000,-21.0136,1
MeanReversion,439,168.6826,0,-0.0482,-21.0619,1
MeanReversion,440,168.6012,0,0.1627,-20.8991,1
MeanReversion,441,168.8756,0,-0.0431,-20.9422,1
MeanReversion,442,168.8028,0,-1.0053,-21.9475,1
MeanReversion,443,167.1059,0,-0.0176,-21.9651,1
MeanReversion,444,167.0765,0,-0.5987,-22.5637,1
MeanReversion,445,166.0763,0,0.3788,-22.1849,1
MeanReversion,446,166.7054,0,0.2131,-21.9719,1
MeanReversion,447,167.0606,0,-0.4237,-22.3955,1
MeanReversion,448,166.3528,0,-0.1993,-22.5948,1
MeanReversion,449,166.0213,0,-0.4525,-23.0473,1
MeanReversion,450,165.2700,0,0.0505,-22.9968,1
MeanReversion,451,165.3536,0,0.5404,-22.4564,1
MeanReversion,452,166.2472,1,-0.0000,-22.4564,1
MeanReversion,453,165.5434,0,0.3161,-22.1403,1
MeanReversion,454,166.0667,1,-0.0000,-22.1403,1
MeanReversion,455,165.7363,1,-0.0000,-22.1403,1
MeanReversion,456,165.2124,0,0.0308,-22.1095,1
MeanReversion,457,165.2633,0,-0.4200,-22.5295,1
MeanReversion,458,164.5691,0,-0.1666,-22.6961,1
MeanReversion,459,164.2949,0,-0.4722,-23.1684,1
MeanReversion,460,163.5191,0,1.0965,-22.0718,1
MeanReversion,461,165.3121,1,0.0000,-22.0718,1
MeanReversion,462,165.4719,1,-0.0000,-22.0718,1
MeanReversion,463,165.0357,1,0.0000,-22.0718,1
MeanReversion,464,165.3522,1,0.0000,-22.0718,1
MeanReversion,465,165.3919,1,-0.0000,-22.0718,1
MeanReversion,466,165.3428,1,0.0000,-22.0718,1
MeanReversion,467,165.9641,1,0.0000,-22.0718,1
MeanReversion,468,166.6691,2,0.2164,-21.8554,1
MeanReversion,469,166.3084,2,0.2278,-21.6276,1
MeanReversion,470,165.9295,1,-0.0000,-21.6276,1
MeanReversion,471,165.8102,1,-0.0000,-21.6276,1
MeanReversion,472,164.0753,0,-0.6209,-22.2485,1
MeanReversion,473,163.0566,0,0.8205,-21.4280,1
MeanReversion,474,164.3944,1,0.0000,-21.4280,1
MeanReversion,475,165.8879,1,-0.0000,-21.4280,1
MeanReversion,476,165.7914,1,0.0000,-21.4280,1
MeanReversion,477,166.3603,2,-0.1973,-21.6253,1
MeanReversion,478,166.6885,2,-1.5153,-23.1406,1
MeanReversion,479,169.2143,2,-0.4918,-23.6324,1
MeanReversion,480,170.0464,2,0.1220,-23.5104,1
MeanReversion,481,169.8390,2,0.5059,-23.0045,1
MeanReversion,482,168.9798,2,0.7912,-22.2133,1
MeanReversion,483,167.6428,1,0.0000,-22.2133,1
MeanReversion,484,167.8206,1,-0.0000,-22.2133,1
MeanReversion,485,167.2217,1,-0.0000,-22.2133,1
MeanReversion,486,166.1200,1,-0.0000,-22.2133,1
MeanReversion,487,165.6939,1,-0.0000,-22.2133,1
MeanReversion,488,164.9411,1,0.0000,-22.2133,1
MeanReversion,489,166.4410,1,0.0000,-22.2133,1
MeanReversion,490,167.2214,1,0.0000,-22.2133,1
MeanReversion,491,167.2512,1,0.0000,-22.2133,1
MeanReversion,492,168.4697,1,0.0000,-22.2133,1
MeanReversion,493,168.5053,1,-0.0000,-22.2133,1
MeanReversion,494,167.7882,1,0.0000,-22.2133,1
MeanReversion,495,169.0145,2,-0.2234,-22.4367,1
MeanReversion,496,169.3921,2,0.5326,-21.9041,1
MeanReversion,497,168.4898,1,-0.0000,-21.9041,1
MeanReversion,498,168.3103,1,-0.0000,-21.9041,1
MeanReversion,499,167.5914,1,-0.0000,-21.9041,1
MeanReversion,500,166.5028,1,0.0000,-21.9041,1
MeanReversion,501,167.3158,1,0.0000,-21.9041,1
MeanReversion,502,168.8747,2,0.6901,-21.2139,1
MeanReversion,503,167.7093,1,0.0000,-21.2139,1
MeanReversion,504,168.1714,1,-0.0000,-21.2139,1
MeanReversion,505,167.6395,1,-0.0000,-21.2139,1
MeanReversion,506,167.2650,1,-0.0000,-21.2139,1
MeanReversion,507,166.8250,1,-0.0000,-21.2139,1
MeanReversion,508,166.1897,0,0.0761,-21.1378,1
MeanReversion,509,166.3163,0,-0.3508,-21.4886,1
MeanReversion,510,165.7329,0,0.1972,-21.2914,1
MeanReversion,511,166.0598,0,0.0325,-21.2588,1
MeanReversion,512,166.1138,0,-0.0600,-21.3188,1
MeanReversion,513,166.0141,0,-0.3792,-21.6981,1
MeanReversion,514,165.3845,0,-0.2016,-21.8997,1
MeanReversion,515,165.0511,0,0.4538,-21.4459,1
MeanReversion,516,165.8000,0,0.3063,-21.1396,1
MeanReversion,517,166.3079,1,-0.0000,-21.1396,1
MeanReversion,518,165.6077,0,0.1185,-21.0211,1
MeanReversion,519,165.8039,1,0.0000,-21.0211,1
MeanReversion,520,166.5120,1,-0.0000,-21.0211,1
MeanReversion,521,165.2481,0,0.3446,-20.6765,1
MeanReversion,522,165.8175,1,-0.0000,-20.6765,1
MeanReversion,523,165.3937,0,0.3531,-20.3234,1
MeanReversion,524,165.9777,1,-0.0000,-20.3234,1
MeanReversion,525,165.4654,1,-0.0000,-20.3234,1
MeanReversion,526,164.1454,0,-0.6775,-21.0009,1
MeanReversion,527,163.0333,0,0.1742,-20.8267,1
MeanReversion,528,163.3173,0,0.2689,-20.5579,1
MeanReversion,529,163.7564,0,-0.3139,-20.8718,1
MeanReversion,530,163.2423,0,0.4570,-20.4148,1
MeanReversion,531,163.9882,0,-0.6900,-21.1048,1
MeanReversion,532,162.8568,0,0.1237,-20.9811,1
MeanReversion,533,163.0582,0,-0.4443,-21.4254,1
MeanReversion,534,162.3337,0,-0.1484,-21.5739,1
MeanReversion,535,162.0927,0,0.2039,-21.3700,1
MeanReversion,536,162.4232,0,-0.2538,-21.6238,1
MeanReversion,537,162.0109,0,-0.0068,-21.6306,1
MeanReversion,538,161.9999,0,0.6804,-20.9503,1
MeanReversion,539,163.1021,1,-0.0000,-20.9503,1
MeanReversion,540,162.8827,1,0.0000,-20.9503,1
MeanReversion,541,163.8043,1,-0.0000,-20.9503,1
MeanReversion,542,163.1075,1,0.0000,-20.9503,1
MeanReversion,543,163.7731,1,0.0000,-20.9503,1
MeanReversion,544,165.1349,2,1.1124,-19.8379,1
MeanReversion,545,163.2980,1,-0.0000,-19.8379,1
MeanReversion,546,162.8928,1,0.0000,-19.8379,1
MeanReversion,547,163.6070,1,0.0000,-19.8379,1
MeanReversion,548,163.6614,1,0.0000,-19.8379,1
MeanReversion,549,164.1724,2,0.1795,-19.6584,1
MeanReversion,550,163.8778,1,0.0000,-19.6584,1
MeanReversion,551,164.1503,2,-0.0397,-19.6981,1
MeanReversion,552,164.2155,2,-0.6824,-20.3805,1
MeanReversion,553,165.3361,2,-0.2020,-20.5825,1
MeanReversion,554,165.6700,2,-0.2316,-20.8141,1
MeanReversion,555,166.0538,2,0.1415,-20.6726,1
MeanReversion,556,165.8188,2,0.1712,-20.5014,1
MeanReversion,557,165.5349,2,0.1363,-20.3651,1
MeanReversion,558,165.3093,2,-0.2706,-20.6357,1
MeanReversion,559,165.7566,2,0.1372,-20.4985,1
MeanReversion,560,165.5291,2,-0.2130,-20.7115,1
MeanReversion,561,165.8817,2,-1.0631,-21.7745,1
MeanReversion,562,167.6451,2,-0.4246,-22.1991,1
MeanReversion,563,168.3569,2,0.1672,-22.0319,1
MeanReversion,564,168.0754,2,-0.5678,-22.5998,1
MeanReversion,565,169.0298,2,0.2253,-22.3745,1
MeanReversion,566,168.6490,2,0.9877,-21.3868,1
MeanReversion,567,166.9833,1,-0.0000,-21.3868,1
MeanReversion,568,166.2248,1,-0.0000,-21.3868,1
MeanReversion,569,164.8141,1,-0.0000,-21.3868,1
MeanReversion,570,164.6894,1,0.0000,-21.3868,1
MeanReversion,571,164.8668,1,0.0000,-21.3868,1
MeanReversion,572,166.3618,1,0.0000,-21.3868,1
MeanReversion,573,166.7025,1,-0.0000,-21.3868,1
MeanReversion,574,166.5892,1,0.0000,-21.3868,1
MeanReversion,575,167.3205,1,-0.0000,-21.3868,1
MeanReversion,576,165.5827,1,0.0000,-21.3868,1
MeanReversion,577,165.8893,1,0.0000,-21.3868,1
MeanReversion,578,166.6087,1,-0.0000,-21.3868,1
MeanReversion,579,165.4925,1,0.0000,-21.3868,1
MeanReversion,580,166.5301,1,0.0000,-21.3868,1
MeanReversion,581,166.8716,1,-0.0000,-21.3868,1
MeanReversion,582,166.5929,1,0.0000,-21.3868,1
MeanReversion,583,167.1667,1,0.0000,-21.3868,1
MeanReversion,584,169.0221,2,-0.0542,-21.4410,1
MeanReversion,585,169.1137,2,-0.0828,-21.5238,1
MeanReversion,586,169.2537,2,0.2558,-21.2680,1
MeanReversion,587,168.8208,2,0.4287,-20.8393,1
MeanReversion,588,168.0970,1,0.0000,-20.8393,1
MeanReversion,589,168.7536,2,0.4298,-20.4094,1
MeanReversion,590,168.0283,1,0.0000,-20.4094,1
MeanReversion,591,168.0813,1,-0.0000,-20.4094,1
MeanReversion,592,167.6923,1,0.0000,-20.4094,1
MeanReversion,593,168.0880,1,0.0000,-20.4094,1
MeanReversion,594,168.3477,1,0.0000,-20.4094,1
MeanReversion,595,169.1575,2,0.2771,-20.1323,1
MeanReversion,596,168.6888,1,-0.0000,-20.1323,1
MeanReversion,597,168.4357,1,-0.0000,-20.1323,1
MeanReversion,598,167.6281,1,-0.0000,-20.1323,1
MeanReversion,599,167.2884,1,0.0000,-20.1323,1
MeanReversion,600,167.6230,1,0.0000,-20.1323,1
MeanReversion,601,168.2446,1,-0.0000,-20.1323,1
MeanReversion,602,167.4918,1,0.0000,-20.1323,1
MeanReversion,603,168.2101,1,0.0000,-20.1323,1
MeanReversion,604,169.2813,2,-0.1559,-20.2882,1
MeanReversion,605,169.5452,2,-0.8383,-21.1266,1
MeanReversion,606,170.9665,2,0.4505,-20.6761,1
MeanReversion,607,170.1963,2,0.6512,-20.0248,1
MeanReversion,608,169.0880,1,-0.0000,-20.0248,1
MeanReversion,609,167.6078,1,0.0000,-20.0248,1
MeanReversion,610,168.8214,1,0.0000,-20.0248,1
MeanReversion,611,169.3010,1,-0.0000,-20.0248,1
MeanReversion,612,169.1887,1,0.0000,-20.0248,1
MeanReversion,613,169.3504,1,-0.0000,-20.0248,1
MeanReversion,614,168.3797,1,0.0000,-20.0248,1
MeanReversion,615,170.3145,2,0.0089,-20.0159,1
MeanReversion,616,170.2993,2,0.0178,-19.9982,1
MeanReversion,617,170.2690,2,-0.2727,-20.2709,1
MeanReversion,618,170.7334,2,-0.1437,-20.4146,1
MeanReversion,619,170.9787,2,-0.0160,-20.4306,1
MeanReversion,620,171.0060,2,0.4593,-19.9712,1
MeanReversion,621,170.2205,1,0.0000,-19.9712,1
MeanReversion,622,170.4839,1,0.0000,-19.9712,1
MeanReversion,623,171.8625,2,-0.5123,-20.4835,1
MeanReversion,624,172.7429,2,-0.5989,-21.0824,1
MeanReversion,625,173.7775,2,0.4032,-20.6792,1
MeanReversion,626,173.0768,2,0.6057,-20.0735,1
MeanReversion,627,172.0285,2,0.1772,-19.8963,1
MeanReversion,628,171.7236,1,-0.0000,-19.8963,1
MeanReversion,629,171.5792,1,0.0000,-19.8963,1
MeanReversion,630,172.2727,1,-0.0000,-19.8963,1
MeanReversion,631,170.7023,1,0.0000,-19.8963,1
MeanReversion,632,171.7880,1,-0.0000,-19.8963,1
MeanReversion,633,171.4694,1,-0.0000,-19.8963,1
MeanReversion,634,170.9516,1,-0.0000,-19.8963,1
MeanReversion,635,169.9915,0,-0.8390,-20.7353,1
MeanReversion,636,168.5652,0,0.3722,-20.3631,1
MeanReversion,637,169.1927,0,-0.0022,-20.3653,1
MeanReversion,638,169.1889,0,-0.6468,-21.0121,1
MeanReversion,639,168.0947,0,-0.6208,-21.6329,1
MeanReversion,640,167.0510,0,-0.1341,-21.7670,1
MeanReversion,641,166.8270,0,0.8338,-20.9332,1
MeanReversion,642,168.2181,0,-0.1316,-21.0648,1
MeanReversion,643,167.9967,0,-0.7174,-21.7822,1
MeanReversion,644,166.7915,0,-0.0833,-21.8655,1
MeanReversion,645,166.6525,0,-0.0922,-21.9577,1
MeanReversion,646,166.4989,0,-1.2524,-23.2101,1
MeanReversion,647,164.4136,0,0.0809,-23.1292,1
MeanReversion,648,164.5467,0,-0.0091,-23.1382,1
MeanReversion,649,164.5318,0,0.4422,-22.6960,1
MeanReversion,650,165.2593,0,0.9763,-21.7198,1
MeanReversion,651,166.8727,1,0.0000,-21.7198,1
MeanReversion,652,167.8275,1,-0.0000,-21.7198,1
MeanReversion,653,167.6182,1,-0.0000,-21.7198,1
MeanReversion,654,166.7493,1,0.0000,-21.7198,1
MeanReversion,655,168.8677,2,-0.0007,-21.7205,1
MeanReversion,656,168.8688,2,0.0208,-21.6997,1
MeanReversion,657,168.8337,2,0.0378,-21.6619,1
MeanReversion,658,168.7699,2,-0.0694,-21.7313,1
MeanReversion,659,168.8871,2,0.0963,-21.6350,1
MeanReversion,660,168.7244,2,0.2951,-21.3398,1
MeanReversion,661,168.2264,1,-0.0000,-21.3398,1
MeanReversion,662,167.7748,1,-0.0000,-21.3398,1
MeanReversion,663,167.7570,1,-0.0000,-21.3398,1
MeanReversion,664,167.3316,1,-0.0000,-21.3398,1
MeanReversion,665,166.7920,1,0.0000,-21.3398,1
MeanReversion,666,166.9347,1,-0.0000,-21.3398,1
MeanReversion,667,166.7811,1,0.0000,-21.3398,1
MeanReversion,668,168.0425,1,-0.0000,-21.3398,1
MeanReversion,669,165.9167,0,0.5874,-20.7525,1
MeanReversion,670,166.8913,1,0.0000,-20.7525,1
MeanReversion,671,167.9408,1,-0.0000,-20.7525,1
MeanReversion,672,166.2822,0,-0.1149,-20.8674,1
MeanReversion,673,166.0911,0,-0.1231,-20.9905,1
MeanReversion,674,165.8866,0,-0.6168,-21.6073,1
MeanReversion,675,164.8634,0,-0.2840,-21.8913,1
MeanReversion,676,164.3952,0,-0.4325,-22.3238,1
MeanReversion,677,163.6842,0,0.9865,-21.3373,1
MeanReversion,678,165.2989,0,0.5328,-20.8045,1
MeanReversion,679,166.1797,1,0.0000,-20.8045,1
MeanReversion,680,167.2852,1,0.0000,-20.8045,1
MeanReversion,681,167.8954,2,0.5365,-20.2679,1
MeanReversion,682,166.9946,1,-0.0000,-20.2679,1
MeanReversion,683,166.6224,1,0.0000,-20.2679,1
MeanReversion,684,167.0800,1,-0.0000,-20.2679,1
MeanReversion,685,166.1455,1,0.0000,-20.2679,1
MeanReversion,686,166.8058,1,-0.0000,-20.2679,1
MeanReversion,687,166.6704,1,-0.0000,-20.2679,1
MeanReversion,688,166.4342,1,0.0000,-20.2679,1
MeanReversion,689,167.0784,1,0.0000,-20.2679,1
MeanReversion,690,167.4771,2,0.1585,-20.1094,1
MeanReversion,691,167.2117,1,0.0000,-20.1094,1
MeanReversion,692,168.1757,2,0.5212,-19.5883,1
MeanReversion,693,167.2993,1,0.0000,-19.5883,1
MeanReversion,694,167.8242,2,-0.2863,-19.8746,1
MeanReversion,695,168.3047,2,0.1579,-19.7167,1
MeanReversion,696,168.0390,2,-0.1524,-19.8691,1
MeanReversion,697,168.2951,2,0.6052,-19.2640,1
MeanReversion,698,167.2767,1,0.0000,-19.2640,1
MeanReversion,699,168.0492,2,0.0912,-19.1728,1
MeanReversion,700,167.8960,1,-0.0000,-19.1728,1
MeanReversion,701,165.9941,0,1.6948,-17.4780,2
MeanReversion,702,168.8074,2,1.4494,-16.0285,2
MeanReversion,703,166.3607,0,-2.7405,-18.7690,2
MeanReversion,704,161.8015,0,-3.0924,-21.8615,2
MeanReversion,705,156.7979,0,0.9466,-20.9148,2
MeanReversion,706,158.2822,0,-2.6377,-23.5526,2
MeanReversion,707,154.1072,0,3.1995,-20.3531,2
MeanReversion,708,159.0378,0,-4.1371,-24.4901,2
MeanReversion,709,152.4583,0,3.1193,-21.3708,2
MeanReversion,710,157.2140,0,0.1904,-21.1804,2
MeanReversion,711,157.5133,0,-0.3961,-21.5765,2
MeanReversion,712,156.8894,0,-1.2547,-22.8312,2
MeanReversion,713,154.9209,0,0.5575,-22.2737,2
MeanReversion,714,155.7846,0,-0.2867,-22.5604,2
MeanReversion,715,155.3380,0,1.9159,-20.6445,2
MeanReversion,716,158.3141,1,0.0000,-20.6445,2
MeanReversion,717,158.3231,1,0.0000,-20.6445,2
MeanReversion,718,158.4403,1,-0.0000,-20.6445,2
MeanReversion,719,157.0157,1,-0.0000,-20.6445,2
MeanReversion,720,156.5111,1,0.0000,-20.6445,2
MeanReversion,721,157.1008,1,-0.0000,-20.6445,2
MeanReversion,722,151.6365,0,-2.8874,-23.5319,2
MeanReversion,723,147.2583,0,1.2876,-22.2443,2
MeanReversion,724,149.1543,0,0.1199,-22.1244,2
MeanReversion,725,149.3332,0,-0.5931,-22.7175,2
MeanReversion,726,148.4475,0,-0.1876,-22.9050,2
MeanReversion,727,148.1691,0,0.4785,-22.4265,2
MeanReversion,728,148.8781,0,-1.3118,-23.7383,2
MeanReversion,729,146.9251,0,-1.8163,-25.5547,2
MeanReversion,730,144.2564,0,0.1759,-25.3787,2
MeanReversion,731,144.5102,0,-2.2620,-27.6407,2
MeanReversion,732,141.2414,0,0.6309,-27.0099,2
MeanReversion,733,142.1324,0,-3.8285,-30.8383,2
MeanReversion,734,136.6909,0,2.0146,-28.8238,2
MeanReversion,735,139.4447,0,0.7774,-28.0464,2
MeanReversion,736,140.5287,0,0.3091,-27.7373,2
MeanReversion,737,140.9631,0,1.8546,-25.8826,2
MeanReversion,738,143.5774,1,0.0000,-25.8826,2
MeanReversion,739,148.2401,1,0.0000,-25.8826,2
MeanReversion,740,150.9495,1,-0.0000,-25.8826,2
MeanReversion,741,145.0931,1,-0.0000,-25.8826,2
MeanReversion,742,140.9207,0,-1.5670,-27.4496,2
MeanReversion,743,138.7125,0,-0.1842,-27.6338,2
MeanReversion,744,138.4570,0,0.8806,-26.7532,2
MeanReversion,745,139.6763,1,-0.0000,-26.7532,2
MeanReversion,746,137.1653,0,0.1652,-26.5880,2
MeanReversion,747,137.3919,0,-1.8923,-28.4803,2
MeanReversion,748,134.7920,0,-1.6086,-30.0889,2
MeanReversion,749,132.6237,0,-3.4336,-33.5225,2
MeanReversion,750,128.0700,0,-2.4232,-35.9457,2
MeanReversion,751,124.9665,0,-3.5120,-39.4577,2
MeanReversion,752,120.5778,0,-2.7048,-42.1625,2
MeanReversion,753,117.3164,0,2.4099,-39.7526,2
MeanReversion,754,120.1436,0,-2.6484,-42.4010,2
MeanReversion,755,116.9617,0,6.4666,-35.9344,2
MeanReversion,756,124.5251,1,0.0000,-35.9344,2
MeanReversion,757,125.6713,1,0.0000,-35.9344,2
MeanReversion,758,125.8921,1,-0.0000,-35.9344,2
MeanReversion,759,122.9833,1,0.0000,-35.9344,2
MeanReversion,760,124.7505,1,-0.0000,-35.9344,2
MeanReversion,761,122.6898,1,0.0000,-35.9344,2
MeanReversion,762,122.7221,1,0.0000,-35.9344,2
MeanReversion,763,130.0686,1,-0.0000,-35.9344,2
MeanReversion,764,129.4467,1,0.0000,-35.9344,2
MeanReversion,765,132.5608,1,-0.0000,-35.9344,2
MeanReversion,766,130.1175,1,-0.0000,-35.9344,2
MeanReversion,767,129.6789,1,0.0000,-35.9344,2
MeanReversion,768,134.6575,2,1.6446,-34.2898,2
MeanReversion,769,132.4429,2,-3.8534,-38.1432,2
MeanReversion,770,137.5465,2,-1.3010,-39.4443,2
MeanReversion,771,139.3360,2,1.4505,-37.9937,2
MeanReversion,772,137.3149,2,-1.1386,-39.1324,2
MeanReversion,773,138.8784,2,-1.8606,-40.9929,2
MeanReversion,774,141.4623,2,-1.0828,-42.0757,2
MeanReversion,775,142.9940,2,3.5277,-38.5480,2
MeanReversion,776,137.9496,1,-0.0000,-38.5480,2
MeanReversion,777,135.4345,1,-0.0000,-38.5480,2
MeanReversion,778,134.3582,1,-0.0000,-38.5480,2
MeanReversion,779,133.8011,1,0.0000,-38.5480,2
MeanReversion,780,135.3294,1,0.0000,-38.5480,2
MeanReversion,781,135.5288,1,-0.0000,-38.5480,2
MeanReversion,782,131.1890,1,0.0000,-38.5480,2
MeanReversion,783,131.9959,1,0.0000,-38.5480,2
MeanReversion,784,133.4939,1,0.0000,-38.5480,2
MeanReversion,785,134.8395,1,0.0000,-38.5480,2
MeanReversion,786,137.7482,1,0.0000,-38.5480,2
MeanReversion,787,139.9162,2,-0.7460,-39.2940,2
MeanReversion,788,140.9600,2,0.3861,-38.9079,2
MeanReversion,789,140.4158,2,3.7863,-35.1216,2
MeanReversion,790,135.0992,1,0.0000,-35.1216,2
MeanReversion,791,136.0543,1,0.0000,-35.1216,2
MeanReversion,792,136.3436,1,0.0000,-35.1216,2
MeanReversion,793,136.8246,1,-0.0000,-35.1216,2
MeanReversion,794,132.6606,0,-2.6963,-37.8179,2
MeanReversion,795,129.0837,0,2.1891,-35.6288,2
MeanReversion,796,131.9095,0,-0.3430,-35.9718,2
MeanReversion,797,131.4571,0,1.3014,-34.6704,2
MeanReversion,798,133.1678,1,-0.0000,-34.6704,2
MeanReversion,799,132.9190,1,-0.0000,-34.6704,2
MeanReversion,800,132.6746,1,0.0000,-34.6704,2
MeanReversion,801,135.1557,1,-0.0000,-34.6704,2
MeanReversion,802,133.2738,1,-0.0000,-34.6704,2
MeanReversion,803,133.2285,1,-0.0000,-34.6704,2
MeanReversion,804,131.5079,0,-1.2450,-35.9153,2
MeanReversion,805,129.8707,0,-0.9712,-36.8865,2
MeanReversion,806,128.6094,0,0.2587,-36.6278,2
MeanReversion,807,128.9421,0,-1.3727,-38.0005,2
MeanReversion,808,127.1721,0,2.6999,-35.3006,2
MeanReversion,809,130.6057,1,-0.0000,-35.3006,2
MeanReversion,810,127.5881,0,-0.7010,-36.0016,2
MeanReversion,811,126.6938,0,-1.3047,-37.3062,2
MeanReversion,812,125.0408,0,3.2047,-34.1015,2
MeanReversion,813,129.0480,1,0.0000,-34.1015,2
MeanReversion,814,129.3040,1,0.0000,-34.1015,2
MeanReversion,815,132.0658,1,-0.0000,-34.1015,2
MeanReversion,816,127.2754,0,0.3672,-33.7343,2
MeanReversion,817,127.7428,1,0.0000,-33.7343,2
MeanReversion,818,130.0779,1,-0.0000,-33.7343,2
MeanReversion,819,129.9910,1,0.0000,-33.7343,2
MeanReversion,820,132.8538,2,1.4193,-32.3150,2
MeanReversion,821,130.9682,1,0.0000,-32.3150,2
MeanReversion,822,134.8625,2,-4.8664,-37.1814,2
MeanReversion,823,141.4254,2,1.0057,-36.1757,2
MeanReversion,824,140.0032,2,1.1930,-34.9827,2
MeanReversion,825,138.3329,2,-2.9107,-37.8934,2
MeanReversion,826,142.3594,2,-3.0943,-40.9877,2
MeanReversion,827,146.7643,2,1.2962,-39.6915,2
MeanReversion,828,144.8620,2,1.1006,-38.5909,2
MeanReversion,829,143.2677,2,0.8230,-37.7679,2
MeanReversion,830,142.0887,2,3.0735,-34.6944,2
MeanReversion,831,137.7216,1,-0.0000,-34.6944,2
MeanReversion,832,134.6319,1,-0.0000,-34.6944,2
MeanReversion,833,131.2857,1,-0.0000,-34.6944,2
MeanReversion,834,128.6486,0,-0.3403,-35.0347,2
MeanReversion,835,128.2108,0,0.2877,-34.7470,2
MeanReversion,836,128.5797,0,3.3580,-31.3890,2
MeanReversion,837,132.8975,1,-0.0000,-31.3890,2
MeanReversion,838,129.5687,0,2.0215,-29.3674,2
MeanReversion,839,132.1879,1,-0.0000,-29.3674,2
MeanReversion,840,131.2122,1,-0.0000,-29.3674,2
MeanReversion,841,130.7301,1,0.0000,-29.3674,2
MeanReversion,842,132.4208,1,-0.0000,-29.3674,2
MeanReversion,843,128.7189,0,0.6320,-28.7355,2
MeanReversion,844,129.5324,1,0.0000,-28.7355,2
MeanReversion,845,129.6981,1,0.0000,-28.7355,2
MeanReversion,846,130.8417,1,0.0000,-28.7355,2
MeanReversion,847,131.3754,1,0.0000,-28.7355,2
MeanReversion,848,138.4076,2,1.6234,-27.1120,2
MeanReversion,849,136.1607,1,-0.0000,-27.1120,2
MeanReversion,850,134.2339,1,-0.0000,-27.1120,2
MeanReversion,851,132.0308,1,-0.0000,-27.1120,2
MeanReversion,852,130.0306,1,-0.0000,-27.1120,2
MeanReversion,853,127.7847,0,2.5303,-24.5817,2
MeanReversion,854,131.0180,1,0.0000,-24.5817,2
MeanReversion,855,134.9458,2,1.5161,-23.0656,2
MeanReversion,856,132.8999,1,-0.0000,-23.0656,2
MeanReversion,857,130.0691,1,0.0000,-23.0656,2
MeanReversion,858,131.1496,1,-0.0000,-23.0656,2
MeanReversion,859,129.1592,1,0.0000,-23.0656,2
MeanReversion,860,130.7242,1,0.0000,-23.0656,2
MeanReversion,861,130.9993,1,-0.0000,-23.0656,2
MeanReversion,862,126.1183,0,3.4165,-19.6491,2
MeanReversion,863,130.4271,1,0.0000,-19.6491,2
MeanReversion,864,135.4810,2,1.6032,-18.0459,2
MeanReversion,865,133.3089,1,-0.0000,-18.0459,2
MeanReversion,866,131.8120,1,0.0000,-18.0459,2
MeanReversion,867,132.3359,1,0.0000,-18.0459,2
MeanReversion,868,133.0055,1,0.0000,-18.0459,2
MeanReversion,869,134.6474,2,-4.2310,-22.2768,2
MeanReversion,870,140.3443,2,0.6160,-21.6608,2
MeanReversion,871,139.4798,2,1.9563,-19.7045,2
MeanReversion,872,136.7511,2,3.2699,-16.4346,2
MeanReversion,873,132.2794,1,-0.0000,-16.4346,2
MeanReversion,874,129.7529,1,-0.0000,-16.4346,2
MeanReversion,875,129.3198,1,0.0000,-16.4346,2
MeanReversion,876,134.3697,1,-0.0000,-16.4346,2
MeanReversion,877,132.4832,1,0.0000,-16.4346,2
MeanReversion,878,132.8208,1,-0.0000,-16.4346,2
MeanReversion,879,132.4378,1,0.0000,-16.4346,2
MeanReversion,880,135.6693,1,0.0000,-16.4346,2
MeanReversion,881,142.9163,2,1.3479,-15.0867,2
MeanReversion,882,140.9900,2,1.2781,-13.8086,2
MeanReversion,883,139.1879,2,-2.0108,-15.8193,2
MeanReversion,884,141.9867,2,-1.2057,-17.0250,2
MeanReversion,885,143.6986,2,-3.6231,-20.6482,2
MeanReversion,886,148.9050,2,-0.9523,-21.6005,2
MeanReversion,887,150.3231,2,0.9391,-20.6614,2
MeanReversion,888,148.9115,2,-0.9658,-21.6273,2
MeanReversion,889,150.3497,2,-1.9903,-23.6175,2
MeanReversion,890,153.3421,2,-1.3876,-25.0051,2
MeanReversion,891,155.4698,2,-0.7642,-25.7693,2
MeanReversion,892,156.6579,2,-1.8297,-27.5989,2
MeanReversion,893,159.5242,2,-1.9898,-29.5887,2
MeanReversion,894,162.6983,2,-2.3434,-31.9321,2
MeanReversion,895,166.5111,2,-0.9683,-32.9005,2
MeanReversion,896,168.1235,2,0.4967,-32.4038,2
MeanReversion,897,167.2884,2,-0.0636,-32.4674,2
MeanReversion,898,167.3948,2,-1.9629,-34.4303,2
MeanReversion,899,170.6806,2,1.6314,-32.7989,2
VolatilityScaled,0,100.0000,1,0.0000,0.0000,0
VolatilityScaled,1,100.7999,1,0.0000,0.0000,0
VolatilityScaled,2,100.9631,1,0.0000,0.0000,0
VolatilityScaled,3,101.9244,1,0.0000,0.0000,0
VolatilityScaled,4,103.7996,1,0.0000,0.0000,0
VolatilityScaled,5,103.8679,1,0.0000,0.0000,0
VolatilityScaled,6,103.9364,1,0.0000,0.0000,0
VolatilityScaled,7,105.9080,1,0.0000,0.0000,0
VolatilityScaled,8,107.0446,1,-0.0000,0.0000,0
VolatilityScaled,9,106.8633,1,0.0000,0.0000,0
VolatilityScaled,10,107.7675,1,-0.0000,0.0000,0
VolatilityScaled,11,107.5916,1,-0.0000,0.0000,0
VolatilityScaled,12,107.4134,1,0.0000,0.0000,0
VolatilityScaled,13,107.9971,1,-0.0000,0.0000,0
VolatilityScaled,14,106.2688,1,-0.0000,0.0000,0
VolatilityScaled,15,104.7653,1,-0.0000,0.0000,0
VolatilityScaled,16,104.4909,1,-0.0000,0.0000,0
VolatilityScaled,17,103.7487,1,0.0000,0.0000,0
VolatilityScaled,18,104.3879,1,-0.0000,0.0000,0
VolatilityScaled,19,103.7551,1,-0.0000,0.0000,0
VolatilityScaled,20,102.6074,0,1.7813,1.7813,0
VolatilityScaled,21,104.4352,0,0.0743,1.8556,0
VolatilityScaled,22,104.5128,0,0.3682,2.2238,0
VolatilityScaled,23,104.8976,0,-1.1184,1.1053,0
VolatilityScaled,24,103.7244,1,-0.0000,1.1053,0
VolatilityScaled,25,103.4712,1,0.0000,1.1053,0
VolatilityScaled,26,103.8972,1,-0.0000,1.1053,0
VolatilityScaled,27,103.0168,2,-0.6780,0.4274,0
VolatilityScaled,28,103.7153,2,0.3002,0.7275,0
VolatilityScaled,29,103.4039,2,-0.0083,0.7192,0
VolatilityScaled,30,103.4125,2,0.3013,1.0205,0
VolatilityScaled,31,103.1010,2,-2.1756,-1.1551,0
VolatilityScaled,32,105.3441,2,-0.2869,-1.4420,0
VolatilityScaled,33,105.6463,2,0.7548,-0.6872,0
VolatilityScaled,34,104.8488,2,-1.1289,-1.8161,0
VolatilityScaled,35,106.0325,0,-0.9166,-2.7327,0
VolatilityScaled,36,105.0605,1,0.0000,-2.7327,0
VolatilityScaled,37,105.5965,0,-1.6460,-4.3786,0
VolatilityScaled,38,103.8584,1,-0.0000,-4.3786,0
VolatilityScaled,39,102.7960,1,0.0000,-4.3786,0
VolatilityScaled,40,103.3081,1,0.0000,-4.3786,0
VolatilityScaled,41,104.3865,1,0.0000,-4.3786,0
VolatilityScaled,42,104.8797,1,0.0000,-4.3786,0
VolatilityScaled,43,105.0732,1,-0.0000,-4.3786,0
VolatilityScaled,44,105.0720,0,-1.1716,-5.5503,0
VolatilityScaled,45,103.8410,1,-0.0000,-5.5503,0
VolatilityScaled,46,103.4060,1,-0.0000,-5.5503,0
VolatilityScaled,47,103.2400,1,0.0000,-5.5503,0
VolatilityScaled,48,104.6506,1,0.0000,-5.5503,0
VolatilityScaled,49,105.3264,0,-1.4524,-7.0026,0
VolatilityScaled,50,103.7966,1,0.0000,-7.0026,0
VolatilityScaled,51,104.4464,0,-0.0850,-7.0877,0
VolatilityScaled,52,104.3576,1,-0.0000,-7.0877,0
VolatilityScaled,53,103.9650,2,-0.9158,-8.0035,0
VolatilityScaled,54,104.9171,1,0.0000,-8.0035,0
VolatilityScaled,55,106.3229,1,0.0000,-8.0035,0
VolatilityScaled,56,107.6401,0,-0.5378,-8.5413,0
VolatilityScaled,57,107.0613,0,-0.0092,-8.5505,0
VolatilityScaled,58,107.0514,0,0.6333,-7.9173,0
VolatilityScaled,59,107.7293,0,1.2837,-6.6335,0
VolatilityScaled,60,109.1123,0,-0.1790,-6.8126,0
VolatilityScaled,61,108.9169,0,0.1144,-6.6981,0
VolatilityScaled,62,109.0416,0,-0.8031,-7.5012,0
VolatilityScaled,63,108.1658,0,-0.8922,-8.3934,0
VolatilityScaled,64,107.2008,0,1.1187,-7.2747,0
VolatilityScaled,65,108.4001,0,1.6700,-5.6047,0
VolatilityScaled,66,110.2104,0,0.2282,-5.3764,0
VolatilityScaled,67,110.4620,0,1.3121,-4.0644,0
VolatilityScaled,68,111.9113,0,0.6638,-3.4005,0
VolatilityScaled,69,112.6542,0,-0.3445,-3.7450,0
VolatilityScaled,70,112.2661,0,0.6636,-3.0815,0
VolatilityScaled,71,113.0111,0,1.8550,-1.2264,0
VolatilityScaled,72,115.1074,0,0.2645,-0.9619,0
VolatilityScaled,73,115.4119,0,1.8821,0.9202,0
VolatilityScaled,74,117.5841,0,-2.2930,-1.3728,0
VolatilityScaled,75,114.8879,0,1.1282,-0.2446,0
VolatilityScaled,76,116.1841,0,0.3878,0.1432,0
VolatilityScaled,77,116.6346,0,0.0010,0.1442,0
VolatilityScaled,78,116.6358,0,0.3925,0.5367,0
VolatilityScaled,79,117.0936,0,-1.6734,-1.1367,0
VolatilityScaled,80,115.1342,0,0.0804,-1.0563,0
VolatilityScaled,81,115.2267,0,0.6593,-0.3970,0
VolatilityScaled,82,115.9863,0,1.7938,1.3967,0
VolatilityScaled,83,118.0669,0,-0.2180,1.1787,0
VolatilityScaled,84,117.8095,0,-0.5072,0.6715,0
VolatilityScaled,85,117.2119,0,-0.2016,0.4700,0
VolatilityScaled,86,116.9757,0,1.2228,1.6928,0
VolatilityScaled,87,118.4061,0,0.6307,2.3235,0
VolatilityScaled,88,119.1529,0,-0.2295,2.0940,0
VolatilityScaled,89,118.8795,0,0.8166,2.9106,0
VolatilityScaled,90,119.8502,0,0.3979,3.3085,0
VolatilityScaled,91,120.3271,0,1.2767,4.5852,0
VolatilityScaled,92,121.8633,0,-0.4012,4.1839,0
VolatilityScaled,93,121.3743,0,-0.0277,4.1563,0
VolatilityScaled,94,121.3408,0,-0.0921,4.0642,0
VolatilityScaled,95,121.2291,0,-1.1568,2.9074,0
VolatilityScaled,96,119.8267,0,0.5979,3.5053,0
VolatilityScaled,97,120.5432,0,0.5626,4.0680,0
VolatilityScaled,98,121.2214,0,0.3056,4.3736,0
VolatilityScaled,99,121.5918,0,0.0654,4.4390,0
VolatilityScaled,100,121.6714,0,-1.1092,3.3298,0
VolatilityScaled,101,120.3218,0,-0.1206,3.2092,0
VolatilityScaled,102,120.1767,0,-0.0427,3.1665,0
VolatilityScaled,103,120.1254,0,-0.5010,2.6655,0
VolatilityScaled,104,119.5236,0,0.1388,2.8043,0
VolatilityScaled,105,119.6895,0,0.7065,3.5109,0
VolatilityScaled,106,120.5351,0,2.2103,5.7211,0
VolatilityScaled,107,123.1993,0,0.4757,6.1968,0
VolatilityScaled,108,123.7853,0,0.5591,6.7559,0
VolatilityScaled,109,124.4774,0,0.2258,6.9817,0
VolatilityScaled,110,124.7585,0,-1.6057,5.3760,0
VolatilityScaled,111,122.7552,0,0.2739,5.6499,0
VolatilityScaled,112,123.0914,0,0.3609,6.0107,0
VolatilityScaled,113,123.5356,0,2.8018,8.8125,0
VolatilityScaled,114,126.9968,0,0.1077,8.9202,0
VolatilityScaled,115,127.1336,0,0.6034,9.5236,0
VolatilityScaled,116,127.9006,0,0.2656,9.7892,0
VolatilityScaled,117,128.2404,0,-0.8649,8.9243,0
VolatilityScaled,118,127.1312,0,1.4533,10.3776,0
VolatilityScaled,119,128.9788,0,1.0575,11.4351,0
VolatilityScaled,120,130.3427,0,1.0970,12.5321,0
VolatilityScaled,121,131.7726,0,-0.6075,11.9245,0
VolatilityScaled,122,130.9720,0,1.7174,13.6419,0
VolatilityScaled,123,133.2213,0,-1.0958,12.5461,0
VolatilityScaled,124,131.7615,0,0.8908,13.4369,0
VolatilityScaled,125,132.9352,0,2.5217,15.9586,0
VolatilityScaled,126,136.2875,1,-0.0000,15.9586,0
VolatilityScaled,127,135.3496,1,-0.0000,15.9586,0
VolatilityScaled,128,134.9896,1,0.0000,15.9586,0
VolatilityScaled,129,135.5302,1,-0.0000,15.9586,0
VolatilityScaled,130,135.2547,1,-0.0000,15.9586,0
VolatilityScaled,131,133.5737,0,0.3692,16.3279,0
VolatilityScaled,132,134.0669,0,-0.7594,15.5685,0
VolatilityScaled,133,133.0488,1,0.0000,15.5685,0
VolatilityScaled,134,134.0820,0,-0.6175,14.9510,0
VolatilityScaled,135,133.2540,0,1.8672,16.8181,0
VolatilityScaled,136,135.7421,0,-0.4821,16.3360,0
VolatilityScaled,137,135.0877,0,-0.0221,16.3140,0
VolatilityScaled,138,135.0579,0,1.1197,17.4337,0
VolatilityScaled,139,136.5702,0,-0.9265,16.5072,0
VolatilityScaled,140,135.3048,0,0.5289,17.0360,0
VolatilityScaled,141,136.0204,0,1.6201,18.6561,0
VolatilityScaled,142,138.2241,0,-1.2990,17.3572,0
VolatilityScaled,143,136.4286,0,0.4858,17.8430,0
VolatilityScaled,144,137.0914,0,0.5615,18.4044,0
VolatilityScaled,145,137.8611,0,1.0877,19.4921,0
VolatilityScaled,146,139.3606,0,-0.9326,18.5596,0
VolatilityScaled,147,138.0609,0,-1.0153,17.5443,0
VolatilityScaled,148,136.6593,0,0.8253,18.3696,0
VolatilityScaled,149,137.7871,0,0.5988,18.9684,0
VolatilityScaled,150,138.6122,0,0.5520,19.5204,0
VolatilityScaled,151,139.3773,0,0.6485,20.1689,0
VolatilityScaled,152,140.2812,0,-0.3793,19.7896,0
VolatilityScaled,153,139.7492,0,0.5337,20.3233,0
VolatilityScaled,154,140.4950,0,0.5948,20.9181,0
VolatilityScaled,155,141.3307,0,-0.4135,20.5047,0
VolatilityScaled,156,140.7463,0,2.1894,22.6940,0
VolatilityScaled,157,143.8278,0,0.7768,23.4709,0
VolatilityScaled,158,144.9451,0,-0.8873,22.5835,0
VolatilityScaled,159,143.6589,0,0.9611,23.5447,0
VolatilityScaled,160,145.0397,0,-0.6724,22.8723,0
VolatilityScaled,161,144.0644,0,1.0930,23.9653,0
VolatilityScaled,162,145.6391,0,1.4693,25.4346,0
VolatilityScaled,163,147.7789,0,-0.5193,24.9152,0
VolatilityScaled,164,147.0115,0,1.2714,26.1866,0
VolatilityScaled,165,148.8805,0,0.7153,26.9020,0
VolatilityScaled,166,149.9455,0,1.1284,28.0303,0
VolatilityScaled,167,151.6375,0,2.2211,30.2514,0
VolatilityScaled,168,155.0055,0,0.0546,30.3061,0
VolatilityScaled,169,155.0902,0,-0.4527,29.8534,0
VolatilityScaled,170,154.3881,0,-0.5878,29.2656,0
VolatilityScaled,171,153.4806,0,-0.5145,28.7511,0
VolatilityScaled,172,152.6910,0,0.2231,28.9742,0
VolatilityScaled,173,153.0317,0,0.6432,29.6175,0
VolatilityScaled,174,154.0160,0,0.5784,30.1958,0
VolatilityScaled,175,154.9068,0,1.1336,31.3294,0
VolatilityScaled,176,156.6627,0,0.3135,31.6429,0
VolatilityScaled,177,157.1539,0,1.7690,33.4119,0
VolatilityScaled,178,159.9339,0,0.0353,33.4472,0
VolatilityScaled,179,159.9905,0,3.0662,36.5135,0
VolatilityScaled,180,164.8961,0,0.9300,37.4434,0
VolatilityScaled,181,166.4296,0,-0.5556,36.8878,0
VolatilityScaled,182,165.5049,0,-0.7679,36.1199,0
VolatilityScaled,183,164.2340,0,0.7855,36.9054,0
VolatilityScaled,184,165.5241,0,0.0766,36.9820,0
VolatilityScaled,185,165.6508,0,1.0192,38.0011,0
VolatilityScaled,186,167.3391,0,0.7762,38.7774,0
VolatilityScaled,187,168.6380,0,0.2274,39.0048,0
VolatilityScaled,188,169.0216,0,-0.5453,38.4595,0
VolatilityScaled,189,168.0999,0,-1.2075,37.2520,0
VolatilityScaled,190,166.0701,0,-0.1464,37.1056,0
VolatilityScaled,191,165.8269,0,1.1631,38.2687,0
VolatilityScaled,192,167.7557,0,0.5154,38.7841,0
VolatilityScaled,193,168.6203,0,-0.9413,37.8429,0
VolatilityScaled,194,167.0331,0,0.4743,38.3172,0
VolatilityScaled,195,167.8254,0,0.6877,39.0048,0
VolatilityScaled,196,168.9795,0,-0.5822,38.4227,0
VolatilityScaled,197,167.9957,0,0.4548,38.8774,0
VolatilityScaled,198,168.7597,0,0.3589,39.2363,0
VolatilityScaled,199,169.3653,0,-0.8394,38.3968,0
VolatilityScaled,200,167.9436,0,0.1704,38.5673,0
VolatilityScaled,201,168.2298,0,0.2582,38.8254,1
VolatilityScaled,202,168.6642,0,0.4923,39.3178,1
VolatilityScaled,203,169.4946,0,0.4516,39.7694,1
VolatilityScaled,204,170.2601,0,-0.7154,39.0541,1
VolatilityScaled,205,169.0421,0,-0.4763,38.5778,1
VolatilityScaled,206,168.2369,1,0.0000,38.5778,1
VolatilityScaled,207,168.6343,1,0.0000,38.5778,1
VolatilityScaled,208,169.0108,1,0.0000,38.5778,1
VolatilityScaled,209,169.3695,1,0.0000,38.5778,1
VolatilityScaled,210,172.3803,0,0.1363,38.7140,1
VolatilityScaled,211,172.6152,0,0.3910,39.1050,1
VolatilityScaled,212,173.2901,0,0.2862,39.3911,1
VolatilityScaled,213,173.7860,0,0.1318,39.5229,1
VolatilityScaled,214,174.0150,0,-0.3194,39.2035,1
VolatilityScaled,215,173.4592,0,0.1911,39.3946,1
VolatilityScaled,216,173.7906,0,-0.5240,38.8706,1
VolatilityScaled,217,172.8800,0,-0.2524,38.6182,1
VolatilityScaled,218,172.4437,0,-0.3556,38.2626,1
VolatilityScaled,219,171.8304,0,-0.0750,38.1876,1
VolatilityScaled,220,171.7016,0,0.9690,39.1566,1
VolatilityScaled,221,173.3654,0,-1.0180,38.1386,1
VolatilityScaled,222,171.6005,0,0.2134,38.3520,1
VolatilityScaled,223,171.9667,0,-0.8672,37.4848,1
VolatilityScaled,224,170.4753,1,-0.0000,37.4848,1
VolatilityScaled,225,169.9712,1,0.0000,37.4848,1
VolatilityScaled,226,170.7410,0,-0.0518,37.4330,1
VolatilityScaled,227,170.6525,0,-0.5846,36.8484,1
VolatilityScaled,228,169.6549,1,-0.0000,36.8484,1
VolatilityScaled,229,168.9971,1,0.0000,36.8484,1
VolatilityScaled,230,169.4881,2,0.3903,37.2387,1
VolatilityScaled,231,168.8266,2,-0.0764,37.1622,1
VolatilityScaled,232,168.9556,2,0.0084,37.1706,1
VolatilityScaled,233,168.9414,2,0.3381,37.5087,1
VolatilityScaled,234,168.3703,2,-1.0060,36.5027,1
VolatilityScaled,235,170.0641,2,-0.2359,36.2668,1
VolatilityScaled,236,170.4652,2,1.0244,37.2912,1
VolatilityScaled,237,168.7190,2,-0.0654,37.2258,1
VolatilityScaled,238,168.8294,2,0.3398,37.5656,1
VolatilityScaled,239,168.2557,2,-0.3960,37.1696,1
VolatilityScaled,240,168.9220,2,0.4043,37.5739,1
VolatilityScaled,241,168.2391,2,0.0633,37.6372,1
VolatilityScaled,242,168.1325,2,-0.2347,37.4025,1
VolatilityScaled,243,168.5271,2,-0.3937,37.0089,1
VolatilityScaled,244,169.1905,1,-0.0000,37.0089,1
VolatilityScaled,245,168.1679,2,0.1658,37.1747,1
VolatilityScaled,246,167.8891,2,0.2247,37.3994,1
VolatilityScaled,247,167.5119,2,0.2991,37.6985,1
VolatilityScaled,248,167.0108,2,-0.8736,36.8249,1
VolatilityScaled,249,168.4698,1,0.0000,36.8249,1
VolatilityScaled,250,168.7675,1,-0.0000,36.8249,1
VolatilityScaled,251,167.7176,1,0.0000,36.8249,1
VolatilityScaled,252,168.4632,1,0.0000,36.8249,1
VolatilityScaled,253,170.1349,1,0.0000,36.8249,1
VolatilityScaled,254,170.8513,0,-0.7965,36.0284,1
VolatilityScaled,255,169.4904,1,-0.0000,36.0284,1
VolatilityScaled,256,169.0257,1,0.0000,36.0284,1
VolatilityScaled,257,169.9851,1,-0.0000,36.0284,1
VolatilityScaled,258,169.3169,1,0.0000,36.0284,1
VolatilityScaled,259,169.6033,1,0.0000,36.0284,1
VolatilityScaled,260,170.1400,1,-0.0000,36.0284,1
VolatilityScaled,261,169.2887,1,-0.0000,36.0284,1
VolatilityScaled,262,169.1738,1,-0.0000,36.0284,1
VolatilityScaled,263,166.5193,2,0.4494,36.4777,1
VolatilityScaled,264,165.7710,2,0.0564,36.5341,1
VolatilityScaled,265,165.6776,2,0.5341,37.0682,1
VolatilityScaled,266,164.7926,2,-0.8881,36.1801,1
VolatilityScaled,267,166.2561,1,-0.0000,36.1801,1
VolatilityScaled,268,165.1964,2,0.1300,36.3101,1
VolatilityScaled,269,164.9817,2,-0.1532,36.1569,1
VolatilityScaled,270,165.2344,2,-0.7798,35.3771,1
VolatilityScaled,271,166.5229,1,-0.0000,35.3771,1
VolatilityScaled,272,165.4452,2,-0.6379,34.7392,1
VolatilityScaled,273,166.5007,2,-0.0482,34.6910,1
VolatilityScaled,274,166.5810,2,0.4305,35.1214,1
VolatilityScaled,275,165.8639,2,-0.2856,34.8358,1
VolatilityScaled,276,166.3376,2,-0.1440,34.6918,1
VolatilityScaled,277,166.5771,2,0.2472,34.9391,1
VolatilityScaled,278,166.1653,2,-0.0871,34.8520,1
VolatilityScaled,279,166.3100,2,0.1362,34.9882,1
VolatilityScaled,280,166.0835,2,-0.1107,34.8775,1
VolatilityScaled,281,166.2673,2,-0.3690,34.5085,1
VolatilityScaled,282,166.8808,2,-0.7922,33.7164,1
VolatilityScaled,283,168.2028,0,-0.5964,33.1199,1
VolatilityScaled,284,167.1996,1,0.0000,33.1199,1
VolatilityScaled,285,168.9432,0,-0.9540,32.1660,1
VolatilityScaled,286,167.3315,0,-0.0543,32.1117,1
VolatilityScaled,287,167.2407,1,0.0000,32.1117,1
VolatilityScaled,288,167.7465,0,0.1399,32.2516,1
VolatilityScaled,289,167.9812,0,-0.2977,31.9539,1
VolatilityScaled,290,167.4811,0,-0.0856,31.8683,1
VolatilityScaled,291,167.3377,1,-0.0000,31.8683,1
VolatilityScaled,292,166.9736,1,-0.0000,31.8683,1
VolatilityScaled,293,166.5506,1,0.0000,31.8683,1
VolatilityScaled,294,167.3000,1,0.0000,31.8683,1
VolatilityScaled,295,167.6178,0,-0.3210,31.5473,1
VolatilityScaled,296,167.0797,1,0.0000,31.5473,1
VolatilityScaled,297,167.8426,1,0.0000,31.5473,1
VolatilityScaled,298,168.0935,0,0.3824,31.9297,1
VolatilityScaled,299,168.7363,0,0.2750,32.2047,1
VolatilityScaled,300,169.2004,0,-0.4291,31.7756,1
VolatilityScaled,301,168.4743,0,-0.2818,31.4939,1
VolatilityScaled,302,167.9996,1,0.0000,31.4939,1
VolatilityScaled,303,168.5947,1,0.0000,31.4939,1
VolatilityScaled,304,169.0504,0,-0.0426,31.4513,1
VolatilityScaled,305,168.9784,1,0.0000,31.4513,1
VolatilityScaled,306,169.0205,0,0.5729,32.0241,1
VolatilityScaled,307,169.9888,0,-0.3386,31.6856,1
VolatilityScaled,308,169.4133,1,0.0000,31.6856,1
VolatilityScaled,309,169.7775,0,-0.1493,31.5363,1
VolatilityScaled,310,169.5240,0,-0.1493,31.3870,1
VolatilityScaled,311,169.2708,0,0.4801,31.8671,1
VolatilityScaled,312,170.0835,0,0.3253,32.1924,1
VolatilityScaled,313,170.6368,0,0.3025,32.4949,1
VolatilityScaled,314,171.1530,0,0.5164,33.0113,1
VolatilityScaled,315,172.0369,0,-0.1092,32.9021,1
VolatilityScaled,316,171.8490,0,0.2038,33.1060,1
VolatilityScaled,317,172.1993,0,-0.2677,32.8382,1
VolatilityScaled,318,171.7383,0,0.0405,32.8788,1
VolatilityScaled,319,171.8079,0,-0.1731,32.7057,1
VolatilityScaled,320,171.5106,0,-0.0587,32.6470,1
VolatilityScaled,321,171.4098,0,0.1767,32.8236,1
VolatilityScaled,322,171.7127,0,-0.4910,32.3327,1
VolatilityScaled,323,170.8696,0,0.8940,33.2267,1
VolatilityScaled,324,172.3972,0,-0.5960,32.6307,1
VolatilityScaled,325,171.3697,0,-0.6668,31.9639,1
VolatilityScaled,326,170.2271,1,0.0000,31.9639,1
VolatilityScaled,327,171.0394,1,0.0000,31.9639,1
VolatilityScaled,328,171.5179,0,0.1869,32.1508,1
VolatilityScaled,329,171.8385,0,0.1792,32.3300,1
VolatilityScaled,330,172.1465,0,-0.1278,32.2023,1
VolatilityScaled,331,171.9265,0,-0.5333,31.6689,1
VolatilityScaled,332,171.0096,1,-0.0000,31.6689,1
VolatilityScaled,333,170.9169,1,-0.0000,31.6689,1
VolatilityScaled,334,170.2265,1,0.0000,31.6689,1
VolatilityScaled,335,170.8925,1,-0.0000,31.6689,1
VolatilityScaled,336,170.6274,1,-0.0000,31.6689,1
VolatilityScaled,337,169.8328,2,0.2070,31.8759,1
VolatilityScaled,338,169.4812,2,-0.1496,31.7264,1
VolatilityScaled,339,169.7347,2,0.3185,32.0448,1
VolatilityScaled,340,169.1942,2,0.4257,32.4706,1
VolatilityScaled,341,168.4738,2,-0.1000,32.3706,1
VolatilityScaled,342,168.6423,2,-0.0955,32.2751,1
VolatilityScaled,343,168.8033,2,0.2657,32.5408,1
VolatilityScaled,344,168.3548,2,0.2360,32.7768,1
VolatilityScaled,345,167.9574,2,-0.1101,32.6667,1
VolatilityScaled,346,168.1423,2,0.6949,33.3616,1
VolatilityScaled,347,166.9739,2,0.6453,34.0069,1
VolatilityScaled,348,165.8965,2,0.2848,34.2917,1
VolatilityScaled,349,165.4241,2,0.0271,34.3187,1
VolatilityScaled,350,165.3793,2,-0.2279,34.0908,1
VolatilityScaled,351,165.7562,2,-0.7780,33.3128,1
VolatilityScaled,352,167.0459,2,-0.4376,32.8752,1
VolatilityScaled,353,167.7769,2,0.0713,32.9465,1
VolatilityScaled,354,167.6573,2,0.0005,32.9470,1
VolatilityScaled,355,167.6564,2,0.4698,33.4168,1
VolatilityScaled,356,166.8687,2,-0.0233,33.3935,1
VolatilityScaled,357,166.9076,2,0.1073,33.5008,1
VolatilityScaled,358,166.7285,2,-0.1913,33.3095,1
VolatilityScaled,359,167.0474,2,0.3693,33.6788,1
VolatilityScaled,360,166.4305,2,-0.2951,33.3837,1
VolatilityScaled,361,166.9216,1,0.0000,33.3837,1
VolatilityScaled,362,168.1989,1,-0.0000,33.3837,1
VolatilityScaled,363,168.0991,1,0.0000,33.3837,1
VolatilityScaled,364,168.4127,1,0.0000,33.3837,1
VolatilityScaled,365,168.9414,1,-0.0000,33.3837,1
VolatilityScaled,366,168.5705,1,0.0000,33.3837,1
VolatilityScaled,367,168.7184,0,-0.0170,33.3668,1
VolatilityScaled,368,168.6898,0,0.0242,33.3910,1
VolatilityScaled,369,168.7306,0,-0.3898,33.0011,1
VolatilityScaled,370,168.0728,0,0.0078,33.0090,1
VolatilityScaled,371,168.0860,0,0.2328,33.2417,1
VolatilityScaled,372,168.4773,1,0.0000,33.2417,1
VolatilityScaled,373,169.6115,0,0.4033,33.6450,1
VolatilityScaled,374,170.2955,0,0.9424,34.5875,1
VolatilityScaled,375,171.9005,0,-0.4722,34.1153,1
VolatilityScaled,376,171.0888,0,0.3160,34.4312,1
VolatilityScaled,377,171.6294,0,-0.0219,34.4093,1
VolatilityScaled,378,171.5917,0,0.9146,35.3240,1
VolatilityScaled,379,173.1612,0,-0.5241,34.7999,1
VolatilityScaled,380,172.2537,0,-0.5151,34.2848,1
VolatilityScaled,381,171.3664,0,-0.3797,33.9051,1
VolatilityScaled,382,170.7157,0,-1.0765,32.8286,1
VolatilityScaled,383,168.8780,1,-0.0000,32.8286,1
VolatilityScaled,384,168.4107,1,-0.0000,32.8286,1
VolatilityScaled,385,167.7800,1,0.0000,32.8286,1
VolatilityScaled,386,167.9085,1,0.0000,32.8286,1
VolatilityScaled,387,168.1837,1,0.0000,32.8286,1
VolatilityScaled,388,169.6726,1,0.0000,32.8286,1
VolatilityScaled,389,170.3465,1,-0.0000,32.8286,1
VolatilityScaled,390,169.7648,0,-0.4770,32.3516,1
VolatilityScaled,391,168.9550,1,0.0000,32.3516,1
VolatilityScaled,392,169.2980,1,-0.0000,32.3516,1
VolatilityScaled,393,168.1741,1,0.0000,32.3516,1
VolatilityScaled,394,169.6277,1,0.0000,32.3516,1
VolatilityScaled,395,170.4871,1,-0.0000,32.3516,1
VolatilityScaled,396,169.9846,1,-0.0000,32.3516,1
VolatilityScaled,397,168.5120,2,-0.6259,31.7257,1
VolatilityScaled,398,169.5667,2,0.1019,31.8276,1
VolatilityScaled,399,169.3939,2,-0.5418,31.2858,1
VolatilityScaled,400,170.3116,2,0.8185,32.1043,1
VolatilityScaled,401,168.9177,2,0.3127,32.4170,1
VolatilityScaled,402,168.3895,2,0.0107,32.4278,1
VolatilityScaled,403,168.3714,1,0.0000,32.4278,1
VolatilityScaled,404,168.3876,1,-0.0000,32.4278,1
VolatilityScaled,405,168.0053,1,0.0000,32.4278,1
VolatilityScaled,406,168.5005,1,-0.0000,32.4278,1
VolatilityScaled,407,167.6186,1,-0.0000,32.4278,1
VolatilityScaled,408,167.5209,2,-0.0701,32.3577,1
VolatilityScaled,409,167.6383,2,-0.2546,32.1031,1
VolatilityScaled,410,168.0651,1,0.0000,32.1031,1
VolatilityScaled,411,168.6283,1,-0.0000,32.1031,1
VolatilityScaled,412,167.6944,1,-0.0000,32.1031,1
VolatilityScaled,413,166.4796,1,0.0000,32.1031,1
VolatilityScaled,414,167.5749,2,-0.1696,31.9334,1
VolatilityScaled,415,167.8592,2,0.3542,32.2876,1
VolatilityScaled,416,167.2646,2,-0.7622,31.5255,1
VolatilityScaled,417,168.5395,1,0.0000,31.5255,1
VolatilityScaled,418,168.6022,1,0.0000,31.5255,1
VolatilityScaled,419,169.5127,1,-0.0000,31.5255,1
VolatilityScaled,420,169.4883,1,0.0000,31.5255,1
VolatilityScaled,421,171.0597,0,0.7298,32.2553,1
VolatilityScaled,422,172.3081,0,-0.2422,32.0131,1
VolatilityScaled,423,171.8907,0,0.3374,32.3504,1
VolatilityScaled,424,172.4706,0,0.1681,32.5185,1
VolatilityScaled,425,172.7606,0,0.4944,33.0129,1
VolatilityScaled,426,173.6146,0,-0.6080,32.4050,1
VolatilityScaled,427,172.5592,0,0.1843,32.5893,1
VolatilityScaled,428,172.8772,0,0.3471,32.9364,1
VolatilityScaled,429,173.4773,0,-0.9705,31.9658,1
VolatilityScaled,430,171.7936,0,-0.6631,31.3028,1
VolatilityScaled,431,170.6545,0,-1.0354,30.2674,1
VolatilityScaled,432,168.8876,1,-0.0000,30.2674,1
VolatilityScaled,433,168.6248,0,0.3202,30.5876,1
VolatilityScaled,434,169.1648,1,0.0000,30.5876,1
VolatilityScaled,435,170.3056,0,-0.0345,30.5531,1
VolatilityScaled,436,170.2468,0,0.6977,31.2507,1
VolatilityScaled,437,171.4345,0,-0.7458,30.5049,1
VolatilityScaled,438,170.1559,1,-0.0000,30.5049,1
VolatilityScaled,439,168.6826,1,-0.0000,30.5049,1
VolatilityScaled,440,168.6012,1,0.0000,30.5049,1
VolatilityScaled,441,168.8756,2,0.0431,30.5480,1
VolatilityScaled,442,168.8028,2,1.0053,31.5532,1
VolatilityScaled,443,167.1059,2,0.0176,31.5708,1
VolatilityScaled,444,167.0765,2,0.5987,32.1695,1
VolatilityScaled,445,166.0763,2,-0.3788,31.7907,1
VolatilityScaled,446,166.7054,2,-0.2131,31.5776,1
VolatilityScaled,447,167.0606,2,0.4237,32.0013,1
VolatilityScaled,448,166.3528,2,0.1993,32.2006,1
VolatilityScaled,449,166.0213,2,0.4525,32.6531,1
VolatilityScaled,450,165.2700,2,-0.0505,32.6025,1
VolatilityScaled,451,165.3536,2,-0.5404,32.0621,1
VolatilityScaled,452,166.2472,2,0.4233,32.4854,1
VolatilityScaled,453,165.5434,2,-0.3161,32.1693,1
VolatilityScaled,454,166.0667,2,0.1989,32.3683,1
VolatilityScaled,455,165.7363,2,0.3161,32.6844,1
VolatilityScaled,456,165.2124,2,-0.0308,32.6536,1
VolatilityScaled,457,165.2633,2,0.4200,33.0736,1
VolatilityScaled,458,164.5691,2,0.1666,33.2402,1
VolatilityScaled,459,164.2949,2,0.4722,33.7125,1
VolatilityScaled,460,163.5191,2,-1.0965,32.6160,1
VolatilityScaled,461,165.3121,2,-0.0967,32.5193,1
VolatilityScaled,462,165.4719,2,0.2636,32.7829,1
VolatilityScaled,463,165.0357,2,-0.1918,32.5911,1
VolatilityScaled,464,165.3522,2,-0.0240,32.5671,1
VolatilityScaled,465,165.3919,1,-0.0000,32.5671,1
VolatilityScaled,466,165.3428,1,0.0000,32.5671,1
VolatilityScaled,467,165.9641,1,0.0000,32.5671,1
VolatilityScaled,468,166.6691,1,-0.0000,32.5671,1
VolatilityScaled,469,166.3084,1,-0.0000,32.5671,1
VolatilityScaled,470,165.9295,1,-0.0000,32.5671,1
VolatilityScaled,471,165.8102,1,-0.0000,32.5671,1
VolatilityScaled,472,164.0753,2,0.6209,33.1880,1
VolatilityScaled,473,163.0566,2,-0.8205,32.3675,1
VolatilityScaled,474,164.3944,1,0.0000,32.3675,1
VolatilityScaled,475,165.8879,1,-0.0000,32.3675,1
VolatilityScaled,476,165.7914,1,0.0000,32.3675,1
VolatilityScaled,477,166.3603,1,0.0000,32.3675,1
VolatilityScaled,478,166.6885,0,1.5153,33.8828,1
VolatilityScaled,479,169.2143,0,0.4918,34.3746,1
VolatilityScaled,480,170.0464,0,-0.1220,34.2525,1
VolatilityScaled,481,169.8390,0,-0.5059,33.7467,1
VolatilityScaled,482,168.9798,0,-0.7912,32.9555,1
VolatilityScaled,483,167.6428,0,0.1061,33.0615,1
VolatilityScaled,484,167.8206,0,-0.3569,32.7046,1
VolatilityScaled,485,167.2217,0,-0.6588,32.0458,1
VolatilityScaled,486,166.1200,1,-0.0000,32.0458,1
VolatilityScaled,487,165.6939,1,-0.0000,32.0458,1
VolatilityScaled,488,164.9411,2,-0.9093,31.1365,1
VolatilityScaled,489,166.4410,1,0.0000,31.1365,1
VolatilityScaled,490,167.2214,1,0.0000,31.1365,1
VolatilityScaled,491,167.2512,1,0.0000,31.1365,1
VolatilityScaled,492,168.4697,0,0.0211,31.1576,1
VolatilityScaled,493,168.5053,0,-0.4256,30.7320,1
VolatilityScaled,494,167.7882,0,0.7308,31.4629,1
VolatilityScaled,495,169.0145,0,0.2234,31.6863,1
VolatilityScaled,496,169.3921,0,-0.5326,31.1537,1
VolatilityScaled,497,168.4898,0,-0.1066,31.0471,1
VolatilityScaled,498,168.3103,0,-0.4271,30.6200,1
VolatilityScaled,499,167.5914,1,-0.0000,30.6200,1
VolatilityScaled,500,166.5028,2,-0.4883,30.1317,1
VolatilityScaled,501,167.3158,2,-0.9317,29.2000,1
VolatilityScaled,502,168.8747,1,-0.0000,29.2000,1
VolatilityScaled,503,167.7093,1,0.0000,29.2000,1
VolatilityScaled,504,168.1714,1,-0.0000,29.2000,1
VolatilityScaled,505,167.6395,1,-0.0000,29.2000,1
VolatilityScaled,506,167.2650,1,-0.0000,29.2000,1
VolatilityScaled,507,166.8250,1,-0.0000,29.2000,1
VolatilityScaled,508,166.1897,1,0.0000,29.2000,1
VolatilityScaled,509,166.3163,1,-0.0000,29.2000,1
VolatilityScaled,510,165.7329,1,0.0000,29.2000,1
VolatilityScaled,511,166.0598,1,0.0000,29.2000,1
VolatilityScaled,512,166.1138,2,0.0600,29.2600,1
VolatilityScaled,513,166.0141,2,0.3792,29.6392,1
VolatilityScaled,514,165.3845,2,0.2016,29.8409,1
VolatilityScaled,515,165.0511,2,-0.4538,29.3871,1
VolatilityScaled,516,165.8000,2,-0.3063,29.0808,1
VolatilityScaled,517,166.3079,2,0.4211,29.5018,1
VolatilityScaled,518,165.6077,2,-0.1185,29.3833,1
VolatilityScaled,519,165.8039,2,-0.4271,28.9562,1
VolatilityScaled,520,166.5120,1,-0.0000,28.9562,1
VolatilityScaled,521,165.2481,2,-0.3446,28.6116,1
VolatilityScaled,522,165.8175,2,0.2556,28.8672,1
VolatilityScaled,523,165.3937,2,-0.3531,28.5141,1
VolatilityScaled,524,165.9777,2,0.3087,28.8228,1
VolatilityScaled,525,165.4654,2,0.7977,29.6205,1
VolatilityScaled,526,164.1454,2,0.6775,30.2981,1
VolatilityScaled,527,163.0333,2,-0.1742,30.1239,1
VolatilityScaled,528,163.3173,2,-0.2689,29.8550,1
VolatilityScaled,529,163.7564,2,0.3139,30.1689,1
VolatilityScaled,530,163.2423,2,-0.4570,29.7120,1
VolatilityScaled,531,163.9882,2,0.6900,30.4019,1
VolatilityScaled,532,162.8568,2,-0.1237,30.2782,1
VolatilityScaled,533,163.0582,2,0.4443,30.7226,1
VolatilityScaled,534,162.3337,2,0.1484,30.8710,1
VolatilityScaled,535,162.0927,2,-0.2039,30.6672,1
VolatilityScaled,536,162.4232,2,0.2538,30.9210,1
VolatilityScaled,537,162.0109,2,0.0068,30.9278,1
VolatilityScaled,538,161.9999,2,-0.6804,30.2474,1
VolatilityScaled,539,163.1021,2,0.1345,30.3820,1
VolatilityScaled,540,162.8827,2,-0.5658,29.8161,1
VolatilityScaled,541,163.8043,1,-0.0000,29.8161,1
VolatilityScaled,542,163.1075,2,-0.4081,29.4080,1
VolatilityScaled,543,163.7731,1,0.0000,29.4080,1
VolatilityScaled,544,165.1349,1,-0.0000,29.4080,1
VolatilityScaled,545,163.2980,2,0.2482,29.6562,1
VolatilityScaled,546,162.8928,1,0.0000,29.6562,1
VolatilityScaled,547,163.6070,1,0.0000,29.6562,1
VolatilityScaled,548,163.6614,1,0.0000,29.6562,1
VolatilityScaled,549,164.1724,1,-0.0000,29.6562,1
VolatilityScaled,550,163.8778,1,0.0000,29.6562,1
VolatilityScaled,551,164.1503,1,0.0000,29.6562,1
VolatilityScaled,552,164.2155,1,0.0000,29.6562,1
VolatilityScaled,553,165.3361,0,0.2020,29.8582,1
VolatilityScaled,554,165.6700,0,0.2316,30.0898,1
VolatilityScaled,555,166.0538,0,-0.1415,29.9483,1
VolatilityScaled,556,165.8188,0,-0.1712,29.7771,1
VolatilityScaled,557,165.5349,0,-0.1363,29.6408,1
VolatilityScaled,558,165.3093,0,0.2706,29.9114,1
VolatilityScaled,559,165.7566,0,-0.1372,29.7742,1
VolatilityScaled,560,165.5291,0,0.2130,29.9871,1
VolatilityScaled,561,165.8817,0,1.0631,31.0502,1
VolatilityScaled,562,167.6451,0,0.4246,31.4748,1
VolatilityScaled,563,168.3569,0,-0.1672,31.3076,1
VolatilityScaled,564,168.0754,0,0.5678,31.8754,1
VolatilityScaled,565,169.0298,0,-0.2253,31.6502,1
VolatilityScaled,566,168.6490,0,-0.9877,30.6625,1
VolatilityScaled,567,166.9833,0,-0.4542,30.2082,1
VolatilityScaled,568,166.2248,0,-0.8487,29.3596,1
VolatilityScaled,569,164.8141,1,-0.0000,29.3596,1
VolatilityScaled,570,164.6894,1,0.0000,29.3596,1
VolatilityScaled,571,164.8668,1,0.0000,29.3596,1
VolatilityScaled,572,166.3618,0,0.2048,29.5643,1
VolatilityScaled,573,166.7025,1,-0.0000,29.5643,1
VolatilityScaled,574,166.5892,1,0.0000,29.5643,1
VolatilityScaled,575,167.3205,1,-0.0000,29.5643,1
VolatilityScaled,576,165.5827,1,0.0000,29.5643,1
VolatilityScaled,577,165.8893,1,0.0000,29.5643,1
VolatilityScaled,578,166.6087,1,-0.0000,29.5643,1
VolatilityScaled,579,165.4925,1,0.0000,29.5643,1
VolatilityScaled,580,166.5301,1,0.0000,29.5643,1
VolatilityScaled,581,166.8716,1,-0.0000,29.5643,1
VolatilityScaled,582,166.5929,1,0.0000,29.5643,1
VolatilityScaled,583,167.1667,1,0.0000,29.5643,1
VolatilityScaled,584,169.0221,1,0.0000,29.5643,1
VolatilityScaled,585,169.1137,1,0.0000,29.5643,1
VolatilityScaled,586,169.2537,1,-0.0000,29.5643,1
VolatilityScaled,587,168.8208,0,-0.4287,29.1356,1
VolatilityScaled,588,168.0970,0,0.3906,29.5262,1
VolatilityScaled,589,168.7536,0,-0.4298,29.0964,1
VolatilityScaled,590,168.0283,0,0.0316,29.1280,1
VolatilityScaled,591,168.0813,0,-0.2314,28.8965,1
VolatilityScaled,592,167.6923,1,0.0000,28.8965,1
VolatilityScaled,593,168.0880,1,0.0000,28.8965,1
VolatilityScaled,594,168.3477,0,0.4810,29.3776,1
VolatilityScaled,595,169.1575,0,-0.2771,29.1005,1
VolatilityScaled,596,168.6888,0,-0.1501,28.9504,1
VolatilityScaled,597,168.4357,0,-0.4795,28.4709,1
VolatilityScaled,598,167.6281,1,-0.0000,28.4709,1
VolatilityScaled,599,167.2884,0,0.2000,28.6709,1
VolatilityScaled,600,167.6230,1,0.0000,28.6709,1
VolatilityScaled,601,168.2446,1,-0.0000,28.6709,1
VolatilityScaled,602,167.4918,1,0.0000,28.6709,1
VolatilityScaled,603,168.2101,1,0.0000,28.6709,1
VolatilityScaled,604,169.2813,1,0.0000,28.6709,1
VolatilityScaled,605,169.5452,1,0.0000,28.6709,1
VolatilityScaled,606,170.9665,0,-0.4505,28.2204,1
VolatilityScaled,607,170.1963,1,-0.0000,28.2204,1
VolatilityScaled,608,169.0880,1,-0.0000,28.2204,1
VolatilityScaled,609,167.6078,1,0.0000,28.2204,1
VolatilityScaled,610,168.8214,1,0.0000,28.2204,1
VolatilityScaled,611,169.3010,1,-0.0000,28.2204,1
VolatilityScaled,612,169.1887,1,0.0000,28.2204,1
VolatilityScaled,613,169.3504,1,-0.0000,28.2204,1
VolatilityScaled,614,168.3797,1,0.0000,28.2204,1
VolatilityScaled,615,170.3145,1,-0.0000,28.2204,1
VolatilityScaled,616,170.2993,1,-0.0000,28.2204,1
VolatilityScaled,617,170.2690,0,0.2727,28.4932,1
VolatilityScaled,618,170.7334,0,0.1437,28.6368,1
VolatilityScaled,619,170.9787,0,0.0160,28.6528,1
VolatilityScaled,620,171.0060,0,-0.4593,28.1935,1
VolatilityScaled,621,170.2205,0,0.1547,28.3482,1
VolatilityScaled,622,170.4839,0,0.8086,29.1568,1
VolatilityScaled,623,171.8625,0,0.5123,29.6691,1
VolatilityScaled,624,172.7429,0,0.5989,30.2680,1
VolatilityScaled,625,173.7775,0,-0.4032,29.8648,1
VolatilityScaled,626,173.0768,0,-0.6057,29.2591,1
VolatilityScaled,627,172.0285,0,-0.1772,29.0819,1
VolatilityScaled,628,171.7236,0,-0.0841,28.9978,1
VolatilityScaled,629,171.5792,0,0.4042,29.4020,1
VolatilityScaled,630,172.2727,0,-0.9116,28.4904,1
VolatilityScaled,631,170.7023,1,0.0000,28.4904,1
VolatilityScaled,632,171.7880,0,-0.1855,28.3050,1
VolatilityScaled,633,171.4694,0,-0.3020,28.0030,1
VolatilityScaled,634,170.9516,0,-0.5616,27.4414,1
VolatilityScaled,635,169.9915,1,-0.0000,27.4414,1
VolatilityScaled,636,168.5652,1,0.0000,27.4414,1
VolatilityScaled,637,169.1927,1,-0.0000,27.4414,1
VolatilityScaled,638,169.1889,1,-0.0000,27.4414,1
VolatilityScaled,639,168.0947,2,0.6208,28.0622,1
VolatilityScaled,640,167.0510,2,0.1341,28.1963,1
VolatilityScaled,641,166.8270,2,-0.8338,27.3625,1
VolatilityScaled,642,168.2181,2,0.1316,27.4941,1
VolatilityScaled,643,167.9967,2,0.7174,28.2115,1
VolatilityScaled,644,166.7915,2,0.0833,28.2948,1
VolatilityScaled,645,166.6525,2,0.0922,28.3870,1
VolatilityScaled,646,166.4989,2,1.2524,29.6394,1
VolatilityScaled,647,164.4136,2,-0.0809,29.5585,1
VolatilityScaled,648,164.5467,2,0.0091,29.5675,1
VolatilityScaled,649,164.5318,2,-0.4422,29.1253,1
VolatilityScaled,650,165.2593,2,-0.9763,28.1491,1
VolatilityScaled,651,166.8727,2,-0.5722,27.5769,1
VolatilityScaled,652,167.8275,2,0.1247,27.7016,1
VolatilityScaled,653,167.6182,2,0.5184,28.2200,1
VolatilityScaled,654,166.7493,2,-1.2704,26.9496,1
VolatilityScaled,655,168.8677,1,0.0000,26.9496,1
VolatilityScaled,656,168.8688,1,-0.0000,26.9496,1
VolatilityScaled,657,168.8337,1,-0.0000,26.9496,1
VolatilityScaled,658,168.7699,1,0.0000,26.9496,1
VolatilityScaled,659,168.8871,1,-0.0000,26.9496,1
VolatilityScaled,660,168.7244,0,-0.2951,26.6545,1
VolatilityScaled,661,168.2264,1,-0.0000,26.6545,1
VolatilityScaled,662,167.7748,1,-0.0000,26.6545,1
VolatilityScaled,663,167.7570,1,-0.0000,26.6545,1
VolatilityScaled,664,167.3316,1,-0.0000,26.6545,1
VolatilityScaled,665,166.7920,1,0.0000,26.6545,1
VolatilityScaled,666,166.9347,1,-0.0000,26.6545,1
VolatilityScaled,667,166.7811,0,0.7563,27.4107,1
VolatilityScaled,668,168.0425,0,-1.2650,26.1458,1
VolatilityScaled,669,165.9167,1,0.0000,26.1458,1
VolatilityScaled,670,166.8913,0,0.6288,26.7746,1
VolatilityScaled,671,167.9408,1,-0.0000,26.7746,1
VolatilityScaled,672,166.2822,1,-0.0000,26.7746,1
VolatilityScaled,673,166.0911,1,-0.0000,26.7746,1
VolatilityScaled,674,165.8866,1,-0.0000,26.7746,1
VolatilityScaled,675,164.8634,2,0.2840,27.0586,1
VolatilityScaled,676,164.3952,2,0.4325,27.4911,1
VolatilityScaled,677,163.6842,2,-0.9865,26.5046,1
VolatilityScaled,678,165.2989,2,-0.5328,25.9718,1
VolatilityScaled,679,166.1797,2,-0.6652,25.3066,1
VolatilityScaled,680,167.2852,1,0.0000,25.3066,1
VolatilityScaled,681,167.8954,1,-0.0000,25.3066,1
VolatilityScaled,682,166.9946,1,-0.0000,25.3066,1
VolatilityScaled,683,166.6224,1,0.0000,25.3066,1
VolatilityScaled,684,167.0800,1,-0.0000,25.3066,1
VolatilityScaled,685,166.1455,1,0.0000,25.3066,1
VolatilityScaled,686,166.8058,1,-0.0000,25.3066,1
VolatilityScaled,687,166.6704,1,-0.0000,25.3066,1
VolatilityScaled,688,166.4342,1,0.0000,25.3066,1
VolatilityScaled,689,167.0784,1,0.0000,25.3066,1
VolatilityScaled,690,167.4771,1,-0.0000,25.3066,1
VolatilityScaled,691,167.2117,1,0.0000,25.3066,1
VolatilityScaled,692,168.1757,0,-0.5212,24.7854,1
VolatilityScaled,693,167.2993,1,0.0000,24.7854,1
VolatilityScaled,694,167.8242,0,0.2863,25.0717,1
VolatilityScaled,695,168.3047,0,-0.1579,24.9138,1
VolatilityScaled,696,168.0390,0,0.1524,25.0663,1
VolatilityScaled,697,168.2951,0,-0.6052,24.4611,1
VolatilityScaled,698,167.2767,0,0.4619,24.9229,1
VolatilityScaled,699,168.0492,0,-0.0912,24.8318,1
VolatilityScaled,700,167.8960,1,-0.0000,24.8318,1
VolatilityScaled,701,165.9941,2,-1.6948,23.1370,2
VolatilityScaled,702,168.8074,0,-1.4494,21.6875,2
VolatilityScaled,703,166.3607,1,-0.0000,21.6875,2
VolatilityScaled,704,161.8015,2,3.0924,24.7800,2
VolatilityScaled,705,156.7979,2,-0.9466,23.8333,2
VolatilityScaled,706,158.2822,1,-0.0000,23.8333,2
VolatilityScaled,707,154.1072,1,0.0000,23.8333,2
VolatilityScaled,708,159.0378,1,-0.0000,23.8333,2
VolatilityScaled,709,152.4583,1,0.0000,23.8333,2
VolatilityScaled,710,157.2140,1,0.0000,23.8333,2
VolatilityScaled,711,157.5133,1,-0.0000,23.8333,2
VolatilityScaled,712,156.8894,1,-0.0000,23.8333,2
VolatilityScaled,713,154.9209,1,0.0000,23.8333,2
VolatilityScaled,714,155.7846,1,-0.0000,23.8333,2
VolatilityScaled,715,155.3380,1,0.0000,23.8333,2
VolatilityScaled,716,158.3141,1,0.0000,23.8333,2
VolatilityScaled,717,158.3231,1,0.0000,23.8333,2
VolatilityScaled,718,158.4403,1,-0.0000,23.8333,2
VolatilityScaled,719,157.0157,1,-0.0000,23.8333,2
VolatilityScaled,720,156.5111,1,0.0000,23.8333,2
VolatilityScaled,721,157.1008,1,-0.0000,23.8333,2
VolatilityScaled,722,151.6365,1,-0.0000,23.8333,2
VolatilityScaled,723,147.2583,1,0.0000,23.8333,2
VolatilityScaled,724,149.1543,1,0.0000,23.8333,2
VolatilityScaled,725,149.3332,1,-0.0000,23.8333,2
VolatilityScaled,726,148.4475,1,-0.0000,23.8333,2
VolatilityScaled,727,148.1691,1,0.0000,23.8333,2
VolatilityScaled,728,148.8781,1,-0.0000,23.8333,2
VolatilityScaled,729,146.9251,1,-0.0000,23.8333,2
VolatilityScaled,730,144.2564,1,0.0000,23.8333,2
VolatilityScaled,731,144.5102,1,-0.0000,23.8333,2
VolatilityScaled,732,141.2414,1,0.0000,23.8333,2
VolatilityScaled,733,142.1324,1,-0.0000,23.8333,2
VolatilityScaled,734,136.6909,1,0.0000,23.8333,2
VolatilityScaled,735,139.4447,1,0.0000,23.8333,2
VolatilityScaled,736,140.5287,1,0.0000,23.8333,2
VolatilityScaled,737,140.9631,1,0.0000,23.8333,2
VolatilityScaled,738,143.5774,1,0.0000,23.8333,2
VolatilityScaled,739,148.2401,1,0.0000,23.8333,2
VolatilityScaled,740,150.9495,1,-0.0000,23.8333,2
VolatilityScaled,741,145.0931,1,-0.0000,23.8333,2
VolatilityScaled,742,140.9207,1,-0.0000,23.8333,2
VolatilityScaled,743,138.7125,1,-0.0000,23.8333,2
VolatilityScaled,744,138.4570,1,0.0000,23.8333,2
VolatilityScaled,745,139.6763,1,-0.0000,23.8333,2
VolatilityScaled,746,137.1653,1,0.0000,23.8333,2
VolatilityScaled,747,137.3919,1,-0.0000,23.8333,2
VolatilityScaled,748,134.7920,1,-0.0000,23.8333,2
VolatilityScaled,749,132.6237,1,-0.0000,23.8333,2
VolatilityScaled,750,128.0700,1,-0.0000,23.8333,2
VolatilityScaled,751,124.9665,1,-0.0000,23.8333,2
VolatilityScaled,752,120.5778,1,-0.0000,23.8333,2
VolatilityScaled,753,117.3164,1,0.0000,23.8333,2
VolatilityScaled,754,120.1436,1,-0.0000,23.8333,2
VolatilityScaled,755,116.9617,1,0.0000,23.8333,2
VolatilityScaled,756,124.5251,1,0.0000,23.8333,2
VolatilityScaled,757,125.6713,1,0.0000,23.8333,2
VolatilityScaled,758,125.8921,1,-0.0000,23.8333,2
VolatilityScaled,759,122.9833,1,0.0000,23.8333,2
VolatilityScaled,760,124.7505,1,-0.0000,23.8333,2
VolatilityScaled,761,122.6898,1,0.0000,23.8333,2
VolatilityScaled,762,122.7221,1,0.0000,23.8333,2
VolatilityScaled,763,130.0686,1,-0.0000,23.8333,2
VolatilityScaled,764,129.4467,1,0.0000,23.8333,2
VolatilityScaled,765,132.5608,1,-0.0000,23.8333,2
VolatilityScaled,766,130.1175,1,-0.0000,23.8333,2
VolatilityScaled,767,129.6789,1,0.0000,23.8333,2
VolatilityScaled,768,134.6575,1,-0.0000,23.8333,2
VolatilityScaled,769,132.4429,1,0.0000,23.8333,2
VolatilityScaled,770,137.5465,1,0.0000,23.8333,2
VolatilityScaled,771,139.3360,1,-0.0000,23.8333,2
VolatilityScaled,772,137.3149,1,0.0000,23.8333,2
VolatilityScaled,773,138.8784,1,0.0000,23.8333,2
VolatilityScaled,774,141.4623,1,0.0000,23.8333,2
VolatilityScaled,775,142.9940,1,-0.0000,23.8333,2
VolatilityScaled,776,137.9496,1,-0.0000,23.8333,2
VolatilityScaled,777,135.4345,1,-0.0000,23.8333,2
VolatilityScaled,778,134.3582,1,-0.0000,23.8333,2
VolatilityScaled,779,133.8011,1,0.0000,23.8333,2
VolatilityScaled,780,135.3294,1,0.0000,23.8333,2
VolatilityScaled,781,135.5288,1,-0.0000,23.8333,2
VolatilityScaled,782,131.1890,1,0.0000,23.8333,2
VolatilityScaled,783,131.9959,1,0.0000,23.8333,2
VolatilityScaled,784,133.4939,1,0.0000,23.8333,2
VolatilityScaled,785,134.8395,1,0.0000,23.8333,2
VolatilityScaled,786,137.7482,1,0.0000,23.8333,2
VolatilityScaled,787,139.9162,1,0.0000,23.8333,2
VolatilityScaled,788,140.9600,1,-0.0000,23.8333,2
VolatilityScaled,789,140.4158,1,-0.0000,23.8333,2
VolatilityScaled,790,135.0992,1,0.0000,23.8333,2
VolatilityScaled,791,136.0543,1,0.0000,23.8333,2
VolatilityScaled,792,136.3436,1,0.0000,23.8333,2
VolatilityScaled,793,136.8246,1,-0.0000,23.8333,2
VolatilityScaled,794,132.6606,1,-0.0000,23.8333,2
VolatilityScaled,795,129.0837,1,0.0000,23.8333,2
VolatilityScaled,796,131.9095,1,-0.0000,23.8333,2
VolatilityScaled,797,131.4571,1,0.0000,23.8333,2
VolatilityScaled,798,133.1678,1,-0.0000,23.8333,2
VolatilityScaled,799,132.9190,1,-0.0000,23.8333,2
VolatilityScaled,800,132.6746,1,0.0000,23.8333,2
VolatilityScaled,801,135.1557,1,-0.0000,23.8333,2
VolatilityScaled,802,133.2738,1,-0.0000,23.8333,2
VolatilityScaled,803,133.2285,1,-0.0000,23.8333,2
VolatilityScaled,804,131.5079,1,-0.0000,23.8333,2
VolatilityScaled,805,129.8707,1,-0.0000,23.8333,2
VolatilityScaled,806,128.6094,1,0.0000,23.8333,2
VolatilityScaled,807,128.9421,1,-0.0000,23.8333,2
VolatilityScaled,808,127.1721,1,0.0000,23.8333,2
VolatilityScaled,809,130.6057,1,-0.0000,23.8333,2
VolatilityScaled,810,127.5881,1,-0.0000,23.8333,2
VolatilityScaled,811,126.6938,1,-0.0000,23.8333,2
VolatilityScaled,812,125.0408,1,0.0000,23.8333,2
VolatilityScaled,813,129.0480,1,0.0000,23.8333,2
VolatilityScaled,814,129.3040,1,0.0000,23.8333,2
VolatilityScaled,815,132.0658,1,-0.0000,23.8333,2
VolatilityScaled,816,127.2754,1,0.0000,23.8333,2
VolatilityScaled,817,127.7428,1,0.0000,23.8333,2
VolatilityScaled,818,130.0779,1,-0.0000,23.8333,2
VolatilityScaled,819,129.9910,1,0.0000,23.8333,2
VolatilityScaled,820,132.8538,1,-0.0000,23.8333,2
VolatilityScaled,821,130.9682,1,0.0000,23.8333,2
VolatilityScaled,822,134.8625,1,0.0000,23.8333,2
VolatilityScaled,823,141.4254,1,-0.0000,23.8333,2
VolatilityScaled,824,140.0032,1,-0.0000,23.8333,2
VolatilityScaled,825,138.3329,1,0.0000,23.8333,2
VolatilityScaled,826,142.3594,1,0.0000,23.8333,2
VolatilityScaled,827,146.7643,1,-0.0000,23.8333,2
VolatilityScaled,828,144.8620,1,-0.0000,23.8333,2
VolatilityScaled,829,143.2677,1,-0.0000,23.8333,2
VolatilityScaled,830,142.0887,1,-0.0000,23.8333,2
VolatilityScaled,831,137.7216,1,-0.0000,23.8333,2
VolatilityScaled,832,134.6319,1,-0.0000,23.8333,2
VolatilityScaled,833,131.2857,1,-0.0000,23.8333,2
VolatilityScaled,834,128.6486,1,-0.0000,23.8333,2
VolatilityScaled,835,128.2108,1,0.0000,23.8333,2
VolatilityScaled,836,128.5797,1,0.0000,23.8333,2
VolatilityScaled,837,132.8975,1,-0.0000,23.8333,2
VolatilityScaled,838,129.5687,1,0.0000,23.8333,2
VolatilityScaled,839,132.1879,1,-0.0000,23.8333,2
VolatilityScaled,840,131.2122,1,-0.0000,23.8333,2
VolatilityScaled,841,130.7301,1,0.0000,23.8333,2
VolatilityScaled,842,132.4208,1,-0.0000,23.8333,2
VolatilityScaled,843,128.7189,1,0.0000,23.8333,2
VolatilityScaled,844,129.5324,1,0.0000,23.8333,2
VolatilityScaled,845,129.6981,1,0.0000,23.8333,2
VolatilityScaled,846,130.8417,1,0.0000,23.8333,2
VolatilityScaled,847,131.3754,1,0.0000,23.8333,2
VolatilityScaled,848,138.4076,1,-0.0000,23.8333,2
VolatilityScaled,849,136.1607,1,-0.0000,23.8333,2
VolatilityScaled,850,134.2339,1,-0.0000,23.8333,2
VolatilityScaled,851,132.0308,1,-0.0000,23.8333,2
VolatilityScaled,852,130.0306,1,-0.0000,23.8333,2
VolatilityScaled,853,127.7847,1,0.0000,23.8333,2
VolatilityScaled,854,131.0180,1,0.0000,23.8333,2
VolatilityScaled,855,134.9458,1,-0.0000,23.8333,2
VolatilityScaled,856,132.8999,1,-0.0000,23.8333,2
VolatilityScaled,857,130.0691,1,0.0000,23.8333,2
VolatilityScaled,858,131.1496,1,-0.0000,23.8333,2
VolatilityScaled,859,129.1592,1,0.0000,23.8333,2
VolatilityScaled,860,130.7242,1,0.0000,23.8333,2
VolatilityScaled,861,130.9993,1,-0.0000,23.8333,2
VolatilityScaled,862,126.1183,1,0.0000,23.8333,2
VolatilityScaled,863,130.4271,1,0.0000,23.8333,2
VolatilityScaled,864,135.4810,1,-0.0000,23.8333,2
VolatilityScaled,865,133.3089,1,-0.0000,23.8333,2
VolatilityScaled,866,131.8120,1,0.0000,23.8333,2
VolatilityScaled,867,132.3359,1,0.0000,23.8333,2
VolatilityScaled,868,133.0055,1,0.0000,23.8333,2
VolatilityScaled,869,134.6474,1,0.0000,23.8333,2
VolatilityScaled,870,140.3443,1,-0.0000,23.8333,2
VolatilityScaled,871,139.4798,1,-0.0000,23.8333,2
VolatilityScaled,872,136.7511,1,-0.0000,23.8333,2
VolatilityScaled,873,132.2794,1,-0.0000,23.8333,2
VolatilityScaled,874,129.7529,1,-0.0000,23.8333,2
VolatilityScaled,875,129.3198,1,0.0000,23.8333,2
VolatilityScaled,876,134.3697,1,-0.0000,23.8333,2
VolatilityScaled,877,132.4832,1,0.0000,23.8333,2
VolatilityScaled,878,132.8208,1,-0.0000,23.8333,2
VolatilityScaled,879,132.4378,1,0.0000,23.8333,2
VolatilityScaled,880,135.6693,1,0.0000,23.8333,2
VolatilityScaled,881,142.9163,1,-0.0000,23.8333,2
VolatilityScaled,882,140.9900,1,-0.0000,23.8333,2
VolatilityScaled,883,139.1879,1,0.0000,23.8333,2
VolatilityScaled,884,141.9867,1,0.0000,23.8333,2
VolatilityScaled,885,143.6986,1,0.0000,23.8333,2
VolatilityScaled,886,148.9050,1,0.0000,23.8333,2
VolatilityScaled,887,150.3231,1,-0.0000,23.8333,2
VolatilityScaled,888,148.9115,1,0.0000,23.8333,2
VolatilityScaled,889,150.3497,1,0.0000,23.8333,2
VolatilityScaled,890,153.3421,1,0.0000,23.8333,2
VolatilityScaled,891,155.4698,1,0.0000,23.8333,2
VolatilityScaled,892,156.6579,1,0.0000,23.8333,2
VolatilityScaled,893,159.5242,1,0.0000,23.8333,2
VolatilityScaled,894,162.6983,1,0.0000,23.8333,2
VolatilityScaled,895,166.5111,1,0.0000,23.8333,2
VolatilityScaled,896,168.1235,1,-0.0000,23.8333,2
VolatilityScaled,897,167.2884,1,0.0000,23.8333,2
VolatilityScaled,898,167.3948,1,0.0000,23.8333,2
VolatilityScaled,899,170.6806,1,-0.0000,23.8333,2
